{
  "candidate_comparison": [
    {
      "acceptance_fraction": 0.0517578125,
      "angle_active_ci95_high": 0.0,
      "angle_active_ci95_low": 0.0,
      "angle_active_delta": 0.0,
      "angle_active_molecules": 339,
      "angle_active_records": 576,
      "angle_delta": 0.0,
      "bond_delta": -0.0012375054666335927,
      "candidate": "A0",
      "checkpoint_sha256": "738a84dfabf8e9460e2b55608ffda2109197825018d732fce225c969263048b5",
      "clash_active_records": 1,
      "clash_delta": 0.0,
      "cov_p_delta": 0.0,
      "cov_r_delta": 0.0,
      "failure_rate": 0.0,
      "gradient_norm_logged_max": 28.05668830871582,
      "gradient_norm_logged_median": 2.944907665252685,
      "mat_p_delta": 4.6048808144405484e-07,
      "mat_r_delta": 3.551831468939781e-07,
      "mean_displacement": 2.8906368932518633e-06,
      "molecules": 512,
      "records": 1024,
      "ring_delta": 0.0,
      "rmsd_delta": 4.6083005145192146e-07,
      "rollback_fraction": 0.9482421875,
      "runtime_seconds": 363.9070000000065,
      "steps": 1000,
      "weighted_bac_delta": -0.0013051783324442567
    },
    {
      "acceptance_fraction": 0.0244140625,
      "angle_active_ci95_high": 0.0,
      "angle_active_ci95_low": 0.0,
      "angle_active_delta": 0.0,
      "angle_active_molecules": 339,
      "angle_active_records": 576,
      "angle_delta": 0.0,
      "bond_delta": -0.0006006784697092371,
      "candidate": "D0",
      "checkpoint_sha256": "ceedbc58d14b4f29529e852696dc4659d8d8b1e160dae296f842a86fc2317bba",
      "clash_active_records": 1,
      "clash_delta": 0.0,
      "cov_p_delta": 0.0,
      "cov_r_delta": 0.0,
      "failure_rate": 0.0,
      "gradient_norm_logged_max": 36.5225944519043,
      "gradient_norm_logged_median": 5.974885940551758,
      "mat_p_delta": 2.1711457520723343e-08,
      "mat_r_delta": -9.19681042432785e-09,
      "mean_displacement": 1.370984973117495e-06,
      "molecules": 512,
      "records": 1024,
      "ring_delta": 0.0,
      "rmsd_delta": 2.2584572434425354e-08,
      "rollback_fraction": 0.9755859375,
      "runtime_seconds": 866.2969999999914,
      "steps": 1000,
      "weighted_bac_delta": -0.0006218630531975577
    },
    {
      "acceptance_fraction": 0.97265625,
      "angle_active_ci95_high": -0.0038731580331940814,
      "angle_active_ci95_low": -0.005235359474609999,
      "angle_active_delta": -0.004497660657770074,
      "angle_active_molecules": 339,
      "angle_active_records": 576,
      "angle_delta": -0.0023325831134570763,
      "bond_delta": -0.09156972821347154,
      "candidate": "D1",
      "checkpoint_sha256": "9348744817ef7eec6d9d682dd95a35f0be86f0565b6dd060e8d5fe54e609e426",
      "clash_active_records": 1,
      "clash_delta": -8.624567726656096e-11,
      "cov_p_delta": 0.0,
      "cov_r_delta": 0.0,
      "failure_rate": 0.0,
      "gradient_norm_logged_max": 141.668212890625,
      "gradient_norm_logged_median": 11.900179862976074,
      "mat_p_delta": 0.0004113229297217913,
      "mat_r_delta": 0.0007191404620243702,
      "mean_displacement": 0.006701364111253216,
      "molecules": 512,
      "records": 1024,
      "ring_delta": -0.008831042290694313,
      "rmsd_delta": 0.00041132526985165896,
      "rollback_fraction": 0.02734375,
      "runtime_seconds": 867.9379999999946,
      "steps": 1000,
      "weighted_bac_delta": -0.16842084546055838
    }
  ],
  "checkpoint": "E:\\3dconformergenerationcode\\4dadapter\\diagnostics\\ecir_mvr\\v2_bac_overnight\\runs\\v2_d_bond_angle_clash_2000step_seed44\\checkpoint_final.ckpt",
  "checkpoint_mode": "V2_D_BOND_ANGLE_CLASH",
  "checkpoint_step": 2000,
  "development_manifest_identity_sha256": "3241a30c47a532dfbee4448bcd6556f0e5a67b752d17f85505e1f99f8a48ec51",
  "diagnostic_model_records": 128,
  "diagnostic_records_loaded": 256,
  "frozen_holdout_records_opened": 0,
  "known_semantic_mismatches": [
    "ChemicalValidity clash excludes 1-2; sparse target/model clash excludes 1-2 and 1-3",
    "BAC branch loss uses a t=0 second forward while base loss uses sampled flow time",
    "BAC branch loss proposal excludes the base field while inference integrates the full field",
    "inference does not call the existing select_safe_bac_proposal backtracking helper",
    "safety uses zero per-type non-regression tolerances",
    "constraint_type_embedding is registered but unused in forward"
  ],
  "model_batches": 2,
  "model_config": "atom_feature_dim: 10\nbac_constraint_scale: 0.05\nbac_mode: V2_D_BOND_ANGLE_CLASH\nbond_explicit_alpha: 1.0\nbond_head_enabled: true\nbond_projection_damping: 0.0001\nclash_allowed_contact: 1.0\nclash_cutoff: 2.0\nclash_exclude_topology_distance: 2\ncutoff: 10.0\ndeterministic_feature_dim: 10\ndropout: 0.0\nedge_attr_dim: 1\nedge_hidden_dim: 64\nencoder_num_layers: 3\nerror_embedding_dim: 24\nhidden_dim: 64\nhigh_flex_torsion_scale: 0.0\nmax_abs_bond_residual: 0.05\nmax_clash_edges_per_graph: 128\nmax_velocity_atom_norm: 0.12\nmax_velocity_graph_rms: 0.06\nmetadata_dropout: 0.5\nnum_layers: 4\nrigid_scale: 1.0\ntime_embedding_dim: 32\ntorsion_gate_fixed_zero: true\ntorsion_scale: 0.0\n",
  "phase1_decision": "PHASE1_FIXED",
  "repair_candidates_frozen_before_selection": [
    "align clash objective and evaluator topology exclusions",
    "use finite absolute/relative tolerance only if precision evidence proves false rejection",
    "activate bounded backtracking in inference with unchanged hard ring/chirality checks",
    "remove duplicated branch attenuation or train/eval proposal mismatch"
  ],
  "root_cause_classification": {
    "CAPACITY_LIMIT": "REJECTED",
    "DATA_SUPPORT_FAILURE": "SUPPORTED_FOR_CLASH",
    "LEARNING_SIGNAL_FAILURE": "REJECTED",
    "METRIC_POWER_FAILURE": "SUPPORTED_FOR_CLASH",
    "PROPOSAL_ATTENUATION_FAILURE": "SUPPORTED",
    "SAFETY_BOTTLENECK": "SUPPORTED",
    "TARGET_CONFLICT_FAILURE": "NOT_PRIMARY",
    "TARGET_SCALE_FAILURE": "PARTIAL"
  },
  "schema_version": "mcvr-v2-bac-recovery-audit-v1",
  "selected_repair": [
    "active-only constraint scatter normalization",
    "full first-step inference-field BAC proposal loss",
    "finite hard-safe backtracking"
  ],
  "status": "PHASE1_AUDIT_AND_RECOVERY_COMPLETE",
  "test_assets_opened": false,
  "test_records_read": 0
}
