{
  "schema_version": "paired-molecule-bootstrap-v1",
  "draws": 1000,
  "seed": 42,
  "baseline": "upstream",
  "methods": {
    "old_ecir_4step": {
      "bond_outlier_rate": {
        "mean": -0.018934865705668925,
        "ci95_low": -0.050932102562859655,
        "ci95_high": 0.01469320732820779
      },
      "bond_outlier_magnitude": {
        "mean": -0.22149176144972443,
        "ci95_low": -0.43319492256920783,
        "ci95_high": 0.022356868146453022
      },
      "angle_outlier_rate": {
        "mean": -0.011198381390422583,
        "ci95_low": -0.01628492307278793,
        "ci95_high": -0.006379767398932018
      },
      "angle_outlier_magnitude": {
        "mean": -0.010845989134104457,
        "ci95_low": -0.02144549670018023,
        "ci95_high": -0.00032499925724550904
      },
      "ring_bond_outlier_rate": {
        "mean": -0.03978200485929847,
        "ci95_low": -0.06270658914092928,
        "ci95_high": -0.018037595547735704
      },
      "ring_planarity_outlier_rate": {
        "mean": 0.0,
        "ci95_low": 0.0,
        "ci95_high": 0.0
      },
      "clash_penetration": {
        "mean": 0.0,
        "ci95_low": 0.0,
        "ci95_high": 0.0
      },
      "severe_clash_rate": {
        "mean": 0.0,
        "ci95_low": 0.0,
        "ci95_high": 0.0
      },
      "chirality_error": {
        "mean": 0.0,
        "ci95_low": 0.0,
        "ci95_high": 0.0
      },
      "stereocenter_degenerate_rate": {
        "mean": 0.0,
        "ci95_low": 0.0,
        "ci95_high": 0.0
      },
      "torsion_prior_outlier_score": {
        "mean": -0.0076244243958289905,
        "ci95_low": -0.027673324917903367,
        "ci95_high": 0.008284556058737472
      },
      "total_thresholded_validity_score": {
        "mean": -0.1279996896013472,
        "ci95_low": -0.23672538448649538,
        "ci95_high": -0.01490158782647633
      },
      "aligned_RMSD": {
        "mean": 0.007020523874089122,
        "ci95_low": 0.005765857618534937,
        "ci95_high": 0.008356533906422556
      },
      "MAT_P": {
        "mean": 0.007020530188456177,
        "ci95_low": 0.005765858199680224,
        "ci95_high": 0.008356540805194526
      },
      "MAT_R": {
        "mean": 0.008122669719159602,
        "ci95_low": 0.006818691924214363,
        "ci95_high": 0.009644191335886718
      },
      "COV_P": {
        "mean": 0.0,
        "ci95_low": 0.0,
        "ci95_high": 0.0
      },
      "COV_R": {
        "mean": -0.0013333336636424066,
        "ci95_low": -0.0026666675144806505,
        "ci95_high": -0.0003333333134651184
      },
      "diversity": {
        "mean": -0.002569202296435833,
        "ci95_low": -0.003466134467162192,
        "ci95_high": -0.0017340724475216121
      }
    },
    "stage_b_rescued": {
      "bond_outlier_rate": {
        "mean": -0.07285201342776418,
        "ci95_low": -0.09389024777337909,
        "ci95_high": -0.05347850342653692
      },
      "bond_outlier_magnitude": {
        "mean": -0.5184782940149307,
        "ci95_low": -0.6839676120392979,
        "ci95_high": -0.35226259949989625
      },
      "angle_outlier_rate": {
        "mean": -0.009559907370712608,
        "ci95_low": -0.013876983722788283,
        "ci95_high": -0.0056396893421188
      },
      "angle_outlier_magnitude": {
        "mean": -0.01650720361270942,
        "ci95_low": -0.024102270269446308,
        "ci95_high": -0.0098708072368172
      },
      "ring_bond_outlier_rate": {
        "mean": -0.03940988603979349,
        "ci95_low": -0.05321743347821757,
        "ci95_high": -0.026156536476686598
      },
      "ring_planarity_outlier_rate": {
        "mean": 0.0,
        "ci95_low": 0.0,
        "ci95_high": 0.0
      },
      "clash_penetration": {
        "mean": 0.0,
        "ci95_low": 0.0,
        "ci95_high": 0.0
      },
      "severe_clash_rate": {
        "mean": 0.0,
        "ci95_low": 0.0,
        "ci95_high": 0.0
      },
      "chirality_error": {
        "mean": 0.0,
        "ci95_low": 0.0,
        "ci95_high": 0.0
      },
      "stereocenter_degenerate_rate": {
        "mean": 0.0,
        "ci95_low": 0.0,
        "ci95_high": 0.0
      },
      "torsion_prior_outlier_score": {
        "mean": -0.0026737876773049196,
        "ci95_low": -0.02067406834344283,
        "ci95_high": 0.010807318299017847
      },
      "total_thresholded_validity_score": {
        "mean": -0.2555681812451803,
        "ci95_low": -0.33244206317885255,
        "ci95_high": -0.18169051887490786
      },
      "aligned_RMSD": {
        "mean": 0.0029799613915383817,
        "ci95_low": 0.0021481827879324556,
        "ci95_high": 0.003917244890704751
      },
      "MAT_P": {
        "mean": 0.002979966010898352,
        "ci95_low": 0.002148189638741314,
        "ci95_high": 0.0039172489512711755
      },
      "MAT_R": {
        "mean": 0.0032343729585409165,
        "ci95_low": 0.0023446723679080603,
        "ci95_high": 0.004189765741117298
      },
      "COV_P": {
        "mean": 0.0,
        "ci95_low": 0.0,
        "ci95_high": 0.0
      },
      "COV_R": {
        "mean": 0.0,
        "ci95_low": 0.0,
        "ci95_high": 0.0
      },
      "diversity": {
        "mean": -0.0008367862552404404,
        "ci95_low": -0.001218864726833999,
        "ci95_high": -0.0005160926468670369
      }
    },
    "minimal_validity_target": {
      "bond_outlier_rate": {
        "mean": -0.14539853351190687,
        "ci95_low": -0.16379295348608866,
        "ci95_high": -0.1275857079755515
      },
      "bond_outlier_magnitude": {
        "mean": -0.6948406405502464,
        "ci95_low": -0.8584126591449313,
        "ci95_high": -0.5416220701836283
      },
      "angle_outlier_rate": {
        "mean": -0.005412379540503025,
        "ci95_low": -0.008780932513414882,
        "ci95_high": -0.0024261021115817146
      },
      "angle_outlier_magnitude": {
        "mean": -0.042323407561052594,
        "ci95_low": -0.08820635683479486,
        "ci95_high": -0.017255886582948732
      },
      "ring_bond_outlier_rate": {
        "mean": -0.05498464489355683,
        "ci95_low": -0.07276512064412237,
        "ci95_high": -0.03932257038261743
      },
      "ring_planarity_outlier_rate": {
        "mean": -0.0016666666666666666,
        "ci95_low": -0.005,
        "ci95_high": 0.0
      },
      "clash_penetration": {
        "mean": 0.0,
        "ci95_low": 0.0,
        "ci95_high": 0.0
      },
      "severe_clash_rate": {
        "mean": 0.0,
        "ci95_low": 0.0,
        "ci95_high": 0.0
      },
      "chirality_error": {
        "mean": 0.0,
        "ci95_low": 0.0,
        "ci95_high": 0.0
      },
      "stereocenter_degenerate_rate": {
        "mean": 0.0,
        "ci95_low": 0.0,
        "ci95_high": 0.0
      },
      "torsion_prior_outlier_score": {
        "mean": -0.003275728210066693,
        "ci95_low": -0.013411331436767402,
        "ci95_high": 0.0032620254704117846
      },
      "total_thresholded_validity_score": {
        "mean": -0.39175323664045814,
        "ci95_low": -0.4604104546962941,
        "ci95_high": -0.3250545627013756
      },
      "aligned_RMSD": {
        "mean": 0.0006725580710917711,
        "ci95_low": 0.00036504602083005014,
        "ci95_high": 0.0010081505833659321
      },
      "MAT_P": {
        "mean": 0.0006725633051246404,
        "ci95_low": 0.00036504790536127983,
        "ci95_high": 0.0010081582863349467
      },
      "MAT_R": {
        "mean": 0.00076467240229249,
        "ci95_low": 0.00039237999403849246,
        "ci95_high": 0.0011641778904013336
      },
      "COV_P": {
        "mean": 0.0,
        "ci95_low": 0.0,
        "ci95_high": 0.0
      },
      "COV_R": {
        "mean": 0.0,
        "ci95_low": 0.0,
        "ci95_high": 0.0
      },
      "diversity": {
        "mean": 0.0002670140936970711,
        "ci95_low": -0.00014959925645962355,
        "ci95_high": 0.0007124218582175672
      }
    },