{
  "records": 592,
  "metadata_supplied": false,
  "overall_dominant_mode_accuracy": 0.5711382113821138,
  "by_corruption": {
    "bond_angle": {
      "records": 96,
      "effective_fraction": 1.0,
      "dominant_mode_accuracy": 0.8958333333333334,
      "mean_absolute_error": 0.012118126530369214,
      "predicted_error_sum": 0.10113596948902644
    },
    "bond_length": {
      "records": 100,
      "effective_fraction": 1.0,
      "dominant_mode_accuracy": 0.0,
      "mean_absolute_error": 0.016506201019079975,
      "predicted_error_sum": 0.10152933384015342
    },
    "clash": {
      "records": 100,
      "effective_fraction": 1.0,
      "dominant_mode_accuracy": 0.32,
      "mean_absolute_error": 0.0614008459113029,
      "predicted_error_sum": 0.4871487542307295
    },
    "ring": {
      "records": 100,
      "effective_fraction": 1.0,
      "dominant_mode_accuracy": 0.67,
      "mean_absolute_error": 0.02534350013513176,
      "predicted_error_sum": 0.10259666243553511
    },
    "torsion": {
      "records": 96,
      "effective_fraction": 1.0,
      "dominant_mode_accuracy": 1.0,
      "mean_absolute_error": 0.026542683372878035,
      "predicted_error_sum": 0.10091625246271481
    },
    "zero": {
      "records": 100,
      "effective_fraction": 0.0,
      "dominant_mode_accuracy": null,
      "mean_absolute_error": 0.016843346976529578,
      "predicted_error_sum": 0.10106008185917746
    }
  }
}