{
  "status": "NO_GO",
  "internal_metrics_with_directional_95ci": [
    "bond_violation",
    "angle_violation",
    "torsion_circular_error",
    "ring_invalidity"
  ],
  "rmsd_noninferiority_pass": false,
  "mat_p_noninferiority_pass": false,
  "mat_r_noninferiority_pass": false,
  "cov_noninferiority_pass": true,
  "metric_gate_pass": false,
  "unseen_source_required": true,
  "unseen_source_pass": false,
  "unseen_source_evidence": null,
  "bootstrap_delta_candidate_minus_upstream": {
    "bond_violation": {
      "mean": -0.04025102461688221,
      "ci95_low": -0.05334184523974545,
      "ci95_high": -0.027983609118266032
    },
    "angle_violation": {
      "mean": -0.025805544927716254,
      "ci95_low": -0.03534599621547386,
      "ci95_high": -0.01695355516159907
    },
    "torsion_circular_error": {
      "mean": -0.017354165671858938,
      "ci95_low": -0.025645814601681197,
      "ci95_high": -0.009664790597598769
    },
    "ring_invalidity": {
      "mean": -0.034864548742771145,
      "ci95_low": -0.04608370827627368,
      "ci95_high": -0.02370375039265491
    },
    "clash_score": {
      "mean": 2.657789173099445e-07,
      "ci95_low": 0.0,
      "ci95_high": 7.973367519298336e-07
    },
    "chirality_error": {
      "mean": 0.0,
      "ci95_low": 0.0,
      "ci95_high": 0.0
    },
    "aligned_RMSD": {
      "mean": 0.019169604862108825,
      "ci95_low": 0.011703489316860214,
      "ci95_high": 0.027375697338720785
    },
    "COV_P": {
      "mean": 0.0,
      "ci95_low": 0.0,
      "ci95_high": 0.0
    },
    "COV_R": {
      "mean": -0.0006666667759418488,
      "ci95_low": -0.0020000003278255463,
      "ci95_high": 0.0
    },
    "MAT_P": {
      "mean": 0.024506557937711476,
      "ci95_low": 0.016879569122102114,
      "ci95_high": 0.032882074310909955
    },
    "MAT_R": {
      "mean": 0.021283658239990472,
      "ci95_low": 0.014262711971066893,
      "ci95_high": 0.029324815702158953
    }
  },
  "NFE": 4,
  "total_pipeline_seconds": 13.031334100000095,
  "peak_gpu_memory_bytes": 32854016,
  "optional_baseline_records": {},
  "test_used_for_selection": false
}