{
  "stage": "STAGE_B",
  "decision": "EXISTING_CKPT_RESCUED",
  "best_config": {
    "accepted": 0.88,
    "aligned_RMSD": 1.284952122317627,
    "aligned_rms_displacement": 0.029962486021686344,
    "angle_outlier_magnitude": 0.5830898952693678,
    "angle_outlier_rate": 0.12305910714901984,
    "angle_target_mae_rad": 0.048403927693143486,
    "bond_outlier_magnitude": 12.830051046884565,
    "bond_outlier_rate": 0.38300353109836577,
    "bond_target_mae": 0.061884542191401125,
    "chirality_error": 0.0025,
    "clash_penetration": 3.2128853490576146e-07,
    "clash_score": 3.2128853490576146e-07,
    "delta_aligned_RMSD": 0.006245566662400961,
    "delta_angle_outlier_magnitude": -0.40921273426385596,
    "delta_angle_outlier_rate": -0.034548087208531794,
    "delta_angle_target_mae_rad": -0.01229424840770662,
    "delta_bond_outlier_magnitude": -3.8139642792800985,
    "delta_bond_outlier_rate": -0.04077977394685149,
    "delta_bond_target_mae": -0.016426398791372775,
    "delta_chirality_error": 0.0,
    "delta_clash_penetration": -7.841144906706177e-09,
    "delta_clash_score": -7.841144906706177e-09,
    "delta_ring_bond_outlier_rate": -0.03793149879202247,
    "delta_ring_bond_target_mae": -0.01572874126024544,
    "delta_ring_planarity_outlier_rate": 0.0,
    "delta_severe_clash_rate": 0.0,
    "delta_stereocenter_degenerate_rate": 0.0,
    "delta_torsion_prior_outlier_score": -0.01545485848198029,
    "delta_torsion_reference_error": -0.009053635264281183,
    "delta_total_thresholded_validity_score": -1.1690536211745393,
    "gate": 0.07275497157126665,
    "has_ring": 1.0,
    "input_aligned_RMSD": 1.2787065556552262,
    "input_angle_outlier_magnitude": 0.9923026295332238,
    "input_angle_outlier_rate": 0.15760719435755163,
    "input_angle_target_mae_rad": 0.060698176100850106,
    "input_bond_outlier_magnitude": 16.644015326164663,
    "input_bond_outlier_rate": 0.4237833050452173,
    "input_bond_target_mae": 0.0783109409827739,
    "input_chirality_error": 0.0025,
    "input_clash_penetration": 3.2912967981246763e-07,
    "input_clash_score": 3.2912967981246763e-07,
    "input_ring_bond_outlier_rate": 0.29658995194360616,
    "input_ring_bond_target_mae": 0.0691342040989548,
    "input_ring_planarity_outlier_rate": 0.005833333333333333,
    "input_severe_clash_rate": 0.0,
    "input_stereocenter_degenerate_rate": 0.0,
    "input_torsion_prior_outlier_score": 3.021418233079321,
    "input_torsion_reference_error": 0.10492729440098629,
    "input_total_thresholded_validity_score": 5.292893602733859,
    "max_atom_displacement": 0.04845397263765335,
    "mean_atom_displacement": 0.026824195528170093,
    "raw_delta_aligned_RMSD": 0.006554566957056522,
    "ring_bond_outlier_rate": 0.25865845315158364,
    "ring_bond_target_mae": 0.05340546283870935,
    "ring_planarity_outlier_rate": 0.005833333333333333,
    "rollout_steps": 5.0,
    "rotatable_bond_count": 5.3,
    "severe_clash_rate": 0.0,
    "stereocenter_degenerate_rate": 0.0,
    "torsion_prior_outlier_score": 3.0059633745973406,
    "torsion_reference_error": 0.0958736591367051,
    "total_thresholded_validity_score": 4.12383998155932,
    "uncertainty": 0.036065106708556414,
    "update_scale": 1.0,
    "validity_gain": 1.1592307992297037,
    "view_cartesian_severity": 0.5,
    "view_etflow_normal": 0.5,
    "view_mixed": 1.0,
    "input_COV_P": 0.43,
    "input_COV_R": 0.3477391319721937,
    "input_MAT_P": 1.4662331268563866,
    "input_MAT_R": 1.4999869355931879,
    "input_diversity": 2.035279945209622,
    "COV_P": 0.43,
    "COV_R": 0.34707246519625184,
    "MAT_P": 1.4749450713396073,
    "MAT_R": 1.5071136528253555,
    "diversity": 2.0609962445124985,
    "delta_COV_P": 0.0,
    "delta_COV_R": -0.0006666667759418488,
    "delta_MAT_P": 0.008711944483220657,
    "delta_MAT_R": 0.007126717232167623,
    "delta_diversity": 0.025716299302876333,
    "molecules": 50,
    "records": 100,
    "accepted_fraction": 0.88,
    "rejected_fraction": 0.12,
    "unchanged_fraction": 0.06,
    "validity_improved_fraction": 0.94,
    "validity_worsened_fraction": 0.0,
    "RMSD_improved_fraction": 0.02,
    "RMSD_worsened_fraction": 0.92,
    "raw_RMSD_worsened_fraction": 0.98,
    "time_schedule_mode": "train_range",
    "fixed_t": null,
    "teacher_steps": 2,
    "trust_radius_scale": 0.5,
    "gate_threshold": 0.0,
    "phase": "coarse",
    "acceptance_mode": "final_step",
    "config_id": "7925bf94f66fe791",
    "elapsed_seconds": 2.6740516999998363,
    "explicit_time_schedule": null,
    "selection_score": -1.126600001828051
  },
  "passed_checks": [
    "acceptance_reduces_rmsd_worsening",
    "accuracy_noninferior",
    "etflow_normal_noninferior",
    "high_flex_noninferior",
    "mild_or_medium_effective",
    "not_extreme_only",
    "train_range_nonworse_than_legacy_full",
    "two_true_validity_ci_improvements"
  ],
  "failed_checks": [],
  "bootstrap": {
    "bond_outlier_rate": {
      "mean": -0.07609971838071942,
      "ci95_low": -0.09343644300289451,
      "ci95_high": -0.05928154284181074
    },
    "angle_outlier_rate": {
      "mean": -0.033839269740274174,
      "ci95_low": -0.04406510330294259,
      "ci95_high": -0.023846752698678756
    },
    "ring_bond_outlier_rate": {
      "mean": -0.06027344655245542,
      "ci95_low": -0.07849074672232383,
      "ci95_high": -0.043029571051010865
    },
    "severe_clash_rate": {
      "mean": 0.0,
      "ci95_low": 0.0,
      "ci95_high": 0.0
    },
    "total_thresholded_validity_score": {
      "mean": -0.8063334587363943,
      "ci95_low": -1.0303566195531675,
      "ci95_high": -0.5805990153039295
    },
    "aligned_RMSD": {
      "mean": 0.00585056965239346,
      "ci95_low": 0.004101538338465616,
      "ci95_high": 0.007705590513767674
    }
  },
  "true_validity_metrics_with_ci_improvement": [
    "bond_outlier_rate",
    "angle_outlier_rate",
    "ring_bond_outlier_rate"
  ],
  "checkpoint_sha256": "232e47865d01a71543cf2cd16ede577764fd3d94ac843d78dcdcf8c9789fa98d",
  "validity_stats_sha256": "ae5afaa8d3fce1b5418295309bf2c3197997180298e1781b4efc5c265258852e",
  "views_manifest_sha256": "09eb2d4b0aa8c48e251098154c2f6c967e2fd87af353fc40494b347d967abdf8",
  "test_used": false,
  "training_started": false,
  "next_stage": "STAGE_C",
  "schedule_comparison": {
    "status": "PASS_PAIRED_NUMERICALLY_NONWORSE",
    "metric": "delta_total_thresholded_validity_score",
    "matched_configurations": 90,
    "max_absolute_delta": 1.3529788700505918e-07,
    "max_train_minus_legacy": 6.609017877412526e-08,
    "min_train_minus_legacy": -1.3529788700505918e-07,
    "atol": 1e-06,
    "rtol": 1e-06
  }
}
