{
  "schema_version": "ecir-mvr-stage-e0-bootstrap-v1",
  "draws": 10000,
  "seed": 42,
  "candidate": "stage_e0_calibrated",
  "vs_d1_b_deployed": {
    "bond_outlier_rate": {
      "mean": -0.016972397774457932,
      "ci95_low": -0.019424381860159337,
      "ci95_high": -0.014657501627318565
    },
    "bond_outlier_magnitude": {
      "mean": -0.11164017354464159,
      "ci95_low": -0.12684038424843455,
      "ci95_high": -0.09747748587841634
    },
    "angle_outlier_rate": {
      "mean": -0.0006323191616684199,
      "ci95_low": -0.0008882715696934611,
      "ci95_high": -0.0003885382592212409
    },
    "angle_outlier_magnitude": {
      "mean": -0.002070216808877376,
      "ci95_low": -0.002569203855554383,
      "ci95_high": -0.001605039560981436
    },
    "ring_bond_outlier_rate": {
      "mean": -0.006714351706206798,
      "ci95_low": -0.008293459181115032,
      "ci95_high": -0.0052069145796820515
    },
    "ring_planarity_outlier_rate": {
      "mean": 0.0,
      "ci95_low": 0.0,
      "ci95_high": 0.0
    },
    "clash_penetration": {
      "mean": 4.044864908792079e-09,
      "ci95_low": 0.0,
      "ci95_high": 1.2134594726376236e-08
    },
    "severe_clash_rate": {
      "mean": 0.0,
      "ci95_low": 0.0,
      "ci95_high": 0.0
    },
    "chirality_error": {
      "mean": 0.0,
      "ci95_low": 0.0,
      "ci95_high": 0.0
    },
    "stereocenter_degenerate_rate": {
      "mean": 0.0,
      "ci95_low": 0.0,
      "ci95_high": 0.0
    },
    "torsion_prior_outlier_score": {
      "mean": 0.00017941285642582728,
      "ci95_low": -0.0004590597405722636,
      "ci95_high": 0.000847056320891622
    },
    "total_thresholded_validity_score": {
      "mean": -0.05274666218584798,
      "ci95_low": -0.059608750579059996,
      "ci95_high": -0.04629640369882826
    },
    "aligned_RMSD": {
      "mean": 0.0004739122204482555,
      "ci95_low": 0.00042054658988490703,
      "ci95_high": 0.0005314246161840856
    },
    "MAT_P": {
      "mean": 0.00047391033917665483,
      "ci95_low": 0.00042054553534835574,
      "ci95_high": 0.0005314230734482407
    },
    "MAT_R": {
      "mean": 0.0007099747657775879,
      "ci95_low": 0.0006322066366672515,
      "ci95_high": 0.000790699326992035
    },
    "COV_P": {
      "mean": 0.0,
      "ci95_low": 0.0,
      "ci95_high": 0.0
    },
    "COV_R": {
      "mean": -6.666666269302368e-05,
      "ci95_low": -0.00019999998807907106,
      "ci95_high": 0.0
    },
    "diversity": {
      "mean": -0.000667149592190981,
      "ci95_low": -0.0007685510591603816,
      "ci95_high": -0.0005690606425516307
    }
  },
  "vs_upstream": {
    "bond_outlier_rate": {
      "mean": -0.04912999046221375,
      "ci95_low": -0.054647514217346906,
      "ci95_high": -0.04395682147033513
    },
    "bond_outlier_magnitude": {
      "mean": -0.4365471513532102,
      "ci95_low": -0.4886334317586385,
      "ci95_high": -0.3861898821784184
    },
    "angle_outlier_rate": {
      "mean": -0.0009326183078810573,
      "ci95_low": -0.0013798088429030032,
      "ci95_high": -0.0004866806455422194
    },
    "angle_outlier_magnitude": {
      "mean": -0.0023993353928390207,
      "ci95_low": -0.003461713130249518,
      "ci95_high": -0.001394282293617653
    },
    "ring_bond_outlier_rate": {
      "mean": -0.011917940072715282,
      "ci95_low": -0.014124448831006884,
      "ci95_high": -0.009795883528143168
    },
    "ring_planarity_outlier_rate": {
      "mean": -0.0005,
      "ci95_low": -0.0015,
      "ci95_high": 0.0
    },
    "clash_penetration": {
      "mean": 1.136518403654918e-08,
      "ci95_low": 0.0,
      "ci95_high": 3.409555210964754e-08
    },
    "severe_clash_rate": {
      "mean": 0.0,
      "ci95_low": 0.0,
      "ci95_high": 0.0
    },
    "chirality_error": {
      "mean": 0.0,
      "ci95_low": 0.0,
      "ci95_high": 0.0
    },
    "stereocenter_degenerate_rate": {
      "mean": 0.0,
      "ci95_low": 0.0,
      "ci95_high": 0.0
    },
    "torsion_prior_outlier_score": {
      "mean": -0.0006213917282589758,
      "ci95_low": -0.0016299379431774152,
      "ci95_high": 0.00033309245894745247
    },
    "total_thresholded_validity_score": {
      "mean": -0.17221715916413838,
      "ci95_low": -0.19182306420850256,
      "ci95_high": -0.1535436995399783
    },
    "aligned_RMSD": {
      "mean": 0.0013979629948735236,
      "ci95_low": 0.0012542286105453968,
      "ci95_high": 0.001548120119795203
    },
    "MAT_P": {
      "mean": 0.001397961713373661,
      "ci95_low": 0.0012542294286191464,
      "ci95_high": 0.001548120979592204
    },
    "MAT_R": {
      "mean": 0.0017954567670822143,
      "ci95_low": 0.001613017576932907,
      "ci95_high": 0.0019847440749406814
    },
    "COV_P": {
      "mean": 0.0,
      "ci95_low": 0.0,
      "ci95_high": 0.0
    },
    "COV_R": {
      "mean": -0.00020000000298023223,
      "ci95_low": -0.0004666666686534882,
      "ci95_high": 0.0
    },
    "diversity": {
      "mean": -0.0015669741220772266,
      "ci95_low": -0.0017727464756928386,
      "ci95_high": -0.0013578484891913832
    }
  },
  "test_records_read": 0
}