{
  "decision": "ORACLE_PASS",
  "oracle_sha256": "b135d8e55bf0e97e45fd0e98e8febc94c5a1e714c20efa183b44ad470f1877ba",
  "cartesian_baseline_rmsd": 1.3946679400900999,
  "lambda_scan": {"0.1": 1.3257774581097894, "0.25": 1.2273638470719257, "0.5": 1.0816385070068968, "0.75": 0.9714163364635573, "1.0": 0.9176412055889765},
  "best_lambda": 1.0,
  "best_oracle_rmsd": 0.9176412055889765,
  "absolute_rmsd_improvement": 0.4770267345011233,
  "relative_rmsd_improvement": 0.3420360652086875,
  "mean_per_record_delta_rmsd": -0.47702673450112343,
  "median_per_record_delta_rmsd": -0.3602347274621328,
  "mean_per_molecule_delta_rmsd": -0.47702673450112343,
  "median_per_molecule_delta_rmsd": -0.3490992933511734,
  "improved_fraction": 1.0,
  "degraded_fraction": 0.0,
  "unchanged_fraction": 0.0,
  "projection_energy_ratio": 0.42591868598634997,
  "residual_norm": 9.989902245998383,
  "projected_residual_norm": 6.9017551748289,
  "component_fractions": {"stretch": 0.1536797647348269, "bending": 0.38571610687326435, "torsion": 0.4606041230836935},
  "jacobian_rank": {"mean": 27.3, "median": 21.5, "min": 4, "max": 101},
  "condition_number": "UNKNOWN_NOT_SAVED",
  "solver_fallback_rate": "UNKNOWN_NOT_SAVED",
  "finite_fraction": 1.0,
  "failure_rate": 0.0,
  "conditions": {"A": "PASS", "B": "PASS", "C": "PASS", "D": "PASS", "E": "PASS", "F": "PASS"}
}
