{
  "schema_version": "ecir-mvr-medium-stagewise-gain-summary-v1",
  "aggregate": {
    "molecules": 500,
    "records": 700,
    "upstream_bond_outlier_rate": 0.2620318778529763,
    "raw_proposal_bond_outlier_rate": 0.2463943650238216,
    "atom_clipped_proposal_bond_outlier_rate": 0.2463943650238216,
    "trust_clipped_proposal_bond_outlier_rate": 0.2463943650238216,
    "safety_gated_proposal_bond_outlier_rate": 0.24765063888207078,
    "accepted_bond_outlier_rate": 0.23587184931710362,
    "minimal_target_bond_outlier_rate": 0.09938484401907771,
    "raw_proposal_bond_outlier_relative_improvement": 0.059677902388383455,
    "atom_clipped_proposal_bond_outlier_relative_improvement": 0.059677902388383455,
    "trust_clipped_proposal_bond_outlier_relative_improvement": 0.059677902388383455,
    "safety_gated_proposal_bond_outlier_relative_improvement": 0.054883547333026104,
    "accepted_bond_outlier_relative_improvement": 0.09983529008081551,
    "minimal_target_bond_outlier_relative_improvement": 0.620714682376006,
    "upstream_bond_outlier_magnitude": 1.2474889507107436,
    "raw_proposal_bond_outlier_magnitude": 1.0455068298056722,
    "atom_clipped_proposal_bond_outlier_magnitude": 1.0455068298056722,
    "trust_clipped_proposal_bond_outlier_magnitude": 1.0455068298056722,
    "safety_gated_proposal_bond_outlier_magnitude": 1.069872514544986,
    "accepted_bond_outlier_magnitude": 1.0457354152947664,
    "minimal_target_bond_outlier_magnitude": 0.40474240237219783,
    "accepted_bond_magnitude_relative_improvement": 0.1617277133404911,
    "accepted_total_validity_delta": -0.08464797900690979,
    "target_total_validity_delta": -0.465342710218373,
    "target_total_validity_relative_improvement": 0.5860821730019669,
    "target_angle_relative_improvement": 0.17704099505405377,
    "target_ring_relative_improvement": 0.5044152382920628,
    "target_rmsd_delta": 0.0012440164126457098,
    "target_displacement": 0.008490385357441795,
    "target_high_flex_torsion_change": 0.015856706791490306,
    "target_identity_status_records": 39,
    "target_identity_status_unchanged_fraction": 1.0,
    "target_clean_records": 1,
    "target_clean_identity_fraction": 1.0,
    "accepted_rmsd_delta": 0.0007454100139439035,
    "accepted_displacement": 0.001952111029651519,
    "atom_clipping_fraction": 0.0,
    "graph_clipping_fraction": 0.0,
    "acceptance_fraction": 0.715,
    "global_safety_gate_mean": 0.8981669807434082,
    "raw_target_cosine_similarity": 0.17903062534686467,
    "raw_target_norm_ratio": 0.6638230563063034,
    "bond_local_projection_recovery": 0.10274997348005617,
    "diagnostic_oracle_bond_outlier_relative_improvement": 0.09246527864435232,
    "target_available_gain": 0.1626470338338986,
    "raw_potential_gain": 0.015637512829154737,
    "atom_clipping_loss": 0.0,
    "graph_clipping_loss": 0.0,
    "clipping_loss": 0.0,
    "safety_gate_loss": 0.0012562738582491961,
    "acceptance_loss": -0.011778789564967168,
    "accepted_gain": 0.02616002853587271,
    "target_gap": 0.1364870052980259
  },
  "factor_contributions": {
    "target_gap": 0.1364870052980259,
    "signed_contributions": {
      "model_proposal": 0.14700952100474388,
      "atom_clipping": 0.0,
      "graph_clipping": 0.0,
      "safety_gate": 0.0012562738582491961,
      "acceptance": -0.011778789564967168
    },
    "positive_loss_shares": {
      "model_proposal": 0.9915268800911898,
      "atom_clipping": 0.0,
      "graph_clipping": 0.0,
      "safety_gate": 0.008473119908810204,
      "acceptance": 0.0
    },
    "telescoping_sum": 0.1364870052980259,
    "telescoping_error": 0.0,
    "target_relative_improvement": 0.620714682376006,
    "model_to_target_recovery_ratio": 0.16083925983297262,
    "repaired_bonds": 1268,
    "newly_broken_bonds": 192,
    "cancellation_ratio": 0.15141955835962145,
    "threshold_near_fraction": 0.05378718184605949,
    "classification_rules": {
      "headroom_rate_max": 0.01,
      "target_relative_min": 0.1,
      "dominant_share_min": 0.5,
      "model_recovery_min": 0.5,
      "cancellation_fraction_min": 0.5,
      "threshold_near_fraction_min": 0.5,
      "threshold_near_absolute_margin": 0.05
    },
    "signed_target_gap_shares": {
      "model_proposal": 1.0770953665789762,
      "atom_clipping": 0.0,
      "graph_clipping": 0.0,
      "safety_gate": 0.0092043477362996,
      "acceptance": -0.08629971431527579
    }
  },
  "threshold_analysis": {
    "upstream": {
      "bond_count": 32610,
      "bond_outlier_rate_bond_weighted": 0.32766022692425634,
      "bond_outlier_magnitude_bond_weighted": 1.640095889833578,
      "mean_threshold_excess": 0.0060780561635626566,
      "p95_threshold_excess": 0.03434268832206726,
      "severe_outlier_count": 8618,
      "mild_outlier_count": 2067,
      "threshold_buckets": {
        "lt_-20pct": 19534,
        "-20_to_-10pct": 1268,
        "-10_to_-5pct": 563,
        "-5_to_0pct": 560,
        "0_to_5pct": 569,
        "5_to_10pct": 567,
        "10_to_20pct": 931,
        "gt_20pct": 8618
      }
    },
    "raw_proposal": {
      "bond_count": 32610,
      "bond_outlier_rate_bond_weighted": 0.30067463968107944,
      "bond_outlier_magnitude_bond_weighted": 1.3252936084556544,
      "mean_threshold_excess": 0.005110664500739815,
      "p95_threshold_excess": 0.0299293041229248,
      "severe_outlier_count": 7773,
      "mild_outlier_count": 2032,
      "threshold_buckets": {
        "lt_-20pct": 20339,
        "-20_to_-10pct": 1263,
        "-10_to_-5pct": 602,
        "-5_to_0pct": 600,
        "0_to_5pct": 540,
        "5_to_10pct": 536,
        "10_to_20pct": 957,
        "gt_20pct": 7773
      }
    },
    "accepted": {
      "bond_count": 32610,
      "bond_outlier_rate_bond_weighted": 0.29466421343146276,
      "bond_outlier_magnitude_bond_weighted": 1.349049353577168,
      "mean_threshold_excess": 0.005219704382480269,
      "p95_threshold_excess": 0.030627208948135372,
      "severe_outlier_count": 7786,
      "mild_outlier_count": 1823,
      "threshold_buckets": {
        "lt_-20pct": 20246,
        "-20_to_-10pct": 1334,
        "-10_to_-5pct": 648,
        "-5_to_0pct": 773,
        "0_to_5pct": 454,
        "5_to_10pct": 487,
        "10_to_20pct": 882,
        "gt_20pct": 7786
      }
    },
    "minimal_target": {
      "bond_count": 32610,
      "bond_outlier_rate_bond_weighted": 0.14320760502913216,
      "bond_outlier_magnitude_bond_weighted": 0.5965292488772007,
      "mean_threshold_excess": 0.0025692954819394706,
      "p95_threshold_excess": 0.01911539435386657,
      "severe_outlier_count": 3357,
      "mild_outlier_count": 1313,
      "threshold_buckets": {
        "lt_-20pct": 22658,
        "-20_to_-10pct": 2282,
        "-10_to_-5pct": 1227,
        "-5_to_0pct": 1773,
        "0_to_5pct": 459,
        "5_to_10pct": 345,
        "10_to_20pct": 509,
        "gt_20pct": 3357
      }
    }
  },
  "counterfactual_label": "DIAGNOSTIC_ORACLE_ONLY",
  "test_records_read": 0
}