seed,step,train_total_loss,bond_loss,angle_loss,gradient_norm,learning_rate,gpu_memory_mb,step_time_seconds,exposure,record_equivalent_epochs,molecule_equivalent_epochs
307,1,322.54815673828125,408.5071105957031,236.58920288085935,1832.2603759765625,0.0002999999952625,153.76806640625,0.2788515090942383,64,0.0004266666666666,0.00128
307,25,1.983223795890808,3.846147060394287,0.1203006207942962,55.05791473388672,0.0002999970391284,172.10888671875,0.0170221328735351,1600,0.0106666666666666,0.032
307,50,-1.164423584938049,-1.822856068611145,-0.5059911012649536,42.18128204345703,0.0002999881566305,172.10888671875,0.0170223712921142,3200,0.0213333333333333,0.064
307,75,-1.783637285232544,-2.6641085147857666,-0.9031659960746764,34.602840423583984,0.0002999733528571,172.10888671875,0.0170962810516357,4800,0.032,0.096
307,100,-1.1585259437561035,-2.8812198638916016,0.5641680359840393,35.982505798339844,0.0002999526283924,172.10888671875,0.016836404800415,6400,0.0426666666666666,0.128
307,125,-1.6172021627426147,-2.3906657695770264,-0.8437385559082031,80.64727020263672,0.0002999259840548,172.10888671875,0.0155107975006103,8000,0.0533333333333333,0.16
307,150,-1.900296688079834,-2.924144744873047,-0.8764485120773315,51.94942855834961,0.000299893420896,172.10888671875,0.0155179500579833,9600,0.064,0.192
307,175,201.2230987548828,397.9336853027344,4.512501239776611,162.4951171875,0.0002998549402017,172.10888671875,0.0155081748962402,11200,0.0746666666666666,0.224
307,200,-1.944872260093689,-2.9690427780151367,-0.9207016825675964,31.99198341369629,0.0002998105434909,172.10888671875,0.0165061950683593,12800,0.0853333333333333,0.256
307,225,-2.050750494003296,-3.028772354125977,-1.0727286338806152,31.43597221374512,0.0002997602325163,172.10888671875,0.0160107612609863,14400,0.096,0.288
307,250,-1.5130624771118164,-3.057054042816162,0.0309290587902069,28.013999938964844,0.0002997040092642,172.10888671875,0.0155088901519775,16000,0.1066666666666666,0.32
307,275,-2.278859615325928,-2.940570116043091,-1.6171491146087646,42.471473693847656,0.0002996418759541,172.10888671875,0.0155091285705566,17600,0.1173333333333333,0.352
307,300,-1.7335593700408936,-2.4742848873138428,-0.9928337931632996,58.96902084350586,0.000299573835039,172.10888671875,0.0150249004364013,19200,0.128,0.384
307,325,-2.0266001224517822,-2.5900447368621826,-1.4631553888320925,69.91877746582031,0.0002994998892051,172.10888671875,0.0155091285705566,20800,0.1386666666666666,0.416
307,350,-2.362504720687866,-3.1241283416748047,-1.6008809804916382,30.07160758972168,0.0002994200413714,172.10888671875,0.0160186290740966,22400,0.1493333333333333,0.448
307,375,7.666354179382324,16.552764892578125,-1.2200570106506348,29.17177391052246,0.0002993342946904,172.10888671875,0.0165598392486572,24000,0.16,0.48
307,400,-2.1408205032348637,-3.131847381591797,-1.1497936248779297,27.23082733154297,0.0002992426525471,172.10888671875,0.0165121555328369,25600,0.1706666666666666,0.512
307,425,4.868890285491943,10.222185134887695,-0.4844048619270324,32.576026916503906,0.0002991451185595,172.10888671875,0.0159995555877685,27200,0.1813333333333333,0.544
307,450,-1.98297655582428,-3.1322741508483887,-0.8336790204048157,17.88388442993164,0.000299041696578,172.10888671875,0.0150001049041748,28800,0.192,0.576
307,475,-1.8933035135269165,-2.9612293243408203,-0.8253777623176575,46.1400146484375,0.0002989323906854,172.10888671875,0.0149996280670166,30400,0.2026666666666666,0.608
307,500,-1.932572603225708,-3.1146061420440674,-0.7505390644073486,16.065763473510742,0.0002988172051971,172.10888671875,0.0157382488250732,32000,0.2133333333333333,0.64
307,525,-2.3970870971679688,-3.1149141788482666,-1.679260015487671,27.162281036376957,0.0002986961446604,172.10888671875,0.0160024166107177,33600,0.224,0.672
307,550,-2.1903059482574463,-3.18769907951355,-1.1929126977920532,20.01485252380371,0.0002985692138544,172.10888671875,0.015000581741333,35200,0.2346666666666666,0.704
307,575,-2.5214550495147705,-3.171508312225342,-1.8714016675949097,23.48727035522461,0.0002984364177903,172.10888671875,0.0170025825500488,36800,0.2453333333333333,0.736
307,600,-2.210850477218628,-3.1366724967956543,-1.285028338432312,34.30644989013672,0.0002982977617106,172.10888671875,0.0170001983642578,38400,0.256,0.768
307,625,-2.159212350845337,-3.178459882736206,-1.1399648189544678,16.234006881713867,0.0002981532510892,172.10888671875,0.0160005092620849,40000,0.2666666666666666,0.8
307,650,-2.5168068408966064,-3.148603677749634,-1.885010004043579,28.28753471374512,0.0002980028916311,172.10888671875,0.0200076103210449,41600,0.2773333333333333,0.832
307,675,-1.85791540145874,-3.2069079875946045,-0.5089226961135864,14.940348625183104,0.0002978466892723,172.10888671875,0.0169997215270996,43200,0.288,0.864
307,700,-2.441577672958374,-3.0689563751220703,-1.814198851585388,18.020233154296875,0.0002976846501793,172.10888671875,0.0160000324249267,44800,0.2986666666666667,0.896
307,725,-2.5692577362060547,-3.1932461261749268,-1.945269465446472,13.961421966552734,0.0002975167807493,172.10888671875,0.015000581741333,46400,0.3093333333333333,0.928
307,750,-2.17569351196289,-3.0077452659606934,-1.3436415195465088,38.97299957275391,0.0002973430876093,172.10888671875,0.0161094665527343,48000,0.32,0.96
307,775,-2.058729648590088,-3.230523109436035,-0.8869361877441406,14.687390327453612,0.0002971635776165,172.10888671875,0.0169985294342041,49600,0.3306666666666666,0.992
307,800,-2.581741571426392,-3.2054927349090576,-1.9579905271530151,18.020395278930664,0.0002969782578576,172.10888671875,0.0160021781921386,51200,0.3413333333333333,1.024
307,825,-2.532247543334961,-3.234255790710449,-1.8302390575408936,17.859439849853516,0.0002967871356488,172.10888671875,0.0155472755432128,52800,0.352,1.056
307,850,-2.483811855316162,-3.192158937454224,-1.77546489238739,20.020679473876957,0.0002965902185352,172.10888671875,0.0160028934478759,54400,0.3626666666666667,1.088
307,875,-2.1183576583862305,-3.2502071857452397,-0.9865081906318665,12.53949737548828,0.0002963875142908,172.10888671875,0.0160236358642578,56000,0.3733333333333333,1.12
307,900,-1.833519458770752,-3.17000675201416,-0.4970321357250213,13.471613883972168,0.0002961790309179,172.10888671875,0.0178346633911132,57600,0.384,1.152
307,925,-2.3844027519226074,-3.1922054290771484,-1.576600193977356,12.934617042541504,0.0002959647766473,172.10888671875,0.0150036811828613,59200,0.3946666666666666,1.184
307,950,-2.6122822761535645,-3.1965291500091557,-2.0280351638793945,9.155248641967772,0.0002957447599372,172.10888671875,0.0162069797515869,60800,0.4053333333333333,1.216
307,975,-2.391005039215088,-3.259840965270996,-1.5221688747406006,10.373044967651367,0.0002955189894735,172.10888671875,0.0150897502899169,62400,0.416,1.248
307,1000,-1.805216073989868,-3.182251453399658,-0.4281807541847229,20.54355812072754,0.0002952874741692,172.10888671875,0.0150001049041748,64000,0.4266666666666667,1.28
307,1025,-2.363703489303589,-3.2458536624908447,-1.4815534353256226,13.062929153442385,0.0002950502231643,172.10888671875,0.0160005092620849,65600,0.4373333333333333,1.312
307,1050,3.242634057998657,7.730084419250488,-1.2448161840438845,12.678032875061035,0.0002948072458249,172.10888671875,0.0160040855407714,67200,0.448,1.344
307,1075,-1.4039368629455566,-1.9074525833129885,-0.9004210829734802,11.13760471343994,0.0002945585517435,172.10888671875,0.0159997940063476,68800,0.4586666666666666,1.376
307,1100,-2.6927642822265625,-3.2677669525146484,-2.117761373519897,10.001529693603516,0.0002943041507379,172.10888671875,0.0160005092620849,70400,0.4693333333333333,1.408
307,1125,-2.6574995517730717,-3.244847536087036,-2.0701515674591064,14.258119583129885,0.0002940440528515,172.10888671875,0.0158360004425048,72000,0.48,1.44
307,1150,-2.430677890777588,-3.248989582061768,-1.6123664379119873,13.19438648223877,0.0002937782683526,172.10888671875,0.016000747680664,73600,0.4906666666666666,1.472
307,1175,-2.6387901306152344,-3.295670747756958,-1.9819095134735107,13.981833457946776,0.0002935068077338,172.10888671875,0.0163302421569824,75200,0.5013333333333333,1.504
307,1200,-2.62830114364624,-3.303079128265381,-1.9535231590271,17.405574798583984,0.0002932296817119,172.10888671875,0.0160009860992431,76800,0.512,1.536
307,1225,-2.502878189086914,-3.0998575687408447,-1.905898928642273,29.97736930847168,0.0002929469012275,172.10888671875,0.0159986019134521,78400,0.5226666666666666,1.568
307,1250,-2.6158885955810547,-3.2175867557525635,-2.014190196990967,9.878686904907228,0.0002926584774442,172.10888671875,0.0159997940063476,80000,0.5333333333333333,1.6
307,1275,-2.651170253753662,-3.19605016708374,-2.106290102005005,8.582870483398438,0.0002923644217485,172.10888671875,0.0150003433227539,81600,0.544,1.632
307,1300,-2.4188568592071533,-3.2670223712921143,-1.570691466331482,6.411746025085449,0.0002920647457492,172.10888671875,0.0155270099639892,83200,0.5546666666666666,1.664
307,1325,-2.4704623222351074,-3.279747009277344,-1.661177635192871,11.06056308746338,0.0002917594612769,172.10888671875,0.0170009136199951,84800,0.5653333333333334,1.696
307,1350,-2.363400220870972,-3.165261745452881,-1.5615386962890625,15.752144813537598,0.0002914485803839,172.10888671875,0.0159988403320312,86400,0.576,1.728
307,1375,-2.6817736625671387,-3.274678945541382,-2.0888683795928955,12.316317558288574,0.0002911321153431,172.10888671875,0.0150001049041748,88000,0.5866666666666667,1.76
307,1400,-2.080430507659912,-3.217231273651123,-0.943629503250122,13.78285026550293,0.000290810078648,172.10888671875,0.0165998935699462,89600,0.5973333333333334,1.792
307,1425,-2.619616746902466,-3.218632936477661,-2.0206005573272705,8.832864761352539,0.0002904824830122,172.10888671875,0.0165107250213623,91200,0.608,1.824
307,1450,-2.448460578918457,-3.28613018989563,-1.6107912063598633,11.00385856628418,0.0002901493413684,172.10888671875,0.0150003433227539,92800,0.6186666666666667,1.856
307,1475,-2.1495280265808105,-3.2676548957824707,-1.0314010381698608,6.42371129989624,0.0002898106668687,172.10888671875,0.0168855190277099,94400,0.6293333333333333,1.888
307,1500,-2.698103666305542,-3.2831592559814453,-2.1130480766296387,10.948705673217772,0.0002894664728832,172.10888671875,0.0150010585784912,96000,0.64,1.92
307,1525,-2.4561002254486084,-3.279531478881836,-1.6326690912246704,7.270622730255127,0.0002891167730002,172.10888671875,0.0165073871612548,97600,0.6506666666666666,1.952
307,1550,-2.4369914531707764,-3.291926622390747,-1.5820562839508057,7.262162685394287,0.0002887615810251,172.10888671875,0.0160882472991943,99200,0.6613333333333333,1.984
307,1575,-2.63863468170166,-3.201807737350464,-2.0754618644714355,12.602901458740234,0.0002884009109805,172.10888671875,0.0159990787506103,100800,0.672,2.016
307,1600,-2.6446967124938965,-3.270679712295532,-2.0187134742736816,11.995615005493164,0.0002880347771048,172.10888671875,0.0200028419494628,102400,0.6826666666666666,2.048
307,1625,-2.512279510498047,-3.2494235038757324,-1.7751357555389404,8.376458168029785,0.0002876631938525,172.10888671875,0.0159990787506103,104000,0.6933333333333334,2.08
307,1650,-2.2709383964538574,-3.280696392059326,-1.2611801624298096,7.0120625495910645,0.0002872861758931,172.10888671875,0.0158123970031738,105600,0.704,2.112
307,1675,-2.2375028133392334,-3.227269172668457,-1.247736573219299,12.838236808776855,0.0002869037381105,172.10888671875,0.0155794620513916,107200,0.7146666666666667,2.144
307,1700,-2.470677375793457,-2.8573336601257324,-2.0840208530426025,6.053475379943848,0.0002865158956027,172.10888671875,0.0159964561462402,108800,0.7253333333333334,2.176
307,1725,-1.8223075866699217,-3.1217262744903564,-0.5228888392448425,26.901243209838867,0.0002861226636811,172.10888671875,0.0169968605041503,110400,0.736,2.208
307,1750,-2.658580780029297,-3.271190643310547,-2.045971155166626,8.562633514404297,0.0002857240578699,172.10888671875,0.0160720348358154,112000,0.7466666666666667,2.24
307,1775,6.539559364318848,14.00808334350586,-0.9289644360542296,12.47840690612793,0.0002853200939052,172.10888671875,0.015000581741333,113600,0.7573333333333333,2.272
307,1800,-2.4995508193969727,-3.234246015548706,-1.7648553848266602,12.417720794677734,0.0002849107877349,172.10888671875,0.0160071849822998,115200,0.768,2.304
307,1825,-2.689028739929199,-3.2826592922210693,-2.09539794921875,9.769777297973633,0.0002844961555177,172.10888671875,0.0160002708435058,116800,0.7786666666666666,2.336
307,1850,-2.5982253551483154,-3.259568929672241,-1.9368817806243896,5.786636829376221,0.0002840762136226,172.10888671875,0.0150001049041748,118400,0.7893333333333333,2.368
307,1875,-2.2515695095062256,-3.2826476097106934,-1.2204915285110474,5.801463127136231,0.0002836509786282,172.10888671875,0.0160002708435058,120000,0.8,2.4
307,1900,-2.5964043140411377,-3.253082752227783,-1.9397257566452024,11.814054489135742,0.000283220467322,172.10888671875,0.0160837173461914,121600,0.8106666666666666,2.432
307,1925,-2.043049097061157,-3.2674927711486816,-0.8186053037643433,5.766734600067139,0.0002827846966998,172.10888671875,0.0150008201599121,123200,0.8213333333333334,2.464
307,1950,-2.6716792583465576,-3.29822325706482,-2.045135259628296,2.9612276554107666,0.0002823436839652,172.10888671875,0.0169994831085205,124800,0.832,2.496
307,1975,-2.5434398651123047,-3.2311012744903564,-1.855778455734253,8.784015655517578,0.0002818974465285,172.10888671875,0.0160083770751953,126400,0.8426666666666667,2.528
307,2000,-2.36649227142334,-3.2682154178619385,-1.4647691249847412,7.490978717803955,0.0002814460020065,172.10888671875,0.015765905380249,128000,0.8533333333333334,2.56
307,2025,-2.3900692462921143,-3.284639596939087,-1.4954988956451416,9.461472511291504,0.0002809893682214,172.10888671875,0.0160620212554931,129600,0.864,2.592
307,2050,-2.57189416885376,-3.2306296825408936,-1.913158655166626,7.018645763397217,0.0002805275632004,172.10888671875,0.0165090560913085,131200,0.8746666666666667,2.624
307,2075,-2.453584671020508,-3.261380434036255,-1.6457886695861816,7.325910568237305,0.0002800606051746,172.10888671875,0.0160036087036132,132800,0.8853333333333333,2.656
307,2100,-2.5825681686401367,-3.2867064476013184,-1.878429651260376,3.998045921325684,0.0002795885125789,172.10888671875,0.0160019397735595,134400,0.896,2.688
307,2125,-2.764037132263184,-3.297262191772461,-2.2308123111724854,8.869974136352539,0.0002791113040505,172.10888671875,0.0149998664855957,136000,0.9066666666666666,2.72
307,2150,-2.73243260383606,-3.299912214279175,-2.1649529933929443,11.71183967590332,0.000278628998429,172.10888671875,0.0155093669891357,137600,0.9173333333333332,2.752
307,2175,-2.653658866882324,-3.273440361022949,-2.03387713432312,4.379222869873047,0.0002781416147548,172.10888671875,0.0149986743927001,139200,0.928,2.784
307,2200,-2.7385482788085938,-3.3091795444488525,-2.167917013168335,2.7964861392974854,0.0002776491722692,172.10888671875,0.0159997940063476,140800,0.9386666666666666,2.816
307,2225,-2.517401218414306,-3.2196991443634038,-1.8151034116744995,15.08799648284912,0.0002771516904127,172.10888671875,0.0150012969970703,142400,0.9493333333333334,2.848
307,2250,-2.1434435844421387,-3.2374913692474365,-1.0493957996368408,7.465559005737305,0.0002766491888253,172.10888671875,0.0160000324249267,144000,0.96,2.88
307,2275,-2.667444467544556,-3.194688558578491,-2.14020037651062,15.690969467163086,0.0002761416873447,172.10888671875,0.0150682926177978,145600,0.9706666666666668,2.912
307,2300,-2.68350887298584,-3.280832290649414,-2.0861852169036865,11.200315475463867,0.0002756292060063,172.10888671875,0.0159993171691894,147200,0.9813333333333332,2.944
307,2325,-2.6434226036071777,-3.2793567180633545,-2.00748872756958,6.0421013832092285,0.0002751117650419,172.10888671875,0.0169999599456787,148800,0.992,2.976
307,2350,-2.704226016998291,-3.2787818908691406,-2.1296699047088623,10.91757869720459,0.0002745893848793,172.10888671875,0.0160613059997558,150400,1.0026666666666666,3.008
307,2375,-2.4412426948547363,-3.2988951206207275,-1.583590388298035,3.977088689804077,0.0002740620861411,172.10888671875,0.0150024890899658,152000,1.0133333333333334,3.04
307,2400,-2.619079113006592,-3.2699708938598637,-1.9681875705718996,3.737905263900757,0.0002735298896442,172.10888671875,0.0150022506713867,153600,1.024,3.072
307,2425,-2.672893762588501,-3.323704242706299,-2.022083282470703,6.579397678375244,0.0002729928163988,172.10888671875,0.0155131816864013,155200,1.0346666666666666,3.104
307,2450,-2.7151455879211426,-3.310243844985962,-2.120047092437744,5.490458488464356,0.0002724508876075,172.10888671875,0.0180006027221679,156800,1.0453333333333332,3.136
307,2475,-2.6353931427001958,-3.3116369247436523,-1.9591492414474487,9.794510841369627,0.0002719041246649,172.10888671875,0.0150001049041748,158400,1.056,3.168
307,2500,-2.6859145164489746,-3.285298109054565,-2.086530923843384,10.05918788909912,0.0002713525491562,172.10888671875,0.0169992446899414,160000,1.0666666666666669,3.2
307,2525,-2.7489380836486816,-3.3113110065460205,-2.186565399169922,7.814775943756103,0.0002707961828566,172.10888671875,0.0155065059661865,161600,1.0773333333333333,3.232
307,2550,-2.7365498542785645,-3.279287576675415,-2.1938118934631348,12.394834518432615,0.0002702350477306,172.10888671875,0.0155122280120849,163200,1.088,3.264
307,2575,-2.7101941108703613,-3.2830138206481934,-2.13737416267395,3.2206099033355717,0.0002696691659307,172.10888671875,0.0155131816864013,164800,1.098666666666667,3.296
307,2600,-2.645892143249512,-3.232057571411133,-2.0597269535064697,10.47714614868164,0.0002690985597971,172.10888671875,0.0155568122863769,166400,1.1093333333333333,3.328
307,2625,-2.6735682487487797,-3.287362813949585,-2.0597739219665527,9.18189525604248,0.0002685232518563,172.10888671875,0.0159993171691894,168000,1.12,3.36
307,2650,-2.5704574584960938,-3.2761013507843018,-1.864813446998596,8.968429565429688,0.0002679432648204,172.10888671875,0.0161070823669433,169600,1.1306666666666667,3.392
307,2675,-2.603026866912842,-3.296954870223999,-1.9090986251831052,5.200773239135742,0.0002673586215864,172.10888671875,0.0165057182312011,171200,1.1413333333333333,3.424
307,2700,-2.5279412269592285,-3.30385160446167,-1.7520309686660769,6.986746311187744,0.000266769345235,172.10888671875,0.0155055522918701,172800,1.152,3.456
307,2725,-2.646557569503784,-3.3018124103546143,-1.991302728652954,9.760541915893556,0.0002661754590298,172.10888671875,0.0155134201049804,174400,1.1626666666666667,3.488
307,2750,-2.711994171142578,-3.311097860336304,-2.112890720367432,8.172799110412598,0.0002655769864163,172.10888671875,0.0150001049041748,176000,1.1733333333333331,3.52
307,2775,-2.7298476696014404,-3.3110191822052,-2.1486761569976807,5.178950786590576,0.0002649739510214,172.10888671875,0.0159993171691894,177600,1.184,3.552
307,2800,-2.742558240890503,-3.3031606674194336,-2.1819558143615723,8.372117042541504,0.0002643663766517,172.10888671875,0.0159988403320312,179200,1.1946666666666668,3.584
307,2825,-2.699887752532959,-3.282362937927246,-2.117412805557251,14.828802108764648,0.0002637542872933,172.10888671875,0.0170001983642578,180800,1.2053333333333334,3.616
307,2850,-2.644145965576172,-3.272012710571289,-2.016279458999634,6.2226643562316895,0.0002631377071104,172.10888671875,0.016571044921875,182400,1.216,3.648
307,2875,-0.4059786200523376,0.9317517280578612,-1.7437089681625366,5.597349166870117,0.0002625166604445,172.10888671875,0.0159997940063476,184000,1.2266666666666666,3.68
307,2900,-2.491572618484497,-3.295023202896118,-1.6881221532821655,6.604409694671631,0.0002618911718136,172.10888671875,0.0160005092620849,185600,1.2373333333333334,3.712
307,2925,-2.6248018741607666,-3.30240535736084,-1.947198271751404,3.1246135234832764,0.0002612612659108,172.10888671875,0.0159997940063476,187200,1.248,3.744
307,2950,-2.491976499557495,-3.281238317489624,-1.7027145624160769,7.733565807342529,0.0002606269676037,172.10888671875,0.0155084133148193,188800,1.2586666666666666,3.776
307,2975,-2.709587812423706,-3.2873010635375977,-2.1318745613098145,7.209446907043457,0.0002599883019333,172.10888671875,0.0173919200897216,190400,1.2693333333333334,3.808
307,3000,-2.4615986347198486,-3.1725287437438965,-1.7506685256958008,9.79518699645996,0.0002593452941132,172.10888671875,0.0159995555877685,192000,1.28,3.84
307,3025,-2.748199462890625,-3.3128228187561035,-2.1835763454437256,5.614135265350342,0.000258697969528,172.10888671875,0.0155072212219238,193600,1.2906666666666666,3.872
307,3050,11.68597412109375,24.954856872558597,-1.582909107208252,16.9824161529541,0.0002580463537331,172.10888671875,0.016000747680664,195200,1.3013333333333332,3.904
307,3075,-2.635042667388916,-3.2955267429351807,-1.9745585918426516,6.731860637664795,0.0002573904724532,172.10888671875,0.0165162086486816,196800,1.312,3.936
307,3100,9.630729675292969,21.358400344848636,-2.0969417095184326,18.78013038635254,0.0002567303515813,172.10888671875,0.0160038471221923,198400,1.3226666666666669,3.968
307,3125,-2.6481735706329346,-3.2670557498931885,-2.0292913913726807,12.679484367370604,0.0002560660171779,172.10888671875,0.0160021781921386,200000,1.3333333333333333,4.0
307,3150,-2.0566177368164062,-3.2578125,-0.8554229736328125,10.479002952575684,0.0002553974954698,172.10888671875,0.0170004367828369,201600,1.344,4.032
307,3175,-2.6816463470458984,-3.3207483291625977,-2.0425446033477783,7.317584991455078,0.000254724812849,172.10888671875,0.0150001049041748,203200,1.354666666666667,4.064
307,3200,-2.5727028846740723,-3.3048903942108154,-1.840515375137329,5.360559463500977,0.0002540479958719,172.10888671875,0.0153350830078125,204800,1.3653333333333333,4.096
307,3225,-2.6363863945007324,-3.285083770751953,-1.9876888990402224,4.6943769454956055,0.0002533670712581,172.10888671875,0.0160002708435058,206400,1.376,4.128
307,3250,-2.677728176116944,-3.2501354217529297,-2.105321168899536,4.112692356109619,0.0002526820658893,172.10888671875,0.0160002708435058,208000,1.3866666666666667,4.16
307,3275,-2.5696372985839844,-3.2788569927215576,-1.8604178428649905,4.784660816192627,0.0002519930068083,172.10888671875,0.0159986019134521,209600,1.397333333333333,4.192
307,3300,-2.6372740268707275,-3.302953720092773,-1.971594214439392,4.503148555755615,0.0002512999212181,172.10888671875,0.0160014629364013,211200,1.408,4.224
307,3325,-2.6549673080444336,-3.2986209392547607,-2.011313438415528,8.48814868927002,0.0002506028364805,172.10888671875,0.015038251876831,212800,1.4186666666666667,4.256
307,3350,-2.521614789962769,-3.251138210296631,-1.7920913696289062,9.715893745422363,0.0002499017801151,172.10888671875,0.0149998664855957,214400,1.4293333333333331,4.288
307,3375,-2.5556063652038574,-3.29467511177063,-1.8165377378463743,7.249969959259033,0.0002491967797985,172.10888671875,0.0149996280670166,216000,1.44,4.32
307,3400,-2.7328643798828125,-3.3108389377593994,-2.1548900604248047,7.850871086120605,0.0002484878633629,172.10888671875,0.0180003643035888,217600,1.4506666666666668,4.352
307,3425,-2.747122287750244,-3.3089475631713867,-2.1852970123291016,3.340965509414673,0.0002477750587951,172.10888671875,0.0160000324249267,219200,1.4613333333333334,4.384
307,3450,-2.704840421676636,-3.261685609817505,-2.1479952335357666,3.29601526260376,0.0002470583942354,172.10888671875,0.0151357650756835,220800,1.472,4.416
307,3475,-2.5852975845336914,-3.278085470199585,-1.892509937286377,7.874672889709473,0.0002463378979764,172.10888671875,0.0149981975555419,222400,1.4826666666666666,4.448
307,3500,-2.2189812660217285,-3.297776222229004,-1.140186429023743,9.780440330505373,0.0002456135984623,172.10888671875,0.0159964561462402,224000,1.4933333333333334,4.48
307,3525,-2.598832607269287,-3.303053140640259,-1.8946123123168943,4.81752872467041,0.0002448855242869,172.10888671875,0.0150020122528076,225600,1.504,4.512
307,3550,-2.7078914642333984,-3.325754880905152,-2.0900278091430664,6.701103210449219,0.0002441537041936,172.10888671875,0.0160002708435058,227200,1.5146666666666666,4.544
307,3575,-2.628908395767212,-3.3069934844970703,-1.9508233070373533,4.028491973876953,0.0002434181670732,172.10888671875,0.016000747680664,228800,1.5253333333333334,4.576
307,3600,-2.661100149154663,-3.321528673171997,-2.000671625137329,5.0392231941223145,0.0002426789419635,172.10888671875,0.0149962902069091,230400,1.536,4.608
307,3625,-2.774433135986328,-3.311394691467285,-2.237471342086792,4.1066484451293945,0.0002419360580479,172.10888671875,0.0159995555877685,232000,1.5466666666666666,4.64
307,3650,-2.667877674102783,-3.245880126953125,-2.0898754596710205,7.740022659301758,0.0002411895446541,172.10888671875,0.0160005092620849,233600,1.5573333333333332,4.672
307,3675,-2.476139068603516,-3.307063341140747,-1.645214557647705,4.657190799713135,0.0002404394312533,172.10888671875,0.0150001049041748,235200,1.568,4.704
307,3700,-2.2877917289733887,-2.517818689346313,-2.057765007019043,2.6569526195526123,0.0002396857474586,172.10888671875,0.0150003433227539,236800,1.5786666666666669,4.736
307,3725,-2.712831974029541,-3.2947378158569336,-2.1309263706207275,11.867055892944336,0.0002389285230241,172.10888671875,0.0150818824768066,238400,1.5893333333333333,4.768
307,3750,-2.7621002197265625,-3.3084917068481445,-2.21570897102356,7.505034923553467,0.0002381677878438,172.10888671875,0.0150003433227539,240000,1.6,4.8
307,3775,-2.6672420501708984,-3.3008837699890137,-2.033600330352783,4.235501766204834,0.0002374035719502,172.10888671875,0.0149979591369628,241600,1.6106666666666667,4.832
307,3800,-2.798600673675537,-3.330350399017334,-2.26685094833374,5.044216156005859,0.0002366359055133,172.10888671875,0.0150094032287597,243200,1.6213333333333333,4.864
307,3825,-2.772202491760254,-3.328911542892456,-2.2154932022094727,4.364744186401367,0.0002358648188391,172.10888671875,0.0150821208953857,244800,1.632,4.896
307,3850,-2.402193307876587,-3.2510650157928467,-1.5533215999603271,8.709705352783203,0.000235090342369,172.10888671875,0.0159990787506103,246400,1.6426666666666667,4.928
307,3875,-2.7389841079711914,-3.309180736541748,-2.168787240982056,4.948696136474609,0.0002343125066778,172.10888671875,0.0159995555877685,248000,1.653333333333333,4.96
307,3900,-2.5494303703308105,-3.3102915287017822,-1.7885689735412598,3.4747753143310547,0.0002335313424732,172.10888671875,0.0159995555877685,249600,1.664,4.992
307,3925,-2.742307662963867,-3.3005053997039795,-2.184110164642334,3.2050223350524902,0.0002327468805942,172.10888671875,0.0160002708435058,251200,1.6746666666666667,5.024
307,3950,-2.687020063400269,-3.284022331237793,-2.090017795562744,8.997335433959961,0.0002319591520101,172.10888671875,0.0169997215270996,252800,1.6853333333333331,5.056
307,3975,-2.7308874130249023,-3.290482521057129,-2.1712920665740967,5.625181674957275,0.000231168187819,172.10888671875,0.0170004367828369,254400,1.696,5.088
307,4000,-2.4733386039733887,-3.28981614112854,-1.6568610668182373,4.671609401702881,0.0002303740192468,172.10888671875,0.0169997215270996,256000,1.7066666666666668,5.12
307,4025,-2.7085413932800293,-3.309090614318848,-2.10799241065979,5.496837139129639,0.000229576677646,172.10888671875,0.0160005092620849,257600,1.7173333333333334,5.152
307,4050,-2.701546192169189,-3.306898593902588,-2.096193552017212,6.2374114990234375,0.0002287761944941,172.10888671875,0.0150673389434814,259200,1.728,5.184
307,4075,-2.812270164489746,-3.3283369541168213,-2.296203136444092,6.4361252784729,0.0002279726013931,172.10888671875,0.0169997215270996,260800,1.7386666666666666,5.216
307,4100,-2.749898195266724,-3.3093421459198,-2.1904542446136475,7.843523025512695,0.0002271659300672,172.10888671875,0.0159990787506103,262400,1.7493333333333334,5.248
307,4125,-2.608274221420288,-3.3099279403686523,-1.906620502471924,7.935091018676758,0.0002263562123625,172.10888671875,0.0159988403320312,264000,1.76,5.28
307,4150,-2.833660125732422,-3.3509609699249268,-2.316359043121338,6.733170509338379,0.0002255434802453,172.10888671875,0.0159134864807128,265600,1.7706666666666666,5.312
307,4175,-2.781014442443848,-3.33750581741333,-2.2245233058929443,5.206151485443115,0.0002247277658009,172.10888671875,0.0155038833618164,267200,1.7813333333333334,5.344
307,4200,-2.67641544342041,-3.334378719329834,-2.018452405929565,3.532493829727173,0.0002239091012322,172.10888671875,0.0169959068298339,268800,1.792,5.376
307,4225,-2.235665798187256,-2.7084105014801025,-1.7629209756851196,5.4344682693481445,0.0002230875188587,172.10888671875,0.0150051116943359,270400,1.8026666666666664,5.408
307,4250,-2.792320251464844,-3.310789108276367,-2.273851156234741,5.345390796661377,0.0002222630511152,172.10888671875,0.0160036087036132,272000,1.8133333333333328,5.44
307,4275,-2.4546573162078857,-3.3081326484680176,-1.601181983947754,4.768824100494385,0.0002214357305501,172.10888671875,0.0151500701904296,273600,1.824,5.472
307,4300,-2.708048820495605,-3.2600245475769043,-2.1560733318328857,8.97358226776123,0.0002206055898247,172.10888671875,0.0160017013549804,275200,1.834666666666667,5.504
307,4325,-2.759741306304932,-3.322989225387573,-2.196493625640869,3.190937757492065,0.0002197726617116,172.10888671875,0.017221450805664,276800,1.8453333333333333,5.536
307,4350,-2.7648959159851074,-3.305187225341797,-2.224604845046997,2.541196584701538,0.0002189369790932,172.10888671875,0.0159988403320312,278400,1.856,5.568
307,4375,-2.591179370880127,-3.3036062717437744,-1.8787527084350584,7.146749019622803,0.0002180985749609,172.10888671875,0.0149991512298583,280000,1.8666666666666667,5.6
307,4400,-2.7035140991210938,-3.308640718460083,-2.0983872413635254,8.556442260742188,0.0002172574824135,172.10888671875,0.0155036449432373,281600,1.8773333333333333,5.632
307,4425,-2.640946865081787,-3.3121254444122314,-1.9697684049606323,5.5311384201049805,0.0002164137346558,172.10888671875,0.0155088901519775,283200,1.888,5.664
307,4450,-2.702067375183105,-3.334970474243164,-2.069164514541626,6.121377468109131,0.0002155673649976,172.10888671875,0.0160005092620849,284800,1.8986666666666667,5.696
307,4475,-2.74990463256836,-3.320563793182373,-2.179245710372925,5.849119663238525,0.0002147184068521,172.10888671875,0.0150043964385986,286400,1.909333333333333,5.728
307,4500,-2.785667896270752,-3.316671133041382,-2.254664897918701,3.107582330703736,0.0002138668937347,172.10888671875,0.0159995555877685,288000,1.92,5.76
307,4525,-2.7611327171325684,-3.311372756958008,-2.210892915725708,5.285466194152832,0.0002130128592617,172.10888671875,0.0160019397735595,289600,1.9306666666666668,5.792
307,4550,-2.6865692138671875,-3.325114727020264,-2.048023462295532,2.97943377494812,0.0002121563371489,172.10888671875,0.0150001049041748,291200,1.9413333333333331,5.824
307,4575,-2.592475414276123,-3.305899381637573,-1.8790512084960935,5.199039936065674,0.0002112973612104,172.10888671875,0.0159981250762939,292800,1.952,5.856
307,4600,-2.727255582809448,-3.2855420112609863,-2.16896915435791,8.575865745544434,0.000210435965357,172.10888671875,0.0160000324249267,294400,1.9626666666666663,5.888
307,4625,-2.3529200553894043,-3.299155712127685,-1.406684637069702,7.32572078704834,0.0002095721835952,172.10888671875,0.0150010585784912,296000,1.9733333333333332,5.92
307,4650,-2.8153204917907715,-3.3251991271972656,-2.3054420948028564,3.4499175548553467,0.0002087060500255,172.10888671875,0.016505479812622,297600,1.984,5.952
307,4675,-2.8193624019622803,-3.3504910469055176,-2.288233757019043,2.2862677574157715,0.0002078375988416,172.10888671875,0.0160000324249267,299200,1.9946666666666664,5.984
307,4700,-2.661013126373291,-3.26668119430542,-2.055345058441162,8.791081428527832,0.0002069668643282,172.10888671875,0.0160002708435058,300800,2.005333333333333,6.016
307,4725,-2.7153029441833496,-3.261942148208618,-2.16866397857666,5.605721473693848,0.0002060938808606,172.10888671875,0.0190000534057617,302400,2.016,6.048
307,4750,-2.809628486633301,-3.30261492729187,-2.3166418075561523,4.320740699768066,0.0002052186829027,172.10888671875,0.0159993171691894,304000,2.026666666666667,6.08
307,4775,-2.803431749343872,-3.336196184158325,-2.270667314529419,3.66410231590271,0.0002043413050056,172.10888671875,0.0150010585784912,305600,2.037333333333333,6.112
307,4800,-2.768056154251098,-3.295916080474853,-2.240196228027344,4.250356674194336,0.0002034617818069,172.10888671875,0.0169994831085205,307200,2.048,6.144
307,4825,-2.8010787963867188,-3.3275506496429443,-2.2746071815490723,3.100013732910156,0.0002025801480286,172.10888671875,0.0169992446899414,308800,2.058666666666667,6.176
307,4850,-2.828643560409546,-3.331308126449585,-2.325978994369507,1.8152179718017576,0.0002016964384761,172.10888671875,0.0150012969970703,310400,2.069333333333333,6.208
307,4875,-2.8012895584106445,-3.329273462295532,-2.273305654525757,3.866652488708496,0.0002008106880367,172.10888671875,0.016000747680664,312000,2.08,6.24
307,4900,-2.8401200771331787,-3.3275277614593506,-2.352712392807007,3.311756134033203,0.0001999229316784,172.10888671875,0.0161130428314209,313600,2.0906666666666665,6.272
307,4925,-2.805075168609619,-3.29446792602539,-2.315682172775269,3.829699993133545,0.0001990332044482,172.10888671875,0.0159995555877685,315200,2.1013333333333333,6.304
307,4950,-2.7277932167053223,-3.323676824569702,-2.1319093704223637,9.4710054397583,0.000198141541471,172.10888671875,0.0158765316009521,316800,2.112,6.336
307,4975,-2.582876205444336,-3.3168375492095947,-1.848914623260498,4.4110188484191895,0.0001972479779482,172.10888671875,0.0160026550292968,318400,2.1226666666666665,6.368
307,5000,-2.800821304321289,-3.3291103839874268,-2.2725319862365723,3.9267072677612314,0.0001963525491562,172.10888671875,0.0160017013549804,320000,2.1333333333333333,6.4
307,5025,-2.8257970809936523,-3.321446180343628,-2.3301477432250977,2.837002754211426,0.0001954552904449,172.10888671875,0.0160040855407714,321600,2.144,6.432
307,5050,-2.811340808868408,-3.3260338306427,-2.296647548675537,4.611060619354248,0.0001945562372365,172.10888671875,0.0150003433227539,323200,2.1546666666666665,6.464
307,5075,-2.7552719116210938,-3.309220314025879,-2.2013235092163086,4.03713321685791,0.0001936554250242,172.10888671875,0.0170016288757324,324800,2.1653333333333333,6.496
307,5100,-2.5386791229248047,-2.8413143157958984,-2.23604416847229,4.5420684814453125,0.0001927528893704,172.10888671875,0.0159993171691894,326400,2.176,6.528
307,5125,-2.810624122619629,-3.312485933303833,-2.308762311935425,4.334360122680664,0.0001918486659058,172.10888671875,0.0150003433227539,328000,2.1866666666666665,6.56
307,5150,-2.7820825576782227,-3.312822103500366,-2.251343011856079,4.776646137237549,0.0001909427903275,172.10888671875,0.0159974098205566,329600,2.1973333333333334,6.592
307,5175,-2.789892196655273,-3.3225064277648926,-2.2572782039642334,2.440528631210327,0.000190035298398,172.10888671875,0.0155971050262451,331200,2.208,6.624
307,5200,-2.773773193359375,-3.3327572345733643,-2.214788913726806,3.276855230331421,0.0001891262259434,172.10888671875,0.0160043239593505,332800,2.2186666666666666,6.656
307,5225,-2.7737350463867188,-3.3275179862976074,-2.21995210647583,5.232968807220459,0.0001882156088525,172.10888671875,0.0164458751678466,334400,2.2293333333333334,6.688
307,5250,-2.8069331645965576,-3.318781614303589,-2.2950847148895264,5.602930068969727,0.0001873034830747,172.10888671875,0.0160577297210693,336000,2.24,6.72
307,5275,-2.79487943649292,-3.3135533332824707,-2.276205539703369,1.908820390701294,0.0001863898846193,172.10888671875,0.0149993896484375,337600,2.2506666666666666,6.752
307,5300,-2.810590982437134,-3.3397445678710938,-2.281437397003174,2.748457908630371,0.0001854748495535,172.10888671875,0.0150525569915771,339200,2.2613333333333334,6.784
307,5325,-2.769400119781494,-3.325629711151123,-2.213170289993286,2.234389305114746,0.0001845584140014,172.10888671875,0.0160014629364013,340800,2.272,6.816
307,5350,-2.57779312133789,-2.918516159057617,-2.237069845199585,4.051181316375732,0.0001836406141424,172.10888671875,0.0160002708435058,342400,2.2826666666666666,6.848
307,5375,-2.817413806915283,-3.3446991443634038,-2.290128231048584,3.6453468799591056,0.0001827214862094,172.10888671875,0.0149962902069091,344000,2.293333333333333,6.88
307,5400,-2.3816885948181152,-2.5861623287200928,-2.1772148609161377,8.132153511047363,0.0001818010664883,172.10888671875,0.0161449909210205,345600,2.304,6.912
307,5425,-2.828927993774414,-3.3278768062591557,-2.329979181289673,5.528719425201416,0.0001808793913154,172.10888671875,0.016580581665039,347200,2.3146666666666667,6.944
307,5450,-2.753481864929199,-3.312542200088501,-2.1944212913513184,6.788701057434082,0.0001799564970771,172.10888671875,0.0160121917724609,348800,2.325333333333333,6.976
307,5475,-2.4195659160614014,-3.330936908721924,-1.5081950426101685,5.820832252502441,0.0001790324202076,172.10888671875,0.0155067443847656,350400,2.336,7.008
307,5500,-2.781378746032715,-3.315579891204834,-2.247177600860596,4.506682395935059,0.0001781071971878,172.10888671875,0.015507698059082,352000,2.3466666666666667,7.04
307,5525,-2.828270673751831,-3.3475341796875,-2.309007167816162,4.719515800476074,0.000177180864544,172.10888671875,0.0160210132598876,353600,2.357333333333333,7.072
307,5550,-2.825874328613281,-3.333349704742432,-2.318398952484131,3.6422760486602783,0.0001762534588462,172.10888671875,0.016998291015625,355200,2.368,7.104
307,5575,-2.803208351135254,-3.3355870246887207,-2.270829916000366,1.92744255065918,0.0001753250167069,172.10888671875,0.0169987678527832,356800,2.3786666666666667,7.136
307,5600,-2.820293664932251,-3.307723999023437,-2.3328633308410645,8.510117530822754,0.0001743955747792,172.10888671875,0.0160000324249267,358400,2.389333333333333,7.168
307,5625,-2.811354160308838,-3.327413320541382,-2.295294761657715,2.752454996109009,0.000173465169756,172.10888671875,0.0159451961517334,360000,2.4,7.2
307,5650,-2.6405704021453857,-3.323448896408081,-1.95769202709198,4.0328688621521,0.0001725338383681,172.10888671875,0.0160162448883056,361600,2.4106666666666667,7.232
307,5675,-2.562767505645752,-2.8465349674224854,-2.2790002822875977,2.6397526264190674,0.0001716016173828,172.10888671875,0.0175142288208007,363200,2.421333333333333,7.264
307,5700,-2.632493734359741,-3.3234376907348637,-1.9415497779846191,5.711516380310059,0.0001706685436026,172.10888671875,0.0170021057128906,364800,2.432,7.296
307,5725,-2.7558743953704834,-3.314018726348877,-2.19773006439209,2.238438606262207,0.0001697346538638,172.10888671875,0.0161149501800537,366400,2.4426666666666668,7.328
307,5750,-2.8061323165893555,-3.3379769325256348,-2.2742879390716557,2.346001148223877,0.0001687999850346,172.10888671875,0.0230188369750976,368000,2.453333333333333,7.36
307,5775,-2.8329286575317383,-3.3260650634765625,-2.339792013168335,6.390509128570557,0.0001678645740142,172.10888671875,0.0161507129669189,369600,2.464,7.392
307,5800,-2.8094913959503174,-3.3286592960357666,-2.290323495864868,2.7529587745666504,0.000166928457731,172.10888671875,0.017249584197998,371200,2.474666666666667,7.424
307,5825,-2.746290683746338,-3.296938419342041,-2.195642709732056,2.6502015590667725,0.0001659916731412,172.10888671875,0.0177648067474365,372800,2.485333333333333,7.456
307,5850,-2.8348910808563232,-3.3138229846954346,-2.355959177017212,2.016838788986206,0.0001650542572276,172.10888671875,0.0155119895935058,374400,2.496,7.488
307,5875,-2.7636423110961914,-3.3109469413757324,-2.2163376808166504,2.4641807079315186,0.0001641162469977,172.10888671875,0.0255324840545654,376000,2.506666666666667,7.52
307,5900,-2.79589581489563,-3.287412405014038,-2.3043792247772217,2.2835464477539062,0.0001631776794826,172.10888671875,0.0160543918609619,377600,2.517333333333333,7.552
307,5925,-2.802029609680176,-3.312371730804444,-2.2916877269744877,4.802426815032959,0.0001622385917352,172.10888671875,0.0186798572540283,379200,2.528,7.584
307,5950,-2.8491482734680176,-3.326899528503418,-2.3713972568511963,8.51980209350586,0.0001612990208291,172.10888671875,0.0218324661254882,380800,2.538666666666667,7.616
307,5975,-2.8474855422973637,-3.3299663066864014,-2.365004777908325,8.732905387878418,0.0001603590038571,172.10888671875,0.0164694786071777,382400,2.549333333333333,7.648
307,6000,-2.836682081222534,-3.332868814468384,-2.340495347976685,2.790379285812378,0.0001594185779293,172.10888671875,0.0160102844238281,384000,2.56,7.68
307,6025,-2.518839120864868,-3.30603551864624,-1.731642723083496,7.05355978012085,0.0001584777801723,172.10888671875,0.015920877456665,385600,2.570666666666667,7.712
307,6050,-2.801837921142578,-3.2875852584838867,-2.316090583801269,5.632110118865967,0.0001575366477269,172.10888671875,0.0190143585205078,387200,2.5813333333333333,7.744
307,6075,-2.792510509490967,-3.30460524559021,-2.2804160118103027,2.7386350631713867,0.0001565952177476,172.10888671875,0.0254297256469726,388800,2.592,7.776
307,6100,-2.8355917930603027,-3.2891957759857178,-2.3819875717163086,3.2371702194213867,0.0001556535274004,172.10888671875,0.0220930576324462,390400,2.6026666666666665,7.808
307,6125,-2.793540000915528,-3.3370087146759038,-2.2500710487365723,3.6319289207458496,0.0001547116138617,172.10888671875,0.0160219669342041,392000,2.6133333333333333,7.84
307,6150,-2.754453659057617,-3.3096494674682617,-2.1992578506469727,4.52365255355835,0.0001537695143165,172.10888671875,0.016139268875122,393600,2.624,7.872
307,6175,-2.849759340286255,-3.359692096710205,-2.3398265838623047,1.92518150806427,0.0001528272659573,172.10888671875,0.0170123577117919,395200,2.6346666666666665,7.904
307,6200,-2.80967378616333,-3.346518278121948,-2.272829532623291,2.7870917320251465,0.0001518849059825,172.10888671875,0.0155060291290283,396800,2.6453333333333333,7.936
307,6225,-2.791512966156006,-3.312972068786621,-2.2700536251068115,2.863173723220825,0.0001509424715948,172.10888671875,0.0160162448883056,398400,2.656,7.968
307,6250,-2.8178038597106934,-3.329044818878174,-2.306562900543213,4.119022369384766,0.0001499999999999,172.10888671875,0.0160157680511474,400000,2.6666666666666665,8.0
307,6275,-2.8302900791168213,-3.304194927215576,-2.3563852310180664,2.566792249679565,0.0001490575284051,172.10888671875,0.0160143375396728,401600,2.6773333333333333,8.032
307,6300,-2.6239960193634038,-3.324605226516724,-1.9233866930007932,3.1398744583129883,0.0001481150940174,172.10888671875,0.0150127410888671,403200,2.688,8.064
307,6325,4.704623699188232,11.422553062438965,-2.013305425643921,9.23486328125,0.0001471727340426,172.10888671875,0.0170164108276367,404800,2.6986666666666665,8.096
307,6350,-2.7700412273406982,-3.329498052597046,-2.2105844020843506,3.1405434608459477,0.0001462304856834,172.10888671875,0.016014814376831,406400,2.7093333333333334,8.128
307,6375,-2.849362373352051,-3.3504297733306885,-2.348294734954834,5.437934398651123,0.0001452883861382,172.10888671875,0.0160138607025146,408000,2.72,8.16
307,6400,-2.8276591300964355,-3.3290367126464844,-2.326281785964966,1.5641391277313232,0.0001443464725995,172.10888671875,0.0155091285705566,409600,2.7306666666666666,8.192
307,6425,-2.8157546520233154,-3.308557748794556,-2.322951555252075,4.532015800476074,0.0001434047822523,172.10888671875,0.0161609649658203,411200,2.7413333333333334,8.224
307,6450,-2.8291826248168945,-3.302397489547729,-2.3559679985046387,3.1619069576263428,0.000142463352273,172.10888671875,0.0150210857391357,412800,2.752,8.256
307,6475,-2.837113380432129,-3.338181257247925,-2.336045265197754,2.2445576190948486,0.0001415222198276,172.10888671875,0.0160236358642578,414400,2.7626666666666666,8.288
307,6500,-2.7897257804870605,-3.3373680114746094,-2.2420833110809326,3.322499513626098,0.0001405814220706,172.10888671875,0.0150001049041748,416000,2.773333333333333,8.32
307,6525,-2.8398561477661133,-3.3534789085388184,-2.326233148574829,2.865593433380127,0.0001396409961428,172.10888671875,0.0159997940063476,417600,2.784,8.352
307,6550,-2.82285737991333,-3.3186135292053223,-2.327100992202759,4.587503433227539,0.0001387009791708,172.10888671875,0.0150601863861083,419200,2.794666666666666,8.384
307,6575,-2.8151416778564453,-3.3189961910247803,-2.311287403106689,4.037476062774658,0.0001377614082647,172.10888671875,0.0150015354156494,420800,2.805333333333333,8.416
307,6600,-2.8551623821258545,-3.3431613445281982,-2.3671634197235107,3.303197860717773,0.0001368223205173,172.10888671875,0.0159997940063476,422400,2.816,8.448
307,6625,-2.806025981903076,-3.312674045562744,-2.2993781566619877,2.682025671005249,0.0001358837530022,172.10888671875,0.0169956684112548,424000,2.8266666666666667,8.48
307,6650,-2.8250856399536133,-3.327032327651977,-2.323139190673828,3.133605718612671,0.0001349457427723,172.10888671875,0.0150003433227539,425600,2.837333333333333,8.512
307,6675,-2.827324390411377,-3.332063913345337,-2.322584867477417,4.758959770202637,0.0001340083268587,172.10888671875,0.0151762962341308,427200,2.848,8.544
307,6700,-2.3079605102539062,-3.29541277885437,-1.3205084800720217,8.58542537689209,0.0001330715422689,172.10888671875,0.014998435974121,428800,2.8586666666666667,8.576
307,6725,-2.838312149047852,-3.362995147705078,-2.313628911972046,1.4425722360610962,0.0001321354259857,172.10888671875,0.0159981250762939,430400,2.869333333333333,8.608
307,6750,-2.8478341102600098,-3.3696866035461426,-2.325981616973877,2.414288282394409,0.0001312000149653,172.10888671875,0.0169994831085205,432000,2.88,8.64
307,6775,-2.8081722259521484,-3.331667184829712,-2.284677028656006,3.674916982650757,0.0001302653461361,172.10888671875,0.016566514968872,433600,2.8906666666666667,8.672
307,6800,-2.810841560363769,-3.328503131866455,-2.293179988861084,8.777029991149902,0.0001293314563973,172.10888671875,0.0170056819915771,435200,2.901333333333333,8.704
307,6825,-2.836014747619629,-3.3516414165496826,-2.3203883171081543,6.67225456237793,0.0001283983826171,172.10888671875,0.0146834850311279,436800,2.912,8.736
307,6850,-2.8516361713409424,-3.3430869579315186,-2.360185384750366,2.538581371307373,0.0001274661616318,172.10888671875,0.0159981250762939,438400,2.9226666666666667,8.768
307,6875,-2.823232650756836,-3.3290441036224365,-2.317421197891236,1.643109917640686,0.0001265348302439,172.10888671875,0.0171012878417968,440000,2.933333333333333,8.8
307,6900,-2.8230905532836914,-3.324549674987793,-2.321631669998169,2.4301230907440186,0.0001256044252207,172.10888671875,0.0155136585235595,441600,2.944,8.832
307,6925,-2.8420536518096924,-3.337212562561035,-2.3468947410583496,1.87161386013031,0.000124674983293,172.10888671875,0.0160410404205322,443200,2.9546666666666668,8.864
307,6950,-2.8016467094421387,-3.335444688796997,-2.267848491668701,3.71618914604187,0.0001237465411537,172.10888671875,0.0149998664855957,444800,2.965333333333333,8.896
307,6975,-2.824225425720215,-3.3123321533203125,-2.336118459701538,5.825024604797363,0.0001228191354559,172.10888671875,0.0160036087036132,446400,2.976,8.928
307,7000,-2.796433448791504,-3.320554733276367,-2.27231240272522,3.1656248569488525,0.0001218928028121,172.10888671875,0.0159986019134521,448000,2.986666666666667,8.96
307,7025,-2.820817232131958,-3.3384525775909424,-2.3031818866729736,3.176342248916626,0.0001209675797923,172.10888671875,0.0155091285705566,449600,2.997333333333333,8.992
307,7050,-2.8155856132507324,-3.329329013824463,-2.301842212677002,1.8022162914276123,0.0001200435029228,172.10888671875,0.0155103206634521,451200,3.008,9.024
307,7075,-2.824000358581543,-3.343528985977173,-2.304471969604492,4.006946086883545,0.0001191206086845,172.10888671875,0.0149970054626464,452800,3.018666666666667,9.056
307,7100,-2.7991442680358887,-3.3242640495300293,-2.274024724960327,2.8566243648529053,0.0001181989335116,172.10888671875,0.0179996490478515,454400,3.029333333333333,9.088
307,7125,-2.835588216781616,-3.328720808029175,-2.3424556255340576,2.494597911834717,0.0001172785137905,172.10888671875,0.0159990787506103,456000,3.04,9.12
307,7150,-2.809123992919922,-3.3321940898895264,-2.2860538959503174,2.515317916870117,0.0001163593858575,172.10888671875,0.0185105800628662,457600,3.050666666666667,9.152
307,7175,-2.832119941711426,-3.3315885066986084,-2.3326516151428223,1.606584548950195,0.0001154415859985,172.10888671875,0.0150017738342285,459200,3.061333333333333,9.184
307,7200,-2.835869312286377,-3.329474449157715,-2.34226393699646,2.121694803237915,0.0001145251504464,172.10888671875,0.0149998664855957,460800,3.072,9.216
307,7225,-2.8603572845458984,-3.323798894882202,-2.396915912628174,1.6317431926727295,0.0001136101153806,172.10888671875,0.0169992446899414,462400,3.082666666666667,9.248
307,7250,-2.837924003601074,-3.3473000526428223,-2.328547716140747,4.905163288116455,0.0001126965169252,172.10888671875,0.0169987678527832,464000,3.0933333333333333,9.28
307,7275,-2.7921581268310547,-3.322672843933105,-2.261643648147583,2.8164963722229004,0.0001117843911474,172.10888671875,0.0155057907104492,465600,3.104,9.312
307,7300,-2.825345039367676,-3.3036348819732666,-2.347054958343506,3.442543029785156,0.0001108737740565,172.10888671875,0.0159997940063476,467200,3.1146666666666665,9.344
307,7325,-2.851552248001098,-3.3584144115448,-2.344690084457397,2.684216260910034,0.0001099647016019,172.10888671875,0.0160000324249267,468800,3.1253333333333333,9.376
307,7350,-2.859114408493042,-3.3395204544067383,-2.3787083625793457,2.8944907188415527,0.0001090572096724,172.10888671875,0.0160000324249267,470400,3.136,9.408
307,7375,-2.8130953311920166,-3.311431407928467,-2.3147592544555664,1.4942089319229126,0.0001081513340941,172.10888671875,0.0160038471221923,472000,3.1466666666666665,9.44
307,7400,-2.646371364593506,-3.3179821968078613,-1.9747605323791504,4.466001510620117,0.0001072471106295,172.10888671875,0.0177855491638183,473600,3.1573333333333333,9.472
307,7425,-2.8440942764282227,-3.333122730255127,-2.355066061019897,1.5495513677597046,0.0001063445749757,172.10888671875,0.0160000324249267,475200,3.168,9.504
307,7450,-2.818263530731201,-3.318394184112549,-2.3181331157684326,3.267352104187012,0.0001054437627634,172.10888671875,0.0159997940063476,476800,3.1786666666666665,9.536
307,7475,-2.8280653953552246,-3.32181453704834,-2.3343164920806885,1.597133755683899,0.000104544709555,172.10888671875,0.0162134170532226,478400,3.1893333333333334,9.568
307,7500,-2.835580587387085,-3.34973669052124,-2.3214244842529297,1.973402500152588,0.0001036474508437,172.10888671875,0.0170428752899169,480000,3.2,9.6
307,7525,-2.833824157714844,-3.302954196929932,-2.3646938800811768,2.4120683670043945,0.0001027520220517,172.10888671875,0.0159957408905029,481600,3.2106666666666666,9.632
307,7550,-2.860684871673584,-3.342665672302246,-2.378704071044922,2.6517977714538574,0.0001018584585289,172.10888671875,0.0150010585784912,483200,3.2213333333333334,9.664
307,7575,-2.7610316276550293,-3.3316924571990967,-2.190371036529541,3.018194437026977,0.0001009667955517,172.10888671875,0.0160069465637207,484800,3.232,9.696
307,7600,-2.8016176223754883,-3.340284824371338,-2.2629506587982178,2.312420606613159,0.0001000770683215,172.10888671875,0.0170614719390869,486400,3.2426666666666666,9.728
307,7625,-2.815613985061645,-3.3350088596343994,-2.296219110488892,2.1146786212921143,9.918931196320656e-05,172.10888671875,0.016000747680664,488000,3.2533333333333334,9.76
307,7650,-2.849444627761841,-3.345186233520508,-2.353703022003174,1.967532753944397,9.830356152382272e-05,172.10888671875,0.0155115127563476,489600,3.264,9.792
307,7675,-2.769774436950684,-3.3273913860321045,-2.212157726287842,2.786118030548096,9.741985197131142e-05,172.10888671875,0.0170004367828369,491200,3.2746666666666666,9.824
307,7700,-2.8620755672454834,-3.3534576892852783,-2.3706934452056885,1.5565286874771118,9.653821819301268e-05,172.10888671875,0.0155699253082275,492800,3.285333333333333,9.856
307,7725,-2.8302712440490723,-3.3323302268981934,-2.328212022781372,1.685011863708496,9.565869499431844e-05,172.10888671875,0.015000581741333,494400,3.296,9.888
307,7750,-2.840878963470459,-3.327228546142578,-2.3545291423797607,2.4881234169006348,9.478131709729864e-05,172.10888671875,0.0150001049041748,496000,3.306666666666666,9.92
307,7775,-2.823995351791382,-3.308899164199829,-2.3390915393829346,2.4904744625091557,9.390611913933022e-05,172.10888671875,0.0159995555877685,497600,3.317333333333333,9.952
307,7800,-2.8201475143432617,-3.342780590057373,-2.297514677047729,2.45746111869812,9.303313567173008e-05,172.10888671875,0.0160009860992431,499200,3.328,9.984
307,7825,-2.83082914352417,-3.3399055004119877,-2.3217527866363525,4.296305179595947,9.216240115839076e-05,172.10888671875,0.0159988403320312,500800,3.3386666666666667,10.016
307,7850,-2.8399219512939453,-3.3392930030822754,-2.3405511379241943,1.5817891359329224,9.12939499744199e-05,172.10888671875,0.0169997215270996,502400,3.349333333333333,10.048
307,7875,-2.767985343933105,-3.205463409423828,-2.330507516860962,2.491185426712036,9.04278164047832e-05,172.10888671875,0.0159997940063476,504000,3.36,10.08
307,7900,-2.841931104660034,-3.332719564437866,-2.351142644882202,2.1465885639190674,8.95640346429509e-05,172.10888671875,0.0150003433227539,505600,3.3706666666666667,10.112
307,7925,-2.8569095134735107,-3.334589958190918,-2.3792290687561035,2.474891424179077,8.870263878954797e-05,172.10888671875,0.0149979591369628,507200,3.381333333333333,10.144
307,7950,-2.854322910308838,-3.3486123085021973,-2.3600332736968994,1.6456265449523926,8.784366285100765e-05,172.10888671875,0.0150001049041748,508800,3.392,10.176
307,7975,-2.8536481857299805,-3.33508825302124,-2.3722078800201416,1.0096957683563232,8.698714073822932e-05,172.10888671875,0.0160002708435058,510400,3.4026666666666667,10.208
307,8000,-2.8209547996521,-3.3497562408447266,-2.292153596878052,2.730299949645996,8.613310626523942e-05,172.10888671875,0.0169990062713623,512000,3.4133333333333336,10.24
307,8025,-2.854057788848877,-3.351635217666626,-2.356480360031128,1.9418879747390747,8.52815931478564e-05,172.10888671875,0.014827013015747,513600,3.424,10.272
307,8050,-2.8367044925689697,-3.33860445022583,-2.3348045349121094,2.69174599647522,8.44326350023604e-05,172.10888671875,0.0142366886138916,515200,3.4346666666666668,10.304
307,8075,-2.623687744140625,-2.9431731700897217,-2.304202079772949,1.7596815824508667,8.358626534416508e-05,172.10888671875,0.0159971714019775,516800,3.445333333333333,10.336
307,8100,-2.838547706604004,-3.3429505825042725,-2.334144830703736,2.518261671066284,8.274251758649552e-05,172.10888671875,0.0150036811828613,518400,3.456,10.368
307,8125,-2.875464916229248,-3.362941265106201,-2.387988567352295,1.769813060760498,8.190142503906833e-05,172.10888671875,0.0149955749511718,520000,3.466666666666667,10.4
307,8150,-2.848803997039795,-3.336100578308105,-2.3615076541900635,2.565005302429199,8.106302090677717e-05,172.10888671875,0.0160551071166992,521600,3.477333333333333,10.432
307,8175,-2.839005708694458,-3.336273431777954,-2.341737985610962,2.149210929870605,8.022733828838163e-05,172.10888671875,0.0147697925567626,523200,3.488,10.464
307,8200,-2.7235682010650635,-3.3437275886535645,-2.1034088134765625,6.941831588745117,7.939441017520052e-05,172.10888671875,0.0159997940063476,524800,3.498666666666667,10.496
307,8225,-2.8467609882354736,-3.3511509895324707,-2.342370986938477,1.6605960130691528,7.856426944980949e-05,174.83740234375,0.0160005092620849,526400,3.509333333333333,10.528
307,8250,-2.711461067199707,-3.343050003051758,-2.079872131347656,2.836129903793335,7.773694888474308e-05,174.83740234375,0.0160038471221923,528000,3.52,10.56
307,8275,-2.844082832336426,-3.3319993019104004,-2.356166362762451,3.374349355697632,7.691248114120058e-05,174.83740234375,0.016064167022705,529600,3.530666666666667,10.592
307,8300,-2.8450422286987305,-3.340748071670532,-2.3493361473083496,2.121083498001098,7.609089876775668e-05,174.83740234375,0.0165081024169921,531200,3.541333333333333,10.624
307,8325,-2.85343074798584,-3.3402979373931885,-2.366563558578491,1.5798723697662354,7.527223419907674e-05,174.83740234375,0.0159990787506103,532800,3.552,10.656
307,8350,-2.7909812927246094,-3.305243492126465,-2.276719331741333,4.094656467437744,7.445651975463619e-05,174.83740234375,0.0159988403320312,534400,3.562666666666667,10.688
307,8375,-2.8255691528320312,-3.3212456703186035,-2.329892873764038,3.606557130813599,7.364378763744466e-05,174.83740234375,0.0160038471221923,536000,3.5733333333333333,10.72
307,8400,-2.844115972518921,-3.337273359298706,-2.350958585739136,2.886732339859009,7.283406993277443e-05,174.83740234375,0.0155146121978759,537600,3.584,10.752
307,8425,-2.832822799682617,-3.3404171466827397,-2.325228214263916,1.4749549627304075,7.202739860689404e-05,174.83740234375,0.0159997940063476,539200,3.5946666666666665,10.784
307,8450,-2.641928672790528,-3.3116323947906494,-1.9722249507904053,6.824416160583496,7.122380550580606e-05,174.83740234375,0.0155110359191894,540800,3.605333333333333,10.816
307,8475,-2.8441076278686523,-3.341906785964966,-2.346308469772339,1.4513349533081057,7.042332235399037e-05,174.83740234375,0.0159993171691894,542400,3.616,10.848
307,8500,-2.8441696166992188,-3.348257780075073,-2.340081214904785,1.478037714958191,6.962598075315097e-05,174.83740234375,0.0168662071228027,544000,3.6266666666666665,10.88
307,8525,-2.500284194946289,-2.63797378540039,-2.3625943660736084,2.2159409523010254,6.883181218096908e-05,174.83740234375,0.017003059387207,545600,3.637333333333333,10.912
307,8550,-2.729678153991699,-3.331425905227661,-2.127930164337158,1.4956040382385254,6.804084798986014e-05,174.83740234375,0.0159969329833984,547200,3.648,10.944
307,8575,-2.8188390731811523,-3.3121659755706787,-2.325511932373047,1.318925857543945,6.725311940573595e-05,174.83740234375,0.0160002708435058,548800,3.6586666666666665,10.976
307,8600,-2.830167293548584,-3.3649392127990723,-2.295395612716675,2.7488789558410645,6.646865752677225e-05,174.83740234375,0.0149993896484375,550400,3.669333333333333,11.008
307,8625,-2.8355085849761963,-3.3400654792785645,-2.330951690673828,1.8832035064697263,6.56874933221809e-05,174.83740234375,0.0179991722106933,552000,3.68,11.04
307,8650,-2.8331856727600098,-3.3531975746154785,-2.313173770904541,1.7857478857040403,6.4909657630987e-05,174.83740234375,0.0165090560913085,553600,3.6906666666666665,11.072
307,8675,-2.8508059978485107,-3.344669818878174,-2.356942176818848,1.5371471643447876,6.413518116081182e-05,174.83740234375,0.0160002708435058,555200,3.701333333333333,11.104
307,8700,-2.8155384063720703,-3.3397350311279297,-2.291341543197632,1.8409184217453003,6.336409448666034e-05,174.83740234375,0.0169978141784667,556800,3.712,11.136
307,8725,-2.8677356243133545,-3.3578414916992188,-2.3776297569274902,5.322059631347656,6.259642804971405e-05,174.83740234375,0.0150001049041748,558400,3.7226666666666666,11.168
307,8750,-2.770677089691162,-3.254313945770264,-2.2870402336120605,1.9259374141693115,6.183221215612947e-05,174.83740234375,0.0150001049041748,560000,3.733333333333333,11.2
307,8775,-2.841733455657959,-3.3521296977996826,-2.331336975097656,1.7544454336166382,6.107147697584154e-05,174.83740234375,0.0159990787506103,561600,3.744,11.232
307,8800,-2.8264803886413574,-3.3221349716186523,-2.3308260440826416,3.0052778720855717,6.031425254137259e-05,174.83740234375,0.0159995555877685,563200,3.7546666666666666,11.264
307,8825,-2.858384132385254,-3.3296942710876465,-2.3870742321014404,1.1330398321151731,5.956056874664673e-05,174.83740234375,0.0155699253082275,564800,3.765333333333333,11.296
307,8850,-2.593733787536621,-3.31909728050232,-1.8683704137802124,1.7768540382385254,5.881045534580965e-05,174.83740234375,0.0150754451751708,566400,3.776,11.328
307,8875,-2.8297457695007324,-3.334108352661133,-2.325383186340332,2.213983058929444,5.806394195205397e-05,174.83740234375,0.0160005092620849,568000,3.786666666666666,11.36
307,8900,-2.776005268096924,-3.290628671646118,-2.2613821029663086,1.5570485591888428,5.732105803645027e-05,174.83740234375,0.0157508850097656,569600,3.797333333333333,11.392
307,8925,-2.8470282554626465,-3.3559203147888184,-2.3381359577178955,2.4540579319000244,5.658183292678355e-05,174.83740234375,0.0170009136199951,571200,3.808,11.424
307,8950,-2.822445869445801,-3.342374324798584,-2.3025171756744385,1.159332513809204,5.5846295806395336e-05,174.83740234375,0.0160002708435058,572800,3.818666666666666,11.456
307,8975,-2.855090379714966,-3.3380467891693115,-2.37213397026062,2.1580159664154053,5.511447571303171e-05,174.83740234375,0.0149991512298583,574400,3.8293333333333335,11.488
307,9000,-2.849252223968506,-3.33422589302063,-2.364278793334961,1.417372226715088,5.4386401537696895e-05,174.83740234375,0.0165627002716064,576000,3.84,11.52
307,9025,-2.830265522003174,-3.312429904937744,-2.3481013774871826,2.4469830989837646,5.3662102023512647e-05,174.83740234375,0.0187354087829589,577600,3.8506666666666662,11.552
307,9050,-2.7850375175476074,-3.3175227642059326,-2.2525525093078613,1.180681824684143,5.294160576458362e-05,174.83740234375,0.0179972648620605,579200,3.8613333333333335,11.584
307,9075,-2.85000991821289,-3.3337531089782715,-2.366266965866089,1.089301586151123,5.222494120486851e-05,174.83740234375,0.0160000324249267,580800,3.872,11.616
307,9100,-2.834395408630371,-3.343905210494995,-2.324885368347168,1.157922625541687,5.151213663705678e-05,174.83740234375,0.0160002708435058,582400,3.8826666666666663,11.648
307,9125,-2.853522062301636,-3.3440544605255127,-2.362989664077759,1.4994299411773682,5.080322020145251e-05,174.83740234375,0.0160081386566162,584000,3.8933333333333335,11.68
307,9150,-2.8524272441864014,-3.3317673206329346,-2.373087167739868,1.8169095516204836,5.009821988486255e-05,174.83740234375,0.0162909030914306,585600,3.904,11.712
307,9175,2.501694440841675,7.1045823097229,-2.101193428039551,16.01495361328125,4.939716351949227e-05,174.83740234375,0.0160017013549804,587200,3.9146666666666663,11.744
307,9200,-2.8632383346557617,-3.3483471870422363,-2.378129720687866,1.636886477470398,4.870007878184662e-05,174.83740234375,0.0159976482391357,588800,3.925333333333333,11.776
307,9225,-2.81119441986084,-3.346787929534912,-2.2756006717681885,3.2001092433929443,4.80069931916374e-05,174.83740234375,0.0145072937011718,590400,3.936,11.808
307,9250,-2.8488574028015137,-3.335532188415528,-2.362182378768921,1.7130138874053955,4.7317934110697e-05,174.83740234375,0.0158095359802246,592000,3.9466666666666663,11.84
307,9275,-2.8532400131225586,-3.3565239906311035,-2.3499557971954346,1.4195613861083984,4.663292874189805e-05,174.83740234375,0.0150003433227539,593600,3.957333333333333,11.872
307,9300,-2.8638219833374023,-3.3451626300811768,-2.382481098175049,2.862448215484619,4.5952004128079575e-05,174.83740234375,0.0160005092620849,595200,3.968,11.904
307,9325,-2.838920831680298,-3.3488731384277344,-2.3289685249328613,1.4305046796798706,4.527518715097933e-05,174.83740234375,0.0157098770141601,596800,3.978666666666667,11.936
307,9350,-2.634214401245117,-3.3132028579711914,-1.9552258253097532,2.48328161239624,4.460250453017287e-05,174.83740234375,0.0160000324249267,598400,3.989333333333333,11.968
307,9375,-2.8679049015045166,-3.3534390926361084,-2.382370710372925,1.0716005563735962,4.3933982822018107e-05,174.83740234375,0.0150802135467529,600000,4.0,12.0
307,9400,-2.8569369316101074,-3.347914457321167,-2.3659591674804688,0.95818030834198,4.326964841860743e-05,174.83740234375,0.014998435974121,601600,4.010666666666666,12.032
307,9425,-2.883862972259521,-3.365219116210937,-2.402506828308105,2.203038454055786,4.260952754672554e-05,174.83740234375,0.0159986019134521,603200,4.021333333333334,12.064
307,9450,-2.813883781433105,-3.3372890949249268,-2.290478467941284,1.3521686792373655,4.195364626681417e-05,174.83740234375,0.0159990787506103,604800,4.032,12.096
307,9475,-2.855966091156006,-3.358385801315308,-2.353546142578125,1.3849537372589111,4.13020304719432e-05,174.83740234375,0.0165791511535644,606400,4.042666666666666,12.128
307,9500,-2.849473476409912,-3.3335530757904053,-2.365394115447998,1.873029112815857,4.065470588678849e-05,174.83740234375,0.0160329341888427,608000,4.053333333333334,12.16
307,9525,-2.8207952976226807,-3.325484037399292,-2.3161065578460693,2.0137243270874023,4.001169806661623e-05,174.83740234375,0.0155298709869384,609600,4.064,12.192
307,9550,-2.8096296787261963,-3.3277411460876465,-2.291518211364746,1.6152044534683228,3.9373032396274144e-05,174.83740234375,0.0160014629364013,611200,4.074666666666666,12.224
307,9575,-2.8539412021636963,-3.3308401107788086,-2.377042293548584,3.103102684020996,3.873873408918933e-05,174.83740234375,0.0149993896484375,612800,4.085333333333334,12.256
307,9600,-2.7601776123046875,-3.345241069793701,-2.175114154815674,3.48586106300354,3.810882818637289e-05,174.83740234375,0.0161364078521728,614400,4.096,12.288
307,9625,-2.873665332794189,-3.346566677093506,-2.400763988494873,1.042975902557373,3.748333955543128e-05,174.83740234375,0.0160005092620849,616000,4.1066666666666665,12.32
307,9650,-2.8696351051330566,-3.3332436084747314,-2.406026601791382,3.614490270614624,3.686229288958462e-05,174.83740234375,0.0170001983642578,617600,4.117333333333334,12.352
307,9675,-2.8697423934936523,-3.3380675315856934,-2.4014172554016118,1.4083046913146973,3.624571270669192e-05,174.83740234375,0.0160014629364013,619200,4.128,12.384
307,9700,-2.8585519790649414,-3.348091125488281,-2.3690130710601807,1.9810880422592163,3.563362334828305e-05,174.83740234375,0.0159990787506103,620800,4.1386666666666665,12.416
307,9725,-2.8224222660064697,-3.3231799602508545,-2.321664571762085,0.9691081643104552,3.502604897859772e-05,174.83740234375,0.0150032043457031,622400,4.149333333333334,12.448
307,9750,-2.8254663944244385,-3.3546457290649414,-2.2962870597839355,3.1144256591796875,3.442301358363178e-05,174.83740234375,0.0159997940063476,624000,4.16,12.48
307,9775,-2.814999580383301,-3.343674659729004,-2.2863247394561768,2.641362428665161,3.382454097019011e-05,174.83740234375,0.0160019397735595,625600,4.1706666666666665,12.512
307,9800,-2.847018241882324,-3.332413911819458,-2.361622810363769,1.2962002754211426,3.323065476494667e-05,174.83740234375,0.0159997940063476,627200,4.181333333333333,12.544
307,9825,-2.8052468299865723,-3.337200164794922,-2.2732937335968018,2.159273147583008,3.2641378413511946e-05,174.83740234375,0.0159988403320312,628800,4.192,12.576
307,9850,-2.76809310913086,-3.3470091819763184,-2.1891770362854004,2.003867626190185,3.205673517950734e-05,174.83740234375,0.0160071849822998,630400,4.2026666666666666,12.608
307,9875,-0.7996708750724792,0.7039037942886353,-2.3032455444335938,4.236680030822754,3.147674814364655e-05,174.83740234375,0.0169992446899414,632000,4.213333333333333,12.64
307,9900,-2.455289363861084,-2.5486230850219727,-2.361955404281616,1.1042757034301758,3.090144020282481e-05,174.83740234375,0.0150001049041748,633600,4.224,12.672
307,9925,-2.842224597930908,-3.341047525405884,-2.3434016704559326,0.8220652341842651,3.033083406921449e-05,174.83740234375,0.0160000324249267,635200,4.234666666666667,12.704
307,9950,-2.594570636749268,-2.8212969303131104,-2.3678441047668457,1.5742876529693604,2.976495226936866e-05,174.83740234375,0.016000747680664,636800,4.245333333333333,12.736
307,9975,-2.8728575706481934,-3.343845844268799,-2.401869058609009,1.1274539232254028,2.920381714333184e-05,174.83740234375,0.0155103206634521,638400,4.256,12.768
307,10000,-2.865921974182129,-3.357865810394287,-2.37397837638855,1.481081247329712,2.8647450843758023e-05,174.83740234375,0.0159997940063476,640000,4.266666666666667,12.8
307,10025,-2.79154109954834,-3.341371536254883,-2.241710901260376,1.5874971151351929,2.809587533503604e-05,174.83740234375,0.016000747680664,641600,4.277333333333333,12.832
307,10050,-2.8498013019561768,-3.3250765800476074,-2.374526023864746,1.1947004795074463,2.754911239242253e-05,174.83740234375,0.0159995555877685,643200,4.288,12.864
307,10075,-2.8606953620910645,-3.339085817337036,-2.3823049068450928,0.7331930994987488,2.7007183601182293e-05,174.83740234375,0.0159995555877685,644800,4.298666666666667,12.896
307,10100,-2.8545897006988525,-3.339232921600342,-2.3699464797973637,1.4297751188278198,2.6470110355736003e-05,174.83740234375,0.0150179862976074,646400,4.309333333333333,12.928
307,10125,-2.829763412475586,-3.3214173316955566,-2.3381094932556152,2.568706512451172,2.593791385881587e-05,174.83740234375,0.0169999599456787,648000,4.32,12.96
307,10150,-2.867327213287353,-3.3528494834899902,-2.3818047046661377,0.8915605545043945,2.5410615120628223e-05,174.83740234375,0.0159995555877685,649600,4.330666666666667,12.992
307,10175,-2.8230462074279785,-3.327005386352539,-2.319086790084839,0.9563559889793396,2.4888234958024428e-05,174.83740234375,0.0169990062713623,651200,4.341333333333333,13.024
307,10200,-2.82893180847168,-3.3365707397460938,-2.3212931156158447,1.3631588220596311,2.4370793993678834e-05,174.83740234375,0.0159997940063476,652800,4.352,13.056
307,10225,-2.813779830932617,-3.321021556854248,-2.3065381050109863,1.369390606880188,2.385831265527472e-05,174.83740234375,0.0149953365325927,654400,4.362666666666667,13.088
307,10250,-2.836961269378662,-3.329454183578491,-2.344468593597412,1.2654438018798828,2.3350811174697815e-05,174.83740234375,0.0159997940063476,656000,4.373333333333333,13.12
307,10275,-2.845249652862549,-3.337080955505371,-2.3534185886383057,1.0552475452423096,2.284830958723762e-05,174.83740234375,0.0160000324249267,657600,4.384,13.152
307,10300,-2.860487937927246,-3.363801956176758,-2.3571739196777344,1.165213942527771,2.235082773079628e-05,174.83740234375,0.015000581741333,659200,4.394666666666667,13.184
307,10325,-2.811896324157715,-3.3317947387695312,-2.29199767112732,1.6265790462493896,2.1858385245105774e-05,174.83740234375,0.0160000324249267,660800,4.405333333333333,13.216
307,10350,-2.844165325164795,-3.3444035053253174,-2.3439269065856934,1.4219788312911987,2.137100157095225e-05,174.83740234375,0.0150043964385986,662400,4.416,13.248
307,10375,-2.841229200363159,-3.331623315811157,-2.350835084915161,1.0431530475616455,2.088869594940853e-05,174.83740234375,0.0159995555877685,664000,4.426666666666667,13.28
307,10400,-2.8781542778015137,-3.335633993148804,-2.4206743240356445,1.1111189126968384,2.041148742107477e-05,174.83740234375,0.0149993896484375,665600,4.437333333333333,13.312
307,10425,-2.8388612270355225,-3.3642354011535645,-2.3134870529174805,1.1895676851272583,1.9939394825326543e-05,174.83740234375,0.0160009860992431,667200,4.448,13.344
307,10450,-2.862164258956909,-3.3633432388305664,-2.360985279083252,1.6335513591766355,1.947243679957119e-05,174.83740234375,0.0169999599456787,668800,4.458666666666667,13.376
307,10475,-2.858851432800293,-3.3454513549804688,-2.372251510620117,1.41486918926239,1.9010631778512036e-05,174.83740234375,0.0149996280670166,670400,4.469333333333333,13.408
307,10500,-2.8434090614318848,-3.32117247581482,-2.3656458854675293,0.8374024033546448,1.8553997993420536e-05,174.83740234375,0.0159988403320312,672000,4.48,13.44
307,10525,-2.804574012756348,-3.311373710632324,-2.297774076461792,1.6398861408233645,1.8102553471416617e-05,174.83740234375,0.0159997940063476,673600,4.490666666666667,13.472
307,10550,-2.888946533203125,-3.352683782577514,-2.425209045410156,1.0684510469436646,1.76563160347571e-05,174.83740234375,0.016000747680664,675200,4.501333333333333,13.504
307,10575,-2.819863796234131,-3.2769217491149902,-2.3628058433532715,1.210325002670288,1.7215303300131792e-05,174.83740234375,0.0160038471221923,676800,4.512,13.536
307,10600,-2.8277995586395264,-3.324132442474365,-2.3314666748046875,0.9021790623664856,1.6779532677968347e-05,174.83740234375,0.0159986019134521,678400,4.522666666666667,13.568
307,10625,-2.8586254119873047,-3.3442070484161377,-2.3730435371398926,0.872435450553894,1.6349021371744884e-05,174.83740234375,0.0155045986175537,680000,4.533333333333333,13.6
307,10650,-2.8500664234161377,-3.3539154529571533,-2.346217393875122,1.2429925203323364,1.5923786377310484e-05,174.83740234375,0.0157756805419921,681600,4.544,13.632
307,10675,-2.628850221633911,-3.32863187789917,-1.9290684461593628,1.317330241203308,1.5503844482214697e-05,174.83740234375,0.015604019165039,683200,4.554666666666667,13.664
307,10700,-2.87190842628479,-3.353327751159668,-2.390489101409912,0.5990594029426575,1.5089212265044416e-05,174.83740234375,0.0158989429473876,684800,4.565333333333333,13.696
307,10725,-2.712562561035156,-3.3565657138824463,-2.068559408187866,1.4801955223083496,1.4679906094769617e-05,174.83740234375,0.0160174369812011,686400,4.576,13.728
307,10750,-2.8755481243133545,-3.3623135089874268,-2.3887827396392822,1.0193877220153809,1.4275942130097135e-05,174.83740234375,0.0165042877197265,688000,4.586666666666667,13.76
307,10775,-2.869086742401123,-3.35194730758667,-2.386225938796997,1.6594709157943726,1.3877336318832502e-05,174.83740234375,0.0155060291290283,689600,4.597333333333333,13.792
307,10800,-2.8559823036193848,-3.3596625328063965,-2.352302312850952,1.0443328619003296,1.3484104397250666e-05,174.83740234375,0.0155105590820312,691200,4.608,13.824
307,10825,-2.8630120754241943,-3.331855535507202,-2.3941686153411865,1.0262537002563477,1.3096261889474618e-05,174.83740234375,0.0160303115844726,692800,4.618666666666667,13.856
307,10850,-2.813340187072754,-3.311101198196411,-2.315579414367676,1.3635421991348269,1.27138241068624e-05,174.83740234375,0.0165023803710937,694400,4.629333333333333,13.888
307,10875,-2.8438949584960938,-3.3647680282592773,-2.323021650314331,1.3934298753738403,1.2336806147402893e-05,174.83740234375,0.0155031681060791,696000,4.64,13.92
307,10900,-2.8875374794006348,-3.3542394638061523,-2.4208357334136963,1.0107063055038452,1.1965222895119472e-05,174.83740234375,0.0155153274536132,697600,4.650666666666667,13.952
307,10925,-2.8194899559021,-3.310455799102783,-2.328524112701416,2.26489782333374,1.1599089019482792e-05,174.83740234375,0.0165212154388427,699200,4.661333333333333,13.984
307,10950,-2.84735107421875,-3.3383431434631348,-2.356359004974365,1.3988174200057983,1.123841897483134e-05,174.83740234375,0.0169486999511718,700800,4.672,14.016
307,10975,-2.873945951461792,-3.34873104095459,-2.399160861968994,0.9486209750175476,1.0883226999800834e-05,174.83740234375,0.0162081718444824,702400,4.682666666666667,14.048
307,11000,-2.850208282470703,-3.3301243782043457,-2.37029242515564,0.6362445950508118,1.0533527116762322e-05,174.83740234375,0.0160086154937744,704000,4.693333333333333,14.08
307,11025,-2.8623149394989014,-3.3528425693511963,-2.3717873096466064,1.2645479440689087,1.0189333131268378e-05,174.83740234375,0.0160143375396728,705600,4.704,14.112
307,11050,-2.8635990619659424,-3.366302967071533,-2.360895156860352,1.2089581489562988,9.85065863150822e-06,174.83740234375,0.0170724391937255,707200,4.714666666666667,14.144
307,11075,-2.883509635925293,-3.377945899963379,-2.389073610305786,0.8798921704292297,9.517516987771194e-06,174.83740234375,0.016148567199707,708800,4.725333333333333,14.176
307,11100,-2.8751702308654785,-3.3478047847747803,-2.4025356769561768,1.0532903671264648,9.189921351918909e-06,174.83740234375,0.0156817436218261,710400,4.736,14.208
307,11125,-2.847658157348633,-3.343942165374756,-2.3513741493225098,0.7327196002006531,8.867884656866198e-06,174.83740234375,0.0150043964385986,712000,4.746666666666667,14.24
307,11150,-2.871725082397461,-3.35400938987732,-2.3894407749176025,0.8608545064926147,8.551419616070354e-06,174.83740234375,0.0159986019134521,713600,4.757333333333333,14.272
307,11175,-2.8190131187438965,-3.349961996078491,-2.288064479827881,0.966228723526001,8.240538723029278e-06,174.83740234375,0.016958475112915,715200,4.768,14.304
307,11200,2.504699468612671,7.037375926971436,-2.0279769897460938,16.960430145263672,7.935254250788381e-06,174.83740234375,0.0165135860443115,716800,4.778666666666667,14.336
307,11225,-2.852847099304199,-3.334826946258545,-2.3708670139312744,0.9524890184402466,7.63557825145584e-06,174.83740234375,0.0165102481842041,718400,4.789333333333333,14.368
307,11250,-2.8674449920654297,-3.3531479835510254,-2.381741762161255,0.7990453839302063,7.341522555726983e-06,174.83740234375,0.0193762779235839,720000,4.8,14.4
307,11275,-2.832880973815918,-3.3412556648254395,-2.3245062828063965,1.0631693601608276,7.053098772417199e-06,174.83740234375,0.0159997940063476,721600,4.810666666666667,14.432
307,11300,-2.842874526977539,-3.3274271488189697,-2.3583219051361084,0.900882124900818,6.770318288003568e-06,174.83740234375,0.0165715217590332,723200,4.8213333333333335,14.464
307,11325,-2.787238121032715,-3.33320951461792,-2.241266965866089,5.744932651519775,6.493192266175461e-06,174.83740234375,0.0160000324249267,724800,4.832,14.496
307,11350,-2.789510726928711,-3.316588878631592,-2.26243257522583,1.596846342086792,6.221731647393633e-06,174.83740234375,0.0160019397735595,726400,4.842666666666666,14.528
307,11375,-2.8611974716186523,-3.356358766555786,-2.3660359382629395,1.140866994857788,5.955947148458546e-06,174.83740234375,0.016000747680664,728000,4.8533333333333335,14.56
307,11400,-2.8126654624938965,-3.3315744400024414,-2.2937567234039307,0.9065274596214294,5.695849262087133e-06,174.83740234375,0.0160119533538818,729600,4.864,14.592
307,11425,-2.885514259338379,-3.34356689453125,-2.4274613857269287,0.6491904258728027,5.44144825649855e-06,174.83740234375,0.0160002708435058,731200,4.874666666666666,14.624
307,11450,-2.752748250961304,-3.3433263301849365,-2.162170171737671,1.450124740600586,5.1927541750089065e-06,174.83740234375,0.0155403614044189,732800,4.8853333333333335,14.656
307,11475,-2.863645076751709,-3.347298383712769,-2.3799915313720703,0.7062675952911377,4.949776835634754e-06,174.83740234375,0.0160036087036132,734400,4.896,14.688
307,11500,-2.86525297164917,-3.3341665267944336,-2.396339178085327,0.9199045300483704,4.712525830705343e-06,174.83740234375,0.0160000324249267,736000,4.906666666666666,14.72
307,11525,-2.866445541381836,-3.338397741317749,-2.394493579864502,1.0685712099075315,4.481010526484133e-06,174.83740234375,0.015000581741333,737600,4.917333333333334,14.752
307,11550,-2.805863857269287,-3.342562198638916,-2.269165277481079,1.7937530279159546,4.255240062798906e-06,174.83740234375,0.0170917510986328,739200,4.928,14.784
307,11575,-2.8615736961364746,-3.336080312728882,-2.3870670795440674,0.8119988441467285,4.035223352681009e-06,174.83740234375,0.0160048007965087,740800,4.938666666666666,14.816
307,11600,-2.8495330810546875,-3.3412017822265625,-2.3578641414642334,0.7998216152191162,3.820969082013435e-06,174.83740234375,0.0159988403320312,742400,4.949333333333334,14.848
307,11625,-2.833241701126098,-3.352505922317505,-2.3139774799346924,1.0245991945266724,3.612485709187904e-06,174.83740234375,0.0169978141784667,744000,4.96,14.88
307,11650,-2.8304429054260254,-3.3316774368286133,-2.329208374023437,0.7194010019302368,3.409781464770997e-06,174.83740234375,0.0160000324249267,745600,4.970666666666666,14.912
307,11675,-2.8274080753326416,-3.3579704761505127,-2.2968456745147705,0.8268122673034668,3.2128643511791904e-06,174.83740234375,0.0155074596405029,747200,4.981333333333334,14.944
307,11700,-2.7687668800354004,-3.301598310470581,-2.23593544960022,1.000174641609192,3.021742142362971e-06,174.83740234375,0.0155081748962402,748800,4.992,14.976
307,11725,-2.867854356765747,-3.3503384590148926,-2.3853702545166016,0.7167390584945679,2.8364223834999045e-06,174.83740234375,0.0160000324249267,750400,5.002666666666666,15.008
307,11750,-2.871858835220337,-3.34612774848938,-2.397589921951294,0.7646533250808716,2.656912390696692e-06,174.83740234375,0.0159988403320312,752000,5.013333333333334,15.04
307,11775,-2.867949247360229,-3.3435277938842773,-2.3923707008361816,0.8376624584197998,2.48321925070054e-06,174.83740234375,0.0160000324249267,753600,5.024,15.072
307,11800,-2.8822827339172363,-3.370180130004883,-2.39438533782959,0.8010179400444031,2.3153498206191997e-06,174.83740234375,0.0175104141235351,755200,5.034666666666666,15.104
307,11825,30.64240074157715,63.5771713256836,-2.2923696041107178,22.65911865234375,2.153310727650293e-06,174.83740234375,0.0160000324249267,756800,5.045333333333334,15.136
307,11850,-2.779189348220825,-3.3018195629119877,-2.256559133529663,1.069576621055603,1.997108368819795e-06,174.83740234375,0.0159993171691894,758400,5.056,15.168
307,11875,-2.8382163047790527,-3.3533852100372314,-2.323047161102295,0.8710846900939941,1.846748910729352e-06,174.83740234375,0.0150012969970703,760000,5.066666666666666,15.2
307,11900,-2.8684606552124023,-3.3511452674865723,-2.3857758045196533,0.9378536939620972,1.702238289312908e-06,174.83740234375,0.0169994831085205,761600,5.077333333333334,15.232
307,11925,-2.836634874343872,-3.3543663024902344,-2.3189034461975098,0.7311203479766846,1.5635822096023614e-06,174.83740234375,0.0155649185180664,763200,5.088,15.264
307,11950,-2.8463149070739746,-3.3252174854278564,-2.3674120903015137,0.7323623895645142,1.4307861455023229e-06,174.83740234375,0.0149989128112792,764800,5.0986666666666665,15.296
307,11975,-2.855586290359497,-3.3642969131469727,-2.346875667572021,0.891720175743103,1.3038553395740287e-06,174.83740234375,0.0160000324249267,766400,5.109333333333334,15.328
307,12000,-2.8541293144226074,-3.3375134468078613,-2.370745182037353,0.8534929156303406,1.1827948028283352e-06,174.83740234375,0.0160000324249267,768000,5.12,15.36
307,12025,-2.838660955429077,-3.3365249633789062,-2.340796947479248,0.7876661419868469,1.0676093145279451e-06,174.83740234375,0.0155608654022216,769600,5.1306666666666665,15.392
307,12050,-2.8394742012023926,-3.335735559463501,-2.3432130813598637,0.9916290044784546,9.583034219987406e-07,174.83740234375,0.016507863998413,771200,5.141333333333334,15.424
307,12075,-2.8494679927825928,-3.332845449447632,-2.3660905361175537,0.7035298347473145,8.548814404501615e-07,174.83740234375,0.0159988403320312,772800,5.152,15.456
307,12100,-2.892539024353028,-3.35459041595459,-2.430487632751465,0.5711188912391663,7.573474528049741e-07,174.83740234375,0.0160002708435058,774400,5.1626666666666665,15.488
307,12125,-2.787583827972412,-3.3543143272399902,-2.220853567123413,1.80561101436615,6.657053095380006e-07,174.83740234375,0.0159981250762939,776000,5.173333333333333,15.52
307,12150,-2.851348876953125,-3.351759433746338,-2.350938558578491,0.8432592153549194,5.799586285241241e-07,174.83740234375,0.0179977416992187,777600,5.184,15.552
307,12175,-2.8120322227478027,-3.3556675910949707,-2.2683968544006348,3.11823844909668,5.001107948955194e-07,174.83740234375,0.0159993171691894,779200,5.1946666666666665,15.584
307,12200,-2.806075096130371,-3.3504879474639893,-2.261662483215332,1.2368113994598389,4.261649609079096e-07,174.83740234375,0.0180003643035888,780800,5.205333333333333,15.616
307,12225,-2.8626675605773926,-3.3553626537323,-2.3699722290039062,0.749205470085144,3.581240458162158e-07,174.83740234375,0.016000747680664,782400,5.216,15.648
307,12250,-2.803919792175293,-3.321249485015869,-2.2865898609161377,1.0870592594146729,2.959907357592659e-07,174.83740234375,0.0159995555877685,784000,5.226666666666667,15.68
307,12275,-2.8568248748779297,-3.3453948497772217,-2.368255138397217,0.5578376054763794,2.3976748365374655e-07,174.83740234375,0.0159995555877685,785600,5.237333333333333,15.712
307,12300,-2.844878673553467,-3.336308240890503,-2.3534493446350098,0.8238282799720764,1.8945650909737974e-07,174.83740234375,0.0150012969970703,787200,5.248,15.744
307,12325,-2.8633627891540527,-3.34782075881958,-2.3789050579071045,0.8030629754066467,1.4505979828129388e-07,174.83740234375,0.0159974098205566,788800,5.258666666666667,15.776
307,12350,-2.7018637657165527,-3.337487936019897,-2.066239595413208,1.540957808494568,1.0657910391161916e-07,174.83740234375,0.0155870914459228,790400,5.269333333333333,15.808
307,12375,-2.8656129837036133,-3.352786064147949,-2.3784396648406982,0.518760621547699,7.401594514025994e-08,174.83740234375,0.0160000324249267,792000,5.28,15.84
307,12400,-2.85717248916626,-3.3292644023895264,-2.385080575942993,0.7391002774238586,4.737160750500896e-08,174.83740234375,0.0165071487426757,793600,5.290666666666667,15.872
307,12425,-2.841334581375122,-3.356477975845337,-2.3261911869049072,1.073315978050232,2.664714287865518e-08,174.83740234375,0.0149989128112792,795200,5.301333333333333,15.904
307,12450,-2.863115072250366,-3.345299482345581,-2.380930662155152,0.7579810619354248,1.1843369427583228e-08,174.83740234375,0.015378713607788,796800,5.312,15.936
307,12475,-2.7996559143066406,-3.3070714473724365,-2.2922401428222656,1.345413088798523,2.9608715794326963e-09,174.83740234375,0.0150015354156494,798400,5.322666666666667,15.968
307,12500,-2.7478089332580566,-3.1185312271118164,-2.377086639404297,1.2165473699569702,0.0,174.83740234375,0.0159993171691894,800000,5.333333333333333,16.0
331,1,425.3624572753906,615.0060424804688,235.71885681152344,2311.98193359375,0.0002999999952625,151.30322265625,0.2637560367584228,64,0.0004266666666666,0.00128
331,25,3.0409011840820312,4.867018699645996,1.2147834300994873,95.54454040527344,0.0002999970391284,163.33837890625,0.0159976482391357,1600,0.0106666666666666,0.032
331,50,-0.9886435866355896,-2.0382418632507324,0.060954637825489,57.91053771972656,0.0002999881566305,163.33837890625,0.0159997940063476,3200,0.0213333333333333,0.064
331,75,-0.8042510747909546,-0.8539566397666931,-0.7545455098152161,163.67608642578125,0.0002999733528571,163.33837890625,0.0159964561462402,4800,0.032,0.096
331,100,-1.7545158863067627,-2.8602371215820312,-0.6487946510314941,49.186302185058594,0.0002999526283924,165.31591796875,0.0160005092620849,6400,0.0426666666666666,0.128
331,125,-1.6103854179382324,-2.784646987915039,-0.4361239373683929,17.480606079101562,0.0002999259840548,165.31591796875,0.0155127048492431,8000,0.0533333333333333,0.16
331,150,-1.8392560482025144,-2.862194776535034,-0.8163174390792847,46.89220428466797,0.000299893420896,165.31591796875,0.016000747680664,9600,0.064,0.192
331,175,-1.9448271989822388,-3.0829017162323,-0.806752622127533,29.162113189697266,0.0002998549402017,165.31591796875,0.016000747680664,11200,0.0746666666666666,0.224
331,200,-2.093944787979126,-3.1300926208496094,-1.057796835899353,20.90306663513184,0.0002998105434909,165.31591796875,0.0160000324249267,12800,0.0853333333333333,0.256
331,225,-2.115066766738892,-2.9284210205078125,-1.3017125129699707,51.04639434814453,0.0002997602325163,165.31591796875,0.016000747680664,14400,0.096,0.288
331,250,-2.016226291656494,-2.373489618301392,-1.6589628458023071,40.4512825012207,0.0002997040092642,165.31591796875,0.0160062313079834,16000,0.1066666666666666,0.32
331,275,-1.9996533393859863,-3.003026962280273,-0.996279776096344,36.26960754394531,0.0002996418759541,165.31591796875,0.0160014629364013,17600,0.1173333333333333,0.352
331,300,-2.262866497039795,-3.07382607460022,-1.4519071578979492,35.529693603515625,0.000299573835039,165.31591796875,0.0150065422058105,19200,0.128,0.384
331,325,-2.1406681537628174,-3.0584959983825684,-1.2228403091430664,32.89779281616211,0.0002994998892051,165.31591796875,0.0160012245178222,20800,0.1386666666666666,0.416
331,350,-2.165050506591797,-2.8596792221069336,-1.4704217910766602,50.15545272827149,0.0002994200413714,165.31591796875,0.0159964561462402,22400,0.1493333333333333,0.448
331,375,-2.371654748916626,-3.0569775104522705,-1.6863319873809814,33.781272888183594,0.0002993342946904,165.43701171875,0.0169978141784667,24000,0.16,0.48
331,400,-2.0548481941223145,-3.0308964252471924,-1.078800082206726,30.730300903320312,0.0002992426525471,165.43701171875,0.0159997940063476,25600,0.1706666666666666,0.512
331,425,-2.3849806785583496,-3.1365785598754883,-1.63338303565979,16.704381942749023,0.0002991451185595,165.43701171875,0.0150003433227539,27200,0.1813333333333333,0.544
331,450,-2.425272226333618,-3.0745890140533447,-1.775955319404602,27.88165855407715,0.000299041696578,165.43701171875,0.0150010585784912,28800,0.192,0.576
331,475,-1.6975793838500977,-2.991987943649292,-0.4031709134578705,55.85752487182617,0.0002989323906854,168.3193359375,0.0165891647338867,30400,0.2026666666666666,0.608
331,500,-2.4078710079193115,-3.1355481147766118,-1.6801940202713013,24.38021469116211,0.0002988172051971,168.3193359375,0.0155038833618164,32000,0.2133333333333333,0.64
331,525,-2.362020969390869,-2.942200899124145,-1.7818409204483032,51.67185592651367,0.0002986961446604,168.3193359375,0.0155138969421386,33600,0.224,0.672
331,550,-2.443484306335449,-3.119410991668701,-1.7675575017929075,19.94090843200684,0.0002985692138544,168.3193359375,0.0159988403320312,35200,0.2346666666666666,0.704
331,575,-2.483877897262573,-3.1995856761932373,-1.7681701183319092,21.56542587280273,0.0002984364177903,168.3193359375,0.0189986228942871,36800,0.2453333333333333,0.736
331,600,-1.9400475025177,-3.145382881164551,-0.7347121238708496,17.751914978027344,0.0002982977617106,168.3193359375,0.0159971714019775,38400,0.256,0.768
331,625,-2.4696085453033447,-3.232243776321411,-1.7069731950759888,15.86688995361328,0.0002981532510892,168.3193359375,0.0150048732757568,40000,0.2666666666666666,0.8
331,650,-2.1362929344177246,-3.191162109375,-1.0814236402511597,15.339299201965332,0.0002980028916311,168.3193359375,0.0149967670440673,41600,0.2773333333333333,0.832
331,675,-2.432342052459717,-3.1735293865203857,-1.6911548376083374,19.014209747314453,0.0002978466892723,169.70703125,0.0170016288757324,43200,0.288,0.864
331,700,-1.9318478107452397,-3.1639513969421387,-0.6997441053390503,21.792821884155277,0.0002976846501793,169.70703125,0.016998291015625,44800,0.2986666666666667,0.896
331,725,-0.8885312080383301,-3.1685831546783447,1.3915207386016846,18.74349975585937,0.0002975167807493,169.70703125,0.0150046348571777,46400,0.3093333333333333,0.928
331,750,-2.214888095855713,-3.1669070720672607,-1.262868881225586,26.357187271118164,0.0002973430876093,169.70703125,0.0155138969421386,48000,0.32,0.96
331,775,-0.840211808681488,-0.6058597564697266,-1.0745638608932495,13.218082427978516,0.0002971635776165,169.70703125,0.0160002708435058,49600,0.3306666666666666,0.992
331,800,-2.516148090362549,-3.2400448322296143,-1.7922513484954834,15.05643081665039,0.0002969782578576,169.70703125,0.0159997940063476,51200,0.3413333333333333,1.024
331,825,-2.514075756072998,-3.166914463043213,-1.8612369298934937,38.98849487304688,0.0002967871356488,169.70703125,0.0160102844238281,52800,0.352,1.056
331,850,-2.311703681945801,-3.174200773239136,-1.4492063522338867,24.762020111083984,0.0002965902185352,169.70703125,0.0150008201599121,54400,0.3626666666666667,1.088
331,875,-2.296069383621216,-3.1860220432281494,-1.4061167240142822,25.946725845336918,0.0002963875142908,169.70703125,0.0165133476257324,56000,0.3733333333333333,1.12
331,900,-2.549192428588867,-3.1752734184265137,-1.9231115579605105,19.55418968200684,0.0002961790309179,169.70703125,0.0160000324249267,57600,0.384,1.152
331,925,-2.313493251800537,-3.223313570022583,-1.4036729335784912,14.22646427154541,0.0002959647766473,169.70703125,0.0149939060211181,59200,0.3946666666666666,1.184
331,950,-2.562558650970459,-3.2551727294921875,-1.8699445724487305,20.18447494506836,0.0002957447599372,169.70703125,0.0160000324249267,60800,0.4053333333333333,1.216
331,975,-2.098402976989746,-3.2134482860565186,-0.9833577275276184,30.334199905395508,0.0002955189894735,169.70703125,0.0159962177276611,62400,0.416,1.248
331,1000,-2.3462178707122803,-3.1612136363983154,-1.531222224235535,21.89720916748047,0.0002952874741692,169.8662109375,0.0150015354156494,64000,0.4266666666666667,1.28
331,1025,-2.309091091156006,-3.1500437259674072,-1.4681382179260254,21.716670989990234,0.0002950502231643,169.8662109375,0.016000747680664,65600,0.4373333333333333,1.312
331,1050,-2.409452438354492,-3.191980123519897,-1.626924753189087,23.17267227172852,0.0002948072458249,169.8662109375,0.0159997940063476,67200,0.448,1.344
331,1075,-1.977321743965149,-2.8208718299865723,-1.1337716579437256,14.363640785217283,0.0002945585517435,169.8662109375,0.015995979309082,68800,0.4586666666666666,1.376
331,1100,-2.6452698707580566,-3.2542483806610107,-2.0362913608551025,9.973549842834473,0.0002943041507379,169.8662109375,0.0159988403320312,70400,0.4693333333333333,1.408
331,1125,-2.639976501464844,-3.253532648086548,-2.0264201164245605,13.697623252868652,0.0002940440528515,169.8662109375,0.0169987678527832,72000,0.48,1.44
331,1150,-2.606030941009521,-3.239370584487915,-1.9726910591125488,12.348597526550291,0.0002937782683526,169.8662109375,0.0146913528442382,73600,0.4906666666666666,1.472
331,1175,-2.169950485229492,-3.2175612449646,-1.1223398447036743,21.34355735778809,0.0002935068077338,169.8662109375,0.0160043239593505,75200,0.5013333333333333,1.504
331,1200,-2.162620782852173,-3.272141933441162,-1.0530996322631836,14.680567741394045,0.0002932296817119,169.8662109375,0.0159986019134521,76800,0.512,1.536
331,1225,-2.517973661422729,-3.2473549842834477,-1.7885922193527222,29.68277931213379,0.0002929469012275,169.8662109375,0.0160682201385498,78400,0.5226666666666666,1.568
331,1250,-2.384032964706421,-3.2205939292907715,-1.54747211933136,15.910361289978027,0.0002926584774442,169.8662109375,0.0160009860992431,80000,0.5333333333333333,1.6
331,1275,-2.610434532165528,-3.265058994293213,-1.955809950828552,31.360963821411133,0.0002923644217485,169.8662109375,0.0149996280670166,81600,0.544,1.632
331,1300,-2.33613920211792,-3.187872171401977,-1.4844061136245728,21.530521392822266,0.0002920647457492,169.8662109375,0.0149996280670166,83200,0.5546666666666666,1.664
331,1325,9.576804161071776,20.6519718170166,-1.4983636140823364,14.050226211547852,0.0002917594612769,169.8662109375,0.0149993896484375,84800,0.5653333333333334,1.696
331,1350,-2.652005434036255,-3.254067659378052,-2.049943208694458,14.461237907409668,0.0002914485803839,169.8662109375,0.0155086517333984,86400,0.576,1.728
331,1375,-2.05222225189209,-3.1306254863739014,-0.9738189578056335,19.80722045898437,0.0002911321153431,169.8662109375,0.0159990787506103,88000,0.5866666666666667,1.76
331,1400,-2.641240119934082,-3.2634894847869877,-2.018990993499756,27.2490348815918,0.000290810078648,169.8662109375,0.0160090923309326,89600,0.5973333333333334,1.792
331,1425,-2.051399707794189,-3.248690366744995,-0.8541092872619629,13.788963317871094,0.0002904824830122,169.8662109375,0.01609468460083,91200,0.608,1.824
331,1450,-2.3893136978149414,-3.219557523727417,-1.5590696334838867,13.388945579528809,0.0002901493413684,169.8662109375,0.0161292552947998,92800,0.6186666666666667,1.856
331,1475,-1.9937682151794436,-3.207037210464477,-0.7804993391036987,13.14105224609375,0.0002898106668687,169.8662109375,0.0159997940063476,94400,0.6293333333333333,1.888
331,1500,-2.6564419269561768,-3.266631603240967,-2.0462522506713867,8.907370567321777,0.0002894664728832,169.8662109375,0.0160021781921386,96000,0.64,1.92
331,1525,-1.997063159942627,-3.27811336517334,-0.7160130739212036,21.93881607055664,0.0002891167730002,169.8662109375,0.016244888305664,97600,0.6506666666666666,1.952
331,1550,-1.9578394889831543,-3.215596437454224,-0.7000826001167297,27.26766395568848,0.0002887615810251,169.8662109375,0.0149998664855957,99200,0.6613333333333333,1.984
331,1575,-2.487764835357666,-3.2691946029663086,-1.7063350677490234,17.22270393371582,0.0002884009109805,169.8662109375,0.0155115127563476,100800,0.672,2.016
331,1600,-2.397409439086914,-3.1959614753723145,-1.598857283592224,22.7346248626709,0.0002880347771048,169.8662109375,0.015000581741333,102400,0.6826666666666666,2.048
331,1625,-2.738823413848877,-3.279537439346313,-2.1981093883514404,6.492902755737305,0.0002876631938525,169.8662109375,0.0169997215270996,104000,0.6933333333333334,2.08
331,1650,-2.661742687225342,-3.3089444637298584,-2.0145411491394043,10.835000038146973,0.0002872861758931,169.8662109375,0.0160002708435058,105600,0.704,2.112
331,1675,-2.470858573913574,-3.2279980182647705,-1.713719129562378,6.888734817504883,0.0002869037381105,169.8662109375,0.016000747680664,107200,0.7146666666666667,2.144
331,1700,-2.444462537765503,-3.248963594436645,-1.6399614810943604,12.250114440917969,0.0002865158956027,169.8662109375,0.0150027275085449,108800,0.7253333333333334,2.176
331,1725,-2.479843139648437,-3.2339816093444824,-1.7257044315338137,11.74213409423828,0.0002861226636811,170.90771484375,0.0160002708435058,110400,0.736,2.208
331,1750,1.970629930496216,5.8811564445495605,-1.939896583557129,9.914155960083008,0.0002857240578699,170.90771484375,0.016512393951416,112000,0.7466666666666667,2.24
331,1775,-2.6670520305633545,-3.286465644836426,-2.047638416290283,7.783684253692627,0.0002853200939052,170.90771484375,0.0170016288757324,113600,0.7573333333333333,2.272
331,1800,-2.432408332824707,-3.2492005825042725,-1.6156162023544312,9.250349044799805,0.0002849107877349,170.90771484375,0.0170028209686279,115200,0.768,2.304
331,1825,-2.3453495502471924,-3.232632637023926,-1.458066463470459,11.967425346374512,0.0002844961555177,170.90771484375,0.01601243019104,116800,0.7786666666666666,2.336
331,1850,-2.727159023284912,-3.284755229949951,-2.169563055038452,15.256590843200684,0.0002840762136226,170.90771484375,0.0159418582916259,118400,0.7893333333333333,2.368
331,1875,-2.6475424766540527,-3.284267902374268,-2.010816812515259,9.709025382995604,0.0002836509786282,170.90771484375,0.0170202255249023,120000,0.8,2.4
331,1900,-2.610288143157959,-3.2491443157196045,-1.971431851387024,10.808436393737791,0.000283220467322,170.90771484375,0.0149993896484375,121600,0.8106666666666666,2.432
331,1925,-2.227311134338379,-3.2714285850524902,-1.183193922042847,11.16842269897461,0.0002827846966998,170.90771484375,0.0163397789001464,123200,0.8213333333333334,2.464
331,1950,-2.522345542907715,-3.247382164001465,-1.7973086833953855,10.746634483337402,0.0002823436839652,170.90771484375,0.0155093669891357,124800,0.832,2.496
331,1975,-2.6503348350524902,-3.198143243789673,-2.102526426315308,11.41860580444336,0.0002818974465285,170.90771484375,0.015998363494873,126400,0.8426666666666667,2.528
331,2000,-2.438969135284424,-3.23249626159668,-1.6454417705535889,19.43023681640625,0.0002814460020065,170.90771484375,0.0159997940063476,128000,0.8533333333333334,2.56
331,2025,-1.6388838291168213,-3.2188403606414795,-0.0589273050427436,19.895326614379883,0.0002809893682214,170.90771484375,0.0170016288757324,129600,0.864,2.592
331,2050,-2.513415813446045,-3.2847628593444824,-1.7420690059661863,13.905180931091309,0.0002805275632004,170.90771484375,0.0159995555877685,131200,0.8746666666666667,2.624
331,2075,-2.4657111167907715,-3.245006799697876,-1.6864155530929563,17.834293365478516,0.0002800606051746,170.90771484375,0.0150015354156494,132800,0.8853333333333333,2.656
331,2100,-2.6468937397003174,-3.268972158432007,-2.024815320968628,14.065719604492188,0.0002795885125789,170.90771484375,0.0166871547698974,134400,0.896,2.688
331,2125,-2.6162142753601074,-3.226315975189209,-2.006112813949585,21.789793014526367,0.0002791113040505,170.90771484375,0.0160000324249267,136000,0.9066666666666666,2.72
331,2150,-2.662055969238281,-3.288848400115967,-2.035263538360596,9.785218238830566,0.000278628998429,170.90771484375,0.0159995555877685,137600,0.9173333333333332,2.752
331,2175,-1.95084011554718,-3.269820213317871,-0.6318600177764893,9.563340187072754,0.0002781416147548,170.90771484375,0.0165140628814697,139200,0.928,2.784
331,2200,-2.15332555770874,-3.235180139541626,-1.071470856666565,12.792405128479004,0.0002776491722692,170.90771484375,0.0159997940063476,140800,0.9386666666666666,2.816
331,2225,-2.63647985458374,-3.288838624954224,-1.9841212034225464,6.806018829345703,0.0002771516904127,170.90771484375,0.0159997940063476,142400,0.9493333333333334,2.848
331,2250,-2.710635185241699,-3.2995293140411377,-2.1217410564422607,9.890961647033691,0.0002766491888253,170.90771484375,0.015505313873291,144000,0.96,2.88
331,2275,-2.7298083305358887,-3.269397735595703,-2.190218687057495,7.346352577209473,0.0002761416873447,170.90771484375,0.0159995555877685,145600,0.9706666666666668,2.912
331,2300,-2.582634687423706,-3.27539324760437,-1.8898760080337524,10.43398380279541,0.0002756292060063,170.90771484375,0.016512393951416,147200,0.9813333333333332,2.944
331,2325,-2.720372676849365,-3.281541585922241,-2.1592040061950684,7.014975070953369,0.0002751117650419,170.90771484375,0.0165116786956787,148800,0.992,2.976
331,2350,-2.545323371887207,-3.243205308914185,-1.8474416732788088,19.678823471069336,0.0002745893848793,170.90771484375,0.0165324211120605,150400,1.0026666666666666,3.008
331,2375,-2.65090274810791,-3.3018698692321777,-1.9999353885650637,6.239768028259277,0.0002740620861411,170.90771484375,0.0160026550292968,152000,1.0133333333333334,3.04
331,2400,-2.563464403152466,-3.2576353549957275,-1.8692933320999143,11.413385391235352,0.0002735298896442,170.90771484375,0.0160996913909912,153600,1.024,3.072
331,2425,-2.6972570419311523,-3.300667762756348,-2.093846321105957,7.8240437507629395,0.0002729928163988,170.90771484375,0.0155107975006103,155200,1.0346666666666666,3.104
331,2450,-2.6093311309814453,-3.264427423477173,-1.9542349576950075,17.570026397705078,0.0002724508876075,170.90771484375,0.016057014465332,156800,1.0453333333333332,3.136
331,2475,-2.6923763751983643,-3.279745817184448,-2.1050069332122803,10.563441276550291,0.0002719041246649,170.90771484375,0.0199987888336181,158400,1.056,3.168
331,2500,-2.4763965606689453,-3.203695297241211,-1.74909770488739,17.234458923339844,0.0002713525491562,170.90771484375,0.0150022506713867,160000,1.0666666666666669,3.2
331,2525,-2.598320245742798,-3.283143281936645,-1.91349732875824,11.160465240478516,0.0002707961828566,170.90771484375,0.015998363494873,161600,1.0773333333333333,3.232
331,2550,-2.581545352935791,-3.1972315311431885,-1.9658589363098145,31.366891860961918,0.0002702350477306,170.90771484375,0.0159976482391357,163200,1.088,3.264
331,2575,-2.656482219696045,-3.254464626312256,-2.058500051498413,10.530951499938965,0.0002696691659307,170.90771484375,0.0160024166107177,164800,1.098666666666667,3.296
331,2600,-2.494604110717773,-3.2592177391052246,-1.7299906015396118,8.533573150634766,0.0002690985597971,170.90771484375,0.0150055885314941,166400,1.1093333333333333,3.328
331,2625,-2.760003566741944,-3.295037746429444,-2.2249691486358643,5.852384090423584,0.0002685232518563,170.90771484375,0.015998363494873,168000,1.12,3.36
331,2650,-2.6851820945739746,-3.293029546737671,-2.077334403991699,8.627238273620605,0.0002679432648204,170.90771484375,0.0159966945648193,169600,1.1306666666666667,3.392
331,2675,-2.5588107109069824,-3.2964470386505127,-1.821174144744873,9.387636184692385,0.0002673586215864,170.90771484375,0.0150003433227539,171200,1.1413333333333333,3.424
331,2700,-2.6024858951568604,-3.24168062210083,-1.963291049003601,18.1156063079834,0.000266769345235,170.90771484375,0.0160028934478759,172800,1.152,3.456
331,2725,-2.67947769165039,-3.30381178855896,-2.055143356323242,6.519837379455566,0.0002661754590298,170.90771484375,0.0159993171691894,174400,1.1626666666666667,3.488
331,2750,-2.773775100708008,-3.334725856781006,-2.2128243446350098,10.047463417053224,0.0002655769864163,170.90771484375,0.015000581741333,176000,1.1733333333333331,3.52
331,2775,-2.5973896980285645,-3.268791675567627,-1.9259878396987915,8.978509902954102,0.0002649739510214,170.90771484375,0.0162687301635742,177600,1.184,3.552
331,2800,-2.757833957672119,-3.305556058883667,-2.210111618041992,5.411596775054932,0.0002643663766517,170.90771484375,0.0169990062713623,179200,1.1946666666666668,3.584
331,2825,-2.77326774597168,-3.307938575744629,-2.2385969161987305,6.223690509796143,0.0002637542872933,170.90771484375,0.0149998664855957,180800,1.2053333333333334,3.616
331,2850,7.069729804992676,16.0044002532959,-1.8649407625198364,23.476945877075195,0.0002631377071104,170.90771484375,0.0159995555877685,182400,1.216,3.648
331,2875,-2.7237911224365234,-3.233448266983032,-2.2141342163085938,23.53095245361328,0.0002625166604445,170.90771484375,0.0160002708435058,184000,1.2266666666666666,3.68
331,2900,-2.6988205909729004,-3.267612934112549,-2.130028009414673,3.371364116668701,0.0002618911718136,170.90771484375,0.0150001049041748,185600,1.2373333333333334,3.712
331,2925,-1.2379238605499268,-0.512205183506012,-1.9636424779891968,11.75803279876709,0.0002612612659108,170.90771484375,0.0159993171691894,187200,1.248,3.744
331,2950,-2.500962734222412,-3.252180576324463,-1.749744892120361,10.973312377929688,0.0002606269676037,170.90771484375,0.0150003433227539,188800,1.2586666666666666,3.776
331,2975,-2.7455034255981445,-3.3204030990600586,-2.1706037521362305,4.8379106521606445,0.0002599883019333,170.90771484375,0.0160000324249267,190400,1.2693333333333334,3.808
331,3000,-2.665341854095459,-3.286439180374145,-2.044244766235352,4.926082611083984,0.0002593452941132,170.90771484375,0.0149989128112792,192000,1.28,3.84
331,3025,-2.648162364959717,-3.308911800384521,-1.9874130487442017,8.414786338806152,0.000258697969528,170.90771484375,0.0150001049041748,193600,1.2906666666666666,3.872
331,3050,-2.6875455379486084,-3.2819690704345703,-2.0931220054626465,6.920079231262207,0.0002580463537331,170.90771484375,0.0159993171691894,195200,1.3013333333333332,3.904
331,3075,-2.604883909225464,-3.287480115890503,-1.9222877025604248,8.089507102966309,0.0002573904724532,170.90771484375,0.0160000324249267,196800,1.312,3.936
331,3100,-2.618740558624268,-3.2891411781311035,-1.9483397006988523,10.985830307006836,0.0002567303515813,170.90771484375,0.0160050392150878,198400,1.3226666666666669,3.968
331,3125,-2.69047212600708,-3.298701286315918,-2.082242727279663,6.728806972503662,0.0002560660171779,170.90771484375,0.0159997940063476,200000,1.3333333333333333,4.0
331,3150,-2.634408950805664,-3.314734935760498,-1.95408308506012,13.049847602844238,0.0002553974954698,170.90771484375,0.0160000324249267,201600,1.344,4.032
331,3175,-2.6737422943115234,-3.2308943271636963,-2.1165900230407715,18.880430221557617,0.000254724812849,170.90771484375,0.0160017013549804,203200,1.354666666666667,4.064
331,3200,-2.400393009185791,-3.291717529296875,-1.5090686082839966,5.599772930145264,0.0002540479958719,170.90771484375,0.0150868892669677,204800,1.3653333333333333,4.096
331,3225,-2.610133171081543,-3.2670631408691406,-1.9532034397125244,8.81901741027832,0.0002533670712581,170.90771484375,0.0150003433227539,206400,1.376,4.128
331,3250,-2.6815946102142334,-3.3128821849823,-2.050307035446167,6.231133460998535,0.0002526820658893,170.90771484375,0.0149977207183837,208000,1.3866666666666667,4.16
331,3275,-2.64282751083374,-3.3068792819976807,-1.9787757396698,5.864226818084717,0.0002519930068083,170.90771484375,0.0160000324249267,209600,1.397333333333333,4.192
331,3300,-2.721172332763672,-3.284202814102173,-2.15814208984375,6.414792537689209,0.0002512999212181,170.90771484375,0.0160000324249267,211200,1.408,4.224
331,3325,-2.643113851547241,-3.296015501022339,-1.990212321281433,7.474392890930176,0.0002506028364805,170.90771484375,0.0151121616363525,212800,1.4186666666666667,4.256
331,3350,-2.68026065826416,-3.299306154251098,-2.0612149238586426,4.998478412628174,0.0002499017801151,170.90771484375,0.0150187015533447,214400,1.4293333333333331,4.288
331,3375,-2.5218873023986816,-3.2939000129699707,-1.7498748302459717,6.982964038848877,0.0002491967797985,170.90771484375,0.0149977207183837,216000,1.44,4.32
331,3400,-2.56360387802124,-3.2929391860961914,-1.8342686891555784,9.20280933380127,0.0002484878633629,170.90771484375,0.015993595123291,217600,1.4506666666666668,4.352
331,3425,-2.761934757232666,-3.300753355026245,-2.223115921020508,12.16677188873291,0.0002477750587951,170.90771484375,0.016082763671875,219200,1.4613333333333334,4.384
331,3450,-2.7538630962371826,-3.2854573726654053,-2.22226881980896,5.266493797302246,0.0002470583942354,170.90771484375,0.016510009765625,220800,1.472,4.416
331,3475,-2.720752239227295,-3.317052364349365,-2.1244521141052246,6.724306583404541,0.0002463378979764,170.90771484375,0.0159981250762939,222400,1.4826666666666666,4.448
331,3500,-2.5835320949554443,-3.30405855178833,-1.863005757331848,3.543494939804077,0.0002456135984623,170.90771484375,0.0169990062713623,224000,1.4933333333333334,4.48
331,3525,-2.6861822605133057,-3.2728593349456787,-2.0995051860809326,11.225434303283691,0.0002448855242869,170.90771484375,0.0150003433227539,225600,1.504,4.512
331,3550,-2.7504451274871826,-3.2736847400665283,-2.227205514907837,6.279477119445801,0.0002441537041936,170.90771484375,0.0160045623779296,227200,1.5146666666666666,4.544
331,3575,-2.755687475204468,-3.314502477645874,-2.196872472763061,12.545920372009276,0.0002434181670732,170.90771484375,0.0149986743927001,228800,1.5253333333333334,4.576
331,3600,-2.7760720252990723,-3.2940216064453125,-2.258122444152832,7.656601905822754,0.0002426789419635,170.90771484375,0.0150015354156494,230400,1.536,4.608
331,3625,-2.716254711151123,-3.302683115005493,-2.129826307296753,5.970770359039307,0.0002419360580479,170.90771484375,0.0159995555877685,232000,1.5466666666666666,4.64
331,3650,-2.65978479385376,-3.291754722595215,-2.0278146266937256,5.216771125793457,0.0002411895446541,170.90771484375,0.0160014629364013,233600,1.5573333333333332,4.672
331,3675,-2.6184022426605225,-3.315089225769043,-1.921715259552002,7.468070983886719,0.0002404394312533,170.90771484375,0.0159990787506103,235200,1.568,4.704
331,3700,-2.766129970550537,-3.311488151550293,-2.220771551132202,8.093650817871094,0.0002396857474586,170.90771484375,0.0149998664855957,236800,1.5786666666666669,4.736
331,3725,-2.701697587966919,-3.310606002807617,-2.0927891731262207,4.665801048278809,0.0002389285230241,170.90771484375,0.0167710781097412,238400,1.5893333333333333,4.768
331,3750,-2.733989715576172,-3.2985568046569824,-2.1694226264953613,10.017958641052246,0.0002381677878438,170.90771484375,0.016005516052246,240000,1.6,4.8
331,3775,-2.599745273590088,-3.286965847015381,-1.9125245809555051,12.109928131103516,0.0002374035719502,170.90771484375,0.0159974098205566,241600,1.6106666666666667,4.832
331,3800,-2.71397066116333,-3.310243844985962,-2.1176974773406982,5.916574478149414,0.0002366359055133,170.90771484375,0.0159988403320312,243200,1.6213333333333333,4.864
331,3825,-2.776648998260498,-3.30104660987854,-2.252251148223877,16.985000610351562,0.0002358648188391,170.90771484375,0.0160005092620849,244800,1.632,4.896
331,3850,-2.6703076362609863,-3.3048243522644043,-2.0357909202575684,12.998760223388672,0.000235090342369,170.90771484375,0.0160012245178222,246400,1.6426666666666667,4.928
331,3875,-2.7767319679260254,-3.30293083190918,-2.250532865524292,13.175311088562012,0.0002343125066778,170.90771484375,0.0171639919281005,248000,1.653333333333333,4.96
331,3900,-2.773553371429444,-3.2848403453826904,-2.2622666358947754,18.8100528717041,0.0002335313424732,170.90771484375,0.0160052776336669,249600,1.664,4.992
331,3925,-2.7232041358947754,-3.293201208114624,-2.153206825256348,11.073373794555664,0.0002327468805942,170.90771484375,0.0163002014160156,251200,1.6746666666666667,5.024
331,3950,-2.3077046871185303,-3.2408905029296875,-1.374518871307373,11.531790733337402,0.0002319591520101,170.90771484375,0.0150010585784912,252800,1.6853333333333331,5.056
331,3975,-2.657637596130371,-3.2964060306549072,-2.018869400024414,16.832942962646484,0.000231168187819,170.90771484375,0.0170016288757324,254400,1.696,5.088
331,4000,-2.700769424438477,-3.303295135498047,-2.0982437133789062,6.23958683013916,0.0002303740192468,170.90771484375,0.0155410766601562,256000,1.7066666666666668,5.12
331,4025,-2.2753801345825195,-3.239064693450928,-1.3116958141326904,21.944963455200195,0.000229576677646,170.90771484375,0.0159213542938232,257600,1.7173333333333334,5.152
331,4050,-2.6956381797790527,-3.209135055541992,-2.1821415424346924,29.51106071472168,0.0002287761944941,170.90771484375,0.0270397663116455,259200,1.728,5.184
331,4075,-2.796481132507324,-3.308478593826294,-2.2844836711883545,7.290616512298584,0.0002279726013931,170.90771484375,0.0152745246887207,260800,1.7386666666666666,5.216
331,4100,-2.78684139251709,-3.307551622390747,-2.2661311626434326,8.488889694213867,0.0002271659300672,170.90771484375,0.0164089202880859,262400,1.7493333333333334,5.248
331,4125,-2.7592101097106934,-3.3163161277771,-2.202103853225708,12.420365333557127,0.0002263562123625,170.90771484375,0.0176379680633544,264000,1.76,5.28
331,4150,-2.509063243865967,-3.3114795684814453,-1.7066469192504885,5.192214012145996,0.0002255434802453,170.90771484375,0.0175745487213134,265600,1.7706666666666666,5.312
331,4175,-2.665818214416504,-3.216536045074463,-2.115100145339966,20.316125869750977,0.0002247277658009,170.90771484375,0.0194478034973144,267200,1.7813333333333334,5.344
331,4200,-2.7426633834838867,-3.301797866821289,-2.1835291385650635,2.026459217071533,0.0002239091012322,170.90771484375,0.0160496234893798,268800,1.792,5.376
331,4225,-2.659186840057373,-3.297637701034546,-2.0207362174987797,7.665367126464844,0.0002230875188587,170.90771484375,0.0163743495941162,270400,1.8026666666666664,5.408
331,4250,-2.543402671813965,-3.3193953037261963,-1.7674098014831543,8.315950393676758,0.0002222630511152,170.90771484375,0.0156278610229492,272000,1.8133333333333328,5.44
331,4275,-2.774369239807129,-3.314761161804199,-2.2339773178100586,4.191545009613037,0.0002214357305501,170.90771484375,0.0170695781707763,273600,1.824,5.472
331,4300,-2.6770946979522705,-3.3161392211914062,-2.0380501747131348,5.654395580291748,0.0002206055898247,170.90771484375,0.016148567199707,275200,1.834666666666667,5.504
331,4325,-2.709977626800537,-3.3385322093963623,-2.081423282623291,4.742469787597656,0.0002197726617116,170.90771484375,0.0170137882232666,276800,1.8453333333333333,5.536
331,4350,-2.674962520599365,-3.283458709716797,-2.0664663314819336,4.423628330230713,0.0002189369790932,170.90771484375,0.0220260620117187,278400,1.856,5.568
331,4375,-2.755502700805664,-3.29035758972168,-2.2206478118896484,11.687129974365234,0.0002180985749609,170.90771484375,0.017268419265747,280000,1.8666666666666667,5.6
331,4400,-2.524800539016724,-3.272168636322021,-1.777432560920715,11.411523818969728,0.0002172574824135,170.90771484375,0.0230166912078857,281600,1.8773333333333333,5.632
331,4425,-2.79646897315979,-3.313739061355591,-2.2791988849639893,5.724367618560791,0.0002164137346558,173.44970703125,0.0203979015350341,283200,1.888,5.664
331,4450,2.3107118606567383,6.091482639312744,-1.4700590372085571,12.188655853271484,0.0002155673649976,173.44970703125,0.0184466838836669,284800,1.8986666666666667,5.696
331,4475,-2.667391777038574,-3.295027256011963,-2.039756298065185,10.239404678344728,0.0002147184068521,173.44970703125,0.0180504322052001,286400,1.909333333333333,5.728
331,4500,-2.755528450012207,-3.2975752353668213,-2.2134814262390137,4.9978532791137695,0.0002138668937347,173.44970703125,0.0172967910766601,288000,1.92,5.76
331,4525,-2.562392234802246,-3.3044254779815674,-1.820359230041504,8.871442794799805,0.0002130128592617,173.44970703125,0.0220305919647216,289600,1.9306666666666668,5.792
331,4550,-2.757596492767334,-3.3195300102233887,-2.1956627368927,9.956049919128418,0.0002121563371489,173.44970703125,0.015507698059082,291200,1.9413333333333331,5.824
331,4575,-2.704607486724853,-3.331866979598999,-2.077347755432129,5.5837507247924805,0.0002112973612104,173.44970703125,0.0165081024169921,292800,1.952,5.856
331,4600,-2.804623603820801,-3.3147430419921875,-2.294503927230835,3.40818190574646,0.000210435965357,173.44970703125,0.0165183544158935,294400,1.9626666666666663,5.888
331,4625,-2.749293327331543,-3.3259902000427246,-2.1725966930389404,2.895769596099853,0.0002095721835952,173.44970703125,0.0150132179260253,296000,1.9733333333333332,5.92
331,4650,-2.797072410583496,-3.3047964572906494,-2.289348602294922,5.78473711013794,0.0002087060500255,173.44970703125,0.0145251750946044,297600,1.984,5.952
331,4675,-2.7986865043640137,-3.3300960063934326,-2.267276763916016,7.631096839904785,0.0002078375988416,173.44970703125,0.0155057907104492,299200,1.9946666666666664,5.984
331,4700,-2.8453493118286133,-3.3309566974639893,-2.3597421646118164,4.159267425537109,0.0002069668643282,173.44970703125,0.015510082244873,300800,2.005333333333333,6.016
331,4725,-2.6831183433532715,-3.219752550125122,-2.146484136581421,28.335918426513672,0.0002060938808606,173.44970703125,0.018012523651123,302400,2.016,6.048
331,4750,-2.77886962890625,-3.3234705924987797,-2.2342684268951416,13.050459861755373,0.0002052186829027,173.44970703125,0.0155110359191894,304000,2.026666666666667,6.08
331,4775,-2.759573459625244,-3.3202974796295166,-2.1988492012023926,8.59433364868164,0.0002043413050056,173.44970703125,0.016153335571289,305600,2.037333333333333,6.112
331,4800,-2.61215877532959,-3.330003261566162,-1.8943144083023071,4.551557540893555,0.0002034617818069,173.44970703125,0.0155045986175537,307200,2.048,6.144
331,4825,-2.7336976528167725,-3.317017078399658,-2.1503782272338867,9.227954864501951,0.0002025801480286,173.44970703125,0.0160105228424072,308800,2.058666666666667,6.176
331,4850,-2.795930862426758,-3.3130476474761963,-2.2788143157958984,8.159934043884277,0.0002016964384761,173.44970703125,0.0155310630798339,310400,2.069333333333333,6.208
331,4875,-2.7698447704315186,-3.32638955116272,-2.2132999897003174,5.352225303649902,0.0002008106880367,173.44970703125,0.0150179862976074,312000,2.08,6.24
331,4900,-2.7660531997680664,-3.3146066665649414,-2.2174999713897705,3.5161798000335693,0.0001999229316784,173.44970703125,0.0160756111145019,313600,2.0906666666666665,6.272
331,4925,-2.7308497428894043,-3.30777645111084,-2.1539230346679688,6.435309886932373,0.0001990332044482,173.44970703125,0.0160765647888183,315200,2.1013333333333333,6.304
331,4950,-2.6854209899902344,-3.3139610290527344,-2.056881189346313,3.2070531845092773,0.000198141541471,173.44970703125,0.0159964561462402,316800,2.112,6.336
331,4975,-2.7329835891723637,-3.3353233337402344,-2.130643606185913,5.0452752113342285,0.0001972479779482,173.44970703125,0.0149998664855957,318400,2.1226666666666665,6.368
331,5000,-2.7366459369659424,-3.2884440422058105,-2.184847831726074,14.04297924041748,0.0001963525491562,173.44970703125,0.0159993171691894,320000,2.1333333333333333,6.4
331,5025,-2.7944767475128174,-3.33400297164917,-2.254950523376465,2.5639986991882324,0.0001954552904449,173.44970703125,0.0150001049041748,321600,2.144,6.432
331,5050,-2.6845531463623047,-3.276705026626587,-2.092401027679444,13.227463722229004,0.0001945562372365,173.44970703125,0.0162158012390136,323200,2.1546666666666665,6.464
331,5075,-2.4013261795043945,-3.2372589111328125,-1.565393328666687,8.64065933227539,0.0001936554250242,173.44970703125,0.0160064697265625,324800,2.1653333333333333,6.496
331,5100,-2.667022705078125,-3.3152055740356445,-2.0188395977020264,5.54742956161499,0.0001927528893704,173.44970703125,0.0155026912689208,326400,2.176,6.528
331,5125,-2.770329475402832,-3.31545352935791,-2.225205421447754,5.055825233459473,0.0001918486659058,173.44970703125,0.0159990787506103,328000,2.1866666666666665,6.56
331,5150,-2.732004165649414,-3.3004229068756104,-2.1635851860046387,8.230025291442871,0.0001909427903275,173.44970703125,0.0160000324249267,329600,2.1973333333333334,6.592
331,5175,-2.7826051712036133,-3.3072731494903564,-2.257936954498291,14.309539794921877,0.000190035298398,173.44970703125,0.0159990787506103,331200,2.208,6.624
331,5200,-2.6855344772338867,-3.3220436573028564,-2.049025297164917,13.048331260681152,0.0001891262259434,173.44970703125,0.0160000324249267,332800,2.2186666666666666,6.656
331,5225,-2.7193193435668945,-3.3227286338806152,-2.115910291671753,4.442649841308594,0.0001882156088525,173.44970703125,0.0156757831573486,334400,2.2293333333333334,6.688
331,5250,-2.6772093772888184,-3.3095529079437256,-2.0448660850524902,7.112871646881104,0.0001873034830747,173.44970703125,0.0159995555877685,336000,2.24,6.72
331,5275,-2.78953218460083,-3.325758457183838,-2.2533061504364014,3.092642545700073,0.0001863898846193,173.44970703125,0.0160005092620849,337600,2.2506666666666666,6.752
331,5300,-2.80825138092041,-3.321690320968628,-2.2948126792907715,3.479985475540161,0.0001854748495535,173.44970703125,0.0149989128112792,339200,2.2613333333333334,6.784
331,5325,-2.7877326011657715,-3.301417350769043,-2.2740478515625,7.348251342773437,0.0001845584140014,173.44970703125,0.0165071487426757,340800,2.272,6.816
331,5350,-2.6398394107818604,-3.314258813858032,-1.965420126914978,4.016574382781982,0.0001836406141424,173.44970703125,0.0180039405822753,342400,2.2826666666666666,6.848
331,5375,-2.5896058082580566,-3.2781238555908203,-1.901087999343872,4.251275539398193,0.0001827214862094,173.44970703125,0.0149955749511718,344000,2.293333333333333,6.88
331,5400,-2.7537951469421387,-3.3064393997192383,-2.201151132583618,4.611359596252441,0.0001818010664883,173.44970703125,0.0159974098205566,345600,2.304,6.912
331,5425,-2.73766565322876,-3.3263981342315674,-2.148932933807373,4.780613422393799,0.0001808793913154,173.44970703125,0.0159978866577148,347200,2.3146666666666667,6.944
331,5450,-2.7963242530822754,-3.319812297821045,-2.272836446762085,13.380706787109377,0.0001799564970771,173.44970703125,0.0155115127563476,348800,2.325333333333333,6.976
331,5475,-2.78615140914917,-3.309694528579712,-2.262608528137207,4.6076273918151855,0.0001790324202076,173.44970703125,0.0150063037872314,350400,2.336,7.008
331,5500,-2.684537887573242,-3.2642993927001958,-2.10477614402771,2.650249719619751,0.0001781071971878,173.44970703125,0.0155074596405029,352000,2.3466666666666667,7.04
331,5525,-2.7253122329711914,-3.2977898120880127,-2.152834892272949,3.724675178527832,0.000177180864544,173.44970703125,0.0160043239593505,353600,2.357333333333333,7.072
331,5550,-2.755821704864502,-3.333333969116211,-2.178309440612793,1.47107994556427,0.0001762534588462,173.44970703125,0.0159974098205566,355200,2.368,7.104
331,5575,-2.6005449295043945,-3.295969724655152,-1.9051198959350584,8.188840866088867,0.0001753250167069,173.44970703125,0.0150654315948486,356800,2.3786666666666667,7.136
331,5600,-2.70511794090271,-3.333385944366455,-2.076849937438965,6.900397777557373,0.0001743955747792,173.44970703125,0.0145978927612304,358400,2.389333333333333,7.168
331,5625,-2.7795259952545166,-3.3198399543762207,-2.2392120361328125,6.172996044158936,0.000173465169756,173.44970703125,0.0160045623779296,360000,2.4,7.2
331,5650,-2.759660005569458,-3.2901318073272705,-2.229188203811645,10.139575958251951,0.0001725338383681,173.44970703125,0.0155122280120849,361600,2.4106666666666667,7.232
331,5675,-2.728424549102783,-3.324408769607544,-2.1324403285980225,7.685928344726562,0.0001716016173828,173.44970703125,0.0160043239593505,363200,2.421333333333333,7.264
331,5700,-2.7169947624206543,-3.3109591007232666,-2.123030662536621,10.026895523071287,0.0001706685436026,173.44970703125,0.015510082244873,364800,2.432,7.296
331,5725,-2.6940693855285645,-3.285984992980957,-2.102153778076172,20.206165313720703,0.0001697346538638,173.44970703125,0.0158479213714599,366400,2.4426666666666668,7.328
331,5750,-2.720982074737549,-3.241175413131714,-2.200788736343384,26.812427520751957,0.0001687999850346,173.44970703125,0.0150001049041748,368000,2.453333333333333,7.36
331,5775,-2.807978391647339,-3.346405506134033,-2.2695512771606445,7.842876434326172,0.0001678645740142,173.44970703125,0.0160150527954101,369600,2.464,7.392
331,5800,-2.754734516143799,-3.346164464950561,-2.1633048057556152,5.514009952545166,0.000166928457731,173.44970703125,0.0159986019134521,371200,2.474666666666667,7.424
331,5825,-2.724085807800293,-3.3335072994232178,-2.114664316177368,2.819619417190552,0.0001659916731412,173.44970703125,0.0155708789825439,372800,2.485333333333333,7.456
331,5850,-2.786902904510498,-3.3197481632232666,-2.254057645797729,3.996455430984497,0.0001650542572276,173.44970703125,0.0149998664855957,374400,2.496,7.488
331,5875,-2.7498779296875,-3.3111274242401123,-2.188628673553467,4.533190727233887,0.0001641162469977,173.44970703125,0.0160000324249267,376000,2.506666666666667,7.52
331,5900,-2.671030044555664,-3.322592496871948,-2.019467830657959,4.988707065582275,0.0001631776794826,173.44970703125,0.0160961151123046,377600,2.517333333333333,7.552
331,5925,-2.747875213623047,-3.3284568786621094,-2.1672933101654053,3.350177049636841,0.0001622385917352,173.44970703125,0.0150003433227539,379200,2.528,7.584
331,5950,-2.5782594680786133,-3.312108278274536,-1.8444104194641116,7.286624908447266,0.0001612990208291,173.44970703125,0.0159945487976074,380800,2.538666666666667,7.616
331,5975,-2.7849795818328857,-3.332423448562622,-2.2375357151031494,4.341825485229492,0.0001603590038571,173.44970703125,0.0160045623779296,382400,2.549333333333333,7.648
331,6000,-2.765547752380371,-3.337170124053955,-2.193925380706787,2.125559091567993,0.0001594185779293,173.44970703125,0.016003131866455,384000,2.56,7.68
331,6025,-2.3869032859802246,-2.564462661743164,-2.209343910217285,5.82688570022583,0.0001584777801723,173.44970703125,0.0150003433227539,385600,2.570666666666667,7.712
331,6050,-2.7994284629821777,-3.336270809173584,-2.2625861167907715,4.546928882598877,0.0001575366477269,173.44970703125,0.0180001258850097,387200,2.5813333333333333,7.744
331,6075,-2.6879775524139404,-3.317890167236328,-2.0580649375915527,4.360254764556885,0.0001565952177476,173.44970703125,0.0159993171691894,388800,2.592,7.776
331,6100,-2.8099257946014404,-3.331908941268921,-2.28794264793396,4.915417671203613,0.0001556535274004,173.44970703125,0.0170013904571533,390400,2.6026666666666665,7.808
331,6125,-2.628286600112915,-3.3022522926330566,-1.954320788383484,5.324864387512207,0.0001547116138617,173.44970703125,0.0150008201599121,392000,2.6133333333333333,7.84
331,6150,-2.7611680030822754,-3.316448450088501,-2.20588755607605,2.57028865814209,0.0001537695143165,173.44970703125,0.0160000324249267,393600,2.624,7.872
331,6175,-2.798548698425293,-3.333277940750122,-2.2638192176818848,9.968297958374023,0.0001528272659573,173.44970703125,0.0159966945648193,395200,2.6346666666666665,7.904
331,6200,-2.795196056365967,-3.335179090499878,-2.255212783813477,6.774485111236572,0.0001518849059825,173.44970703125,0.0165052413940429,396800,2.6453333333333333,7.936
331,6225,-2.805183887481689,-3.3405649662017822,-2.269803047180176,7.029869556427002,0.0001509424715948,173.44970703125,0.0155675411224365,398400,2.656,7.968
331,6250,-2.743695974349976,-3.3265726566314697,-2.160819292068481,4.898643493652344,0.0001499999999999,173.44970703125,0.0150008201599121,400000,2.6666666666666665,8.0
331,6275,-2.816776752471924,-3.3410913944244385,-2.292462110519409,2.068629026412964,0.0001490575284051,173.44970703125,0.0159974098205566,401600,2.6773333333333333,8.032
331,6300,-2.810948133468628,-3.322133779525757,-2.299762487411499,6.981863021850586,0.0001481150940174,173.44970703125,0.0159981250762939,403200,2.688,8.064
331,6325,-2.8650827407836914,-3.332744836807251,-2.3974204063415527,12.5787935256958,0.0001471727340426,173.44970703125,0.0160028934478759,404800,2.6986666666666665,8.096
331,6350,-2.7193703651428223,-3.3261725902557373,-2.1125683784484863,3.881371974945069,0.0001462304856834,173.44970703125,0.0159988403320312,406400,2.7093333333333334,8.128
331,6375,-2.655657291412353,-3.3060641288757324,-2.0052504539489746,4.252702236175537,0.0001452883861382,173.44970703125,0.0159993171691894,408000,2.72,8.16
331,6400,-2.8187875747680664,-3.329758882522583,-2.3078160285949707,3.768364191055298,0.0001443464725995,173.44970703125,0.0159981250762939,409600,2.7306666666666666,8.192
331,6425,-2.471676111221313,-3.295351505279541,-1.6480008363723757,7.887925624847412,0.0001434047822523,173.44970703125,0.0155067443847656,411200,2.7413333333333334,8.224
331,6450,-2.8343820571899414,-3.336928367614746,-2.331835985183716,2.831862211227417,0.000142463352273,173.44970703125,0.0159997940063476,412800,2.752,8.256
331,6475,-2.78511905670166,-3.342374086380005,-2.2278637886047363,1.9987984895706177,0.0001415222198276,173.44970703125,0.0170001983642578,414400,2.7626666666666666,8.288
331,6500,-2.6501262187957764,-3.350925922393799,-1.949326515197754,4.3520050048828125,0.0001405814220706,173.44970703125,0.0160040855407714,416000,2.773333333333333,8.32
331,6525,-2.503899574279785,-3.311320781707764,-1.6964786052703855,2.647705078125,0.0001396409961428,173.44970703125,0.0150842666625976,417600,2.784,8.352
331,6550,-2.7301154136657715,-3.3418376445770264,-2.1183931827545166,2.840620994567871,0.0001387009791708,173.44970703125,0.0157639980316162,419200,2.794666666666666,8.384
331,6575,-2.8099913597106934,-3.3183722496032715,-2.301610231399536,4.969053745269775,0.0001377614082647,173.44970703125,0.0159997940063476,420800,2.805333333333333,8.416
331,6600,-2.6956729888916016,-3.330084800720215,-2.0612614154815674,5.937073230743408,0.0001368223205173,173.44970703125,0.015998363494873,422400,2.816,8.448
331,6625,6.238049507141113,14.123658180236816,-1.6475589275360107,8.499658584594727,0.0001358837530022,173.44970703125,0.0159986019134521,424000,2.8266666666666667,8.48
331,6650,-2.832486867904663,-3.3192827701568604,-2.345690965652466,3.5006415843963623,0.0001349457427723,173.44970703125,0.0155150890350341,425600,2.837333333333333,8.512
331,6675,-2.7054336071014404,-3.3025505542755127,-2.108316659927368,3.412800073623657,0.0001340083268587,173.44970703125,0.0153851509094238,427200,2.848,8.544
331,6700,-2.773848056793213,-3.315071821212769,-2.2326245307922363,6.661625385284424,0.0001330715422689,173.44970703125,0.0159990787506103,428800,2.8586666666666667,8.576
331,6725,-2.8028736114501958,-3.334934949874878,-2.270812511444092,1.4478373527526855,0.0001321354259857,173.44970703125,0.0160000324249267,430400,2.869333333333333,8.608
331,6750,-2.8281853199005127,-3.326347589492798,-2.3300230503082275,7.785772323608398,0.0001312000149653,173.44970703125,0.0159986019134521,432000,2.88,8.64
331,6775,-2.777245044708252,-3.3262734413146973,-2.228216648101806,4.085679531097412,0.0001302653461361,173.44970703125,0.016510009765625,433600,2.8906666666666667,8.672
331,6800,-2.7112998962402344,-3.3183178901672363,-2.1042819023132324,3.033297538757324,0.0001293314563973,173.44970703125,0.0155556201934814,435200,2.901333333333333,8.704
331,6825,-2.7979607582092285,-3.321118116378784,-2.274803638458252,8.472497940063477,0.0001283983826171,173.44970703125,0.0179953575134277,436800,2.912,8.736
331,6850,-2.814870357513428,-3.3329172134399414,-2.296823740005493,7.900049686431885,0.0001274661616318,173.44970703125,0.0160012245178222,438400,2.9226666666666667,8.768
331,6875,-2.6098225116729736,-3.308995485305786,-1.910649657249451,4.143447399139404,0.0001265348302439,173.44970703125,0.0150041580200195,440000,2.933333333333333,8.8
331,6900,-2.758330821990967,-3.333807468414306,-2.182853937149048,7.886198997497559,0.0001256044252207,173.44970703125,0.0155122280120849,441600,2.944,8.832
331,6925,-2.727224349975586,-3.3334460258483887,-2.121002435684204,10.278188705444336,0.000124674983293,173.44970703125,0.0173110961914062,443200,2.9546666666666668,8.864
331,6950,-2.6801657676696777,-3.3078505992889404,-2.052481174468994,4.689431190490723,0.0001237465411537,173.44970703125,0.0160052776336669,444800,2.965333333333333,8.896
331,6975,-2.784517765045166,-3.333016872406006,-2.236018419265747,3.335395336151123,0.0001228191354559,173.44970703125,0.0159988403320312,446400,2.976,8.928
331,7000,-2.629502773284912,-3.298227071762085,-1.9607784748077397,9.66811466217041,0.0001218928028121,173.44970703125,0.0149993896484375,448000,2.986666666666667,8.96
331,7025,-2.7346081733703613,-3.2858235836029053,-2.1833927631378174,2.890270709991455,0.0001209675797923,173.44970703125,0.0155084133148193,449600,2.997333333333333,8.992
331,7050,-2.779515027999878,-3.3297510147094727,-2.229279041290283,4.166236877441406,0.0001200435029228,173.44970703125,0.0149996280670166,451200,3.008,9.024
331,7075,-2.7815041542053223,-3.3006911277771,-2.262317419052124,4.885770320892334,0.0001191206086845,173.44970703125,0.0159997940063476,452800,3.018666666666667,9.056
331,7100,-2.665544986724853,-3.3161065578460693,-2.014983654022217,4.5072126388549805,0.0001181989335116,173.44970703125,0.0179986953735351,454400,3.029333333333333,9.088
331,7125,-2.791571140289306,-3.333724021911621,-2.2494184970855717,1.937334895133972,0.0001172785137905,173.44970703125,0.0169997215270996,456000,3.04,9.12
331,7150,-2.727813720703125,-3.3103606700897217,-2.145266532897949,2.5766000747680664,0.0001163593858575,173.44970703125,0.0159995555877685,457600,3.050666666666667,9.152
331,7175,-2.849766731262207,-3.343172311782837,-2.356361389160156,3.821280479431152,0.0001154415859985,173.44970703125,0.0175073146820068,459200,3.061333333333333,9.184
331,7200,-2.810799121856689,-3.315345287322998,-2.3062527179718018,2.8449504375457764,0.0001145251504464,173.44970703125,0.0150001049041748,460800,3.072,9.216
331,7225,-2.789518356323242,-3.3049216270446777,-2.2741153240203857,3.790527105331421,0.0001136101153806,173.44970703125,0.0150003433227539,462400,3.082666666666667,9.248
331,7250,-2.807591438293457,-3.3264260292053223,-2.288756847381592,4.381503582000732,0.0001126965169252,173.44970703125,0.0157124996185302,464000,3.0933333333333333,9.28
331,7275,-2.82358717918396,-3.3226072788238525,-2.3245670795440674,4.313940048217773,0.0001117843911474,173.44970703125,0.0145673751831054,465600,3.104,9.312
331,7300,-2.798582077026367,-3.333703994750977,-2.2634599208831787,3.2690231800079346,0.0001108737740565,173.44970703125,0.0170001983642578,467200,3.1146666666666665,9.344
331,7325,-2.7451746463775635,-3.334435224533081,-2.155914068222046,2.6775565147399902,0.0001099647016019,173.44970703125,0.0170001983642578,468800,3.1253333333333333,9.376
331,7350,-2.801654815673828,-3.3182780742645264,-2.285031795501709,4.286576747894287,0.0001090572096724,173.44970703125,0.0160861015319824,470400,3.136,9.408
331,7375,-2.835880756378174,-3.353673219680786,-2.318088293075561,4.286205291748047,0.0001081513340941,173.44970703125,0.0160000324249267,472000,3.1466666666666665,9.44
331,7400,-2.8196303844451904,-3.3473000526428223,-2.2919607162475586,3.1151022911071777,0.0001072471106295,173.44970703125,0.0155155658721923,473600,3.1573333333333333,9.472
331,7425,-2.834716796875,-3.3420042991638184,-2.3274290561676025,2.537623405456543,0.0001063445749757,173.44970703125,0.015000581741333,475200,3.168,9.504
331,7450,-2.6388187408447266,-3.0800561904907227,-2.197581052780152,3.337329149246216,0.0001054437627634,173.44970703125,0.0160002708435058,476800,3.1786666666666665,9.536
331,7475,-2.710299015045166,-3.3503665924072266,-2.070231676101685,3.369252920150757,0.000104544709555,173.44970703125,0.0158963203430175,478400,3.1893333333333334,9.568
331,7500,-2.774545907974243,-3.3218536376953125,-2.227238178253174,3.223045110702514,0.0001036474508437,173.44970703125,0.0160560607910156,480000,3.2,9.6
331,7525,-2.8012075424194336,-3.3263416290283203,-2.276073694229126,3.8796002864837646,0.0001027520220517,173.44970703125,0.0160012245178222,481600,3.2106666666666666,9.632
331,7550,-2.82002592086792,-3.304649353027344,-2.335402727127075,1.159082293510437,0.0001018584585289,173.44970703125,0.0160896778106689,483200,3.2213333333333334,9.664
331,7575,-2.828556537628174,-3.3337182998657227,-2.323395013809204,2.1505143642425537,0.0001009667955517,173.44970703125,0.0155606269836425,484800,3.232,9.696
331,7600,-2.790221691131592,-3.30910062789917,-2.2713425159454346,2.174221992492676,0.0001000770683215,173.44970703125,0.0160000324249267,486400,3.2426666666666666,9.728
331,7625,-2.771470308303833,-3.3183631896972656,-2.2245774269104004,5.8911566734313965,9.918931196320656e-05,173.44970703125,0.0155136585235595,488000,3.2533333333333334,9.76
331,7650,-2.8015031814575195,-3.325059652328491,-2.277946949005127,2.611714601516724,9.830356152382272e-05,173.44970703125,0.0160002708435058,489600,3.264,9.792
331,7675,-2.812964916229248,-3.350656509399414,-2.275273084640503,4.789668083190918,9.741985197131142e-05,173.44970703125,0.0150039196014404,491200,3.2746666666666666,9.824
331,7700,-2.7583799362182617,-3.239349365234375,-2.2774107456207275,2.6062140464782715,9.653821819301268e-05,173.44970703125,0.0149998664855957,492800,3.285333333333333,9.856
331,7725,-2.7901687622070312,-3.335389375686645,-2.244947910308838,3.8096437454223633,9.565869499431844e-05,173.44970703125,0.0160000324249267,494400,3.296,9.888
331,7750,-2.745950698852539,-3.3264613151550293,-2.1654398441314697,2.8541066646575928,9.478131709729864e-05,173.44970703125,0.0149991512298583,496000,3.306666666666666,9.92
331,7775,-2.792640447616577,-3.345813274383545,-2.2394676208496094,2.7104523181915283,9.390611913933022e-05,173.44970703125,0.0149989128112792,497600,3.317333333333333,9.952
331,7800,-2.817486047744751,-3.3326668739318848,-2.302305221557617,6.097189903259277,9.303313567173008e-05,173.44970703125,0.0155379772186279,499200,3.328,9.984
331,7825,32.70726776123047,67.68942260742188,-2.274890184402466,21.214859008789062,9.216240115839076e-05,173.44970703125,0.0169985294342041,500800,3.3386666666666667,10.016
331,7850,-2.6493587493896484,-2.9995675086975098,-2.299150228500366,2.3974852561950684,9.12939499744199e-05,173.44970703125,0.0159974098205566,502400,3.349333333333333,10.048
331,7875,-2.804959535598755,-3.356698036193848,-2.253221035003662,3.5161147117614746,9.04278164047832e-05,173.44970703125,0.0151171684265136,504000,3.36,10.08
331,7900,-2.8058903217315674,-3.338068008422852,-2.273712635040283,3.2633180618286133,8.95640346429509e-05,173.44970703125,0.0160083770751953,505600,3.3706666666666667,10.112
331,7925,-2.8728256225585938,-3.357860326766968,-2.3877906799316406,1.8277866840362549,8.870263878954797e-05,173.44970703125,0.0176641941070556,507200,3.381333333333333,10.144
331,7950,-2.839346408843994,-3.333489418029785,-2.345203161239624,1.7813572883605957,8.784366285100765e-05,173.44970703125,0.0160005092620849,508800,3.392,10.176
331,7975,-2.8298439979553223,-3.3386850357055664,-2.321002960205078,4.035300254821777,8.698714073822932e-05,173.44970703125,0.015005350112915,510400,3.4026666666666667,10.208
331,8000,-2.837615966796875,-3.353745222091675,-2.3214869499206543,3.0578513145446777,8.613310626523942e-05,173.44970703125,0.0190000534057617,512000,3.4133333333333336,10.24
331,8025,-2.757481575012207,-3.232750177383423,-2.282212972640991,4.007314205169678,8.52815931478564e-05,173.44970703125,0.015507698059082,513600,3.424,10.272
331,8050,-2.834558248519897,-3.3569557666778564,-2.3121607303619385,4.837880611419678,8.44326350023604e-05,173.44970703125,0.0165057182312011,515200,3.4346666666666668,10.304
331,8075,-2.6967310905456543,-3.335592031478882,-2.0578701496124268,5.466512680053711,8.358626534416508e-05,173.44970703125,0.0150008201599121,516800,3.445333333333333,10.336
331,8100,-2.854012489318848,-3.3444745540618896,-2.3635501861572266,2.0733344554901123,8.274251758649552e-05,173.44970703125,0.0149993896484375,518400,3.456,10.368
331,8125,-2.772395133972168,-3.3129360675811768,-2.2318544387817383,1.665069580078125,8.190142503906833e-05,173.44970703125,0.0150003433227539,520000,3.466666666666667,10.4
331,8150,-2.7162961959838867,-3.259734869003296,-2.1728577613830566,1.6106693744659424,8.106302090677717e-05,173.44970703125,0.0165033340454101,521600,3.477333333333333,10.432
331,8175,-2.8102731704711914,-3.352485418319702,-2.2680606842041016,2.4636027812957764,8.022733828838163e-05,173.44970703125,0.0159997940063476,523200,3.488,10.464
331,8200,-2.8438587188720703,-3.3394665718078613,-2.3482511043548584,3.935346841812134,7.939441017520052e-05,173.44970703125,0.0160005092620849,524800,3.498666666666667,10.496
331,8225,-2.8140628337860107,-3.2942285537719727,-2.333897113800049,1.7488646507263184,7.856426944980949e-05,173.44970703125,0.0159988403320312,526400,3.509333333333333,10.528
331,8250,-2.8132472038269043,-3.3210582733154297,-2.305436372756958,3.610909223556519,7.773694888474308e-05,173.44970703125,0.0170042514801025,528000,3.52,10.56
331,8275,-2.8159520626068115,-3.3405961990356445,-2.2913079261779785,2.232090473175049,7.691248114120058e-05,173.44970703125,0.0150039196014404,529600,3.530666666666667,10.592
331,8300,-2.828557014465332,-3.3357393741607666,-2.321374654769897,4.776170253753662,7.609089876775668e-05,173.44970703125,0.0149986743927001,531200,3.541333333333333,10.624
331,8325,-2.694530725479126,-3.318976879119873,-2.070084571838379,2.361614465713501,7.527223419907674e-05,173.44970703125,0.0160002708435058,532800,3.552,10.656
331,8350,-2.673169612884521,-3.3245046138763428,-2.021834373474121,2.5058135986328125,7.445651975463619e-05,173.44970703125,0.0152657032012939,534400,3.562666666666667,10.688
331,8375,-2.8187923431396484,-3.3500092029571533,-2.2875757217407227,6.713325023651123,7.364378763744466e-05,173.44970703125,0.0149981975555419,536000,3.5733333333333333,10.72
331,8400,-2.772056579589844,-3.321142673492432,-2.222970724105835,5.157610893249512,7.283406993277443e-05,173.44970703125,0.015000581741333,537600,3.584,10.752
331,8425,-2.692275047302246,-3.333045721054077,-2.051504373550415,6.215868949890137,7.202739860689404e-05,173.44970703125,0.0165085792541503,539200,3.5946666666666665,10.784
331,8450,-2.788201808929444,-3.311985492706299,-2.264418125152588,2.4922590255737305,7.122380550580606e-05,173.44970703125,0.0160002708435058,540800,3.605333333333333,10.816
331,8475,-2.8261187076568604,-3.338996410369873,-2.313241004943848,6.639590263366699,7.042332235399037e-05,173.44970703125,0.0149998664855957,542400,3.616,10.848
331,8500,-2.8476204872131348,-3.371255874633789,-2.32398533821106,2.606775522232056,6.962598075315097e-05,173.44970703125,0.0169382095336914,544000,3.6266666666666665,10.88
331,8525,-2.8470633029937744,-3.313504695892334,-2.380621910095215,3.3520236015319824,6.883181218096908e-05,173.44970703125,0.0165901184082031,545600,3.637333333333333,10.912
331,8550,-2.8124032020568848,-3.3367414474487305,-2.288065195083618,1.752800226211548,6.804084798986014e-05,173.44970703125,0.0160009860992431,547200,3.648,10.944
331,8575,-2.8192591667175293,-3.330376148223877,-2.3081424236297607,3.6318206787109375,6.725311940573595e-05,173.44970703125,0.0160000324249267,548800,3.6586666666666665,10.976
331,8600,-2.853120803833008,-3.3317739963531494,-2.3744678497314453,6.244326591491699,6.646865752677225e-05,173.44970703125,0.0159993171691894,550400,3.669333333333333,11.008
331,8625,-2.8325204849243164,-3.337341070175171,-2.327699661254883,2.3853344917297363,6.56874933221809e-05,173.44970703125,0.0159995555877685,552000,3.68,11.04
331,8650,-2.808734178543091,-3.335899829864502,-2.28156852722168,4.856399059295654,6.4909657630987e-05,173.44970703125,0.0155665874481201,553600,3.6906666666666665,11.072
331,8675,-2.863582134246826,-3.357309341430664,-2.3698551654815674,2.9235222339630127,6.413518116081182e-05,173.44970703125,0.0159990787506103,555200,3.701333333333333,11.104
331,8700,-2.8261260986328125,-3.317057609558105,-2.3351943492889404,3.069573402404785,6.336409448666034e-05,173.44970703125,0.0160150527954101,556800,3.712,11.136
331,8725,-2.784235000610352,-3.256821632385254,-2.311648368835449,2.805283069610596,6.259642804971405e-05,173.44970703125,0.0149993896484375,558400,3.7226666666666666,11.168
331,8750,-2.7815709114074707,-3.3124916553497314,-2.25065016746521,6.6808013916015625,6.183221215612947e-05,173.44970703125,0.0155766010284423,560000,3.733333333333333,11.2
331,8775,-2.852245807647705,-3.3469934463500977,-2.3574981689453125,2.074048519134521,6.107147697584154e-05,173.44970703125,0.0159962177276611,561600,3.744,11.232
331,8800,-2.8476481437683105,-3.338794469833374,-2.356501817703247,5.428439617156982,6.031425254137259e-05,173.44970703125,0.0160272121429443,563200,3.7546666666666666,11.264
331,8825,-2.5693628787994385,-3.341704845428467,-1.7970209121704102,7.198629856109619,5.956056874664673e-05,173.44970703125,0.0155081748962402,564800,3.765333333333333,11.296
331,8850,-2.861093044281006,-3.34964919090271,-2.3725366592407227,2.6648731231689453,5.881045534580965e-05,173.44970703125,0.0155069828033447,566400,3.776,11.328
331,8875,-2.814683437347412,-3.348846435546875,-2.28052020072937,3.611363410949707,5.806394195205397e-05,173.44970703125,0.0160045623779296,568000,3.786666666666666,11.36
331,8900,-2.810454607009888,-3.332548141479492,-2.288361072540283,1.7143651247024536,5.732105803645027e-05,173.44970703125,0.0169997215270996,569600,3.797333333333333,11.392
331,8925,-2.816295623779297,-3.319785594940185,-2.312805414199829,6.28909158706665,5.658183292678355e-05,173.44970703125,0.0160040855407714,571200,3.808,11.424
331,8950,-2.821300506591797,-3.3367717266082764,-2.3058290481567383,1.7785415649414062,5.5846295806395336e-05,173.44970703125,0.0160021781921386,572800,3.818666666666666,11.456
331,8975,-2.8355727195739746,-3.360827922821045,-2.310317277908325,2.04624342918396,5.511447571303171e-05,173.44970703125,0.0206661224365234,574400,3.8293333333333335,11.488
331,9000,-2.8373241424560547,-3.322650671005249,-2.3519976139068604,1.2554636001586914,5.4386401537696895e-05,173.44970703125,0.0170707702636718,576000,3.84,11.52
331,9025,-2.8141775131225586,-3.347841262817383,-2.2805135250091557,1.5505855083465576,5.3662102023512647e-05,173.44970703125,0.0150167942047119,577600,3.8506666666666662,11.552
331,9050,-2.5314414501190186,-3.3531270027160645,-1.7097558975219729,3.2017269134521484,5.294160576458362e-05,173.44970703125,0.015514850616455,579200,3.8613333333333335,11.584
331,9075,-2.782607078552246,-3.34975004196167,-2.215463876724243,1.89330530166626,5.222494120486851e-05,173.44970703125,0.0160191059112548,580800,3.872,11.616
331,9100,-2.5669562816619877,-3.283577442169189,-1.8503352403640747,6.01899528503418,5.151213663705678e-05,173.44970703125,0.0162909030914306,582400,3.8826666666666663,11.648
331,9125,-2.8315391540527344,-3.3541018962860107,-2.308976173400879,2.333332300186157,5.080322020145251e-05,173.44970703125,0.0160193443298339,584000,3.8933333333333335,11.68
331,9150,-2.8528637886047363,-3.3459880352020264,-2.359739303588867,2.7554736137390137,5.009821988486255e-05,173.44970703125,0.0170214176177978,585600,3.904,11.712
331,9175,-2.806857824325561,-3.32944917678833,-2.284266471862793,2.5331902503967285,4.939716351949227e-05,173.44970703125,0.0165302753448486,587200,3.9146666666666663,11.744
331,9200,-2.661104202270508,-3.359224319458008,-1.9629838466644287,5.375149250030518,4.870007878184662e-05,173.44970703125,0.0155985355377197,588800,3.925333333333333,11.776
331,9225,-2.8373420238494877,-3.3294594287872314,-2.345224618911743,2.5596799850463867,4.80069931916374e-05,173.44970703125,0.015582799911499,590400,3.936,11.808
331,9250,-2.8512215614318848,-3.343223094940185,-2.359220027923584,1.4886555671691897,4.7317934110697e-05,173.44970703125,0.0145137310028076,592000,3.9466666666666663,11.84
331,9275,-2.822144031524658,-3.3485825061798096,-2.295705318450928,3.5834438800811768,4.663292874189805e-05,173.44970703125,0.0161588191986084,593600,3.957333333333333,11.872
331,9300,-2.833831787109375,-3.3210113048553467,-2.3466522693634038,1.033018946647644,4.5952004128079575e-05,173.44970703125,0.015512466430664,595200,3.968,11.904
331,9325,-2.8399970531463623,-3.3311541080474854,-2.3488399982452397,3.4455182552337646,4.527518715097933e-05,173.44970703125,0.0165369510650634,596800,3.978666666666667,11.936
331,9350,-2.851454734802246,-3.3295247554779053,-2.373384952545166,2.320356845855713,4.460250453017287e-05,173.44970703125,0.0161981582641601,598400,3.989333333333333,11.968
331,9375,-2.7907443046569824,-3.3414065837860107,-2.240082263946533,2.7789981365203857,4.3933982822018107e-05,173.44970703125,0.0160181522369384,600000,4.0,12.0
331,9400,-2.85236930847168,-3.3503334522247314,-2.354405403137207,1.555345058441162,4.326964841860743e-05,173.44970703125,0.0165104866027832,601600,4.010666666666666,12.032
331,9425,-2.792710781097412,-3.329857349395752,-2.2555642127990723,3.177359104156494,4.260952754672554e-05,173.44970703125,0.018019676208496,603200,4.021333333333334,12.064
331,9450,-2.860600233078003,-3.354066848754883,-2.367133617401123,2.5242936611175537,4.195364626681417e-05,173.44970703125,0.015998363494873,604800,4.032,12.096
331,9475,0.4629179239273071,3.158175468444824,-2.23233962059021,4.912521839141846,4.13020304719432e-05,173.44970703125,0.0150008201599121,606400,4.042666666666666,12.128
331,9500,-2.8676156997680664,-3.3342692852020264,-2.400962352752685,1.5518512725830078,4.065470588678849e-05,173.44970703125,0.0191042423248291,608000,4.053333333333334,12.16
331,9525,-2.832718849182129,-3.345900535583496,-2.3195369243621826,2.186967134475708,4.001169806661623e-05,173.44970703125,0.0159993171691894,609600,4.064,12.192
331,9550,-2.7721505165100098,-3.328686237335205,-2.2156147956848145,4.963328838348389,3.9373032396274144e-05,173.44970703125,0.0160009860992431,611200,4.074666666666666,12.224
331,9575,-2.846098661422729,-3.35090970993042,-2.341287612915039,1.7804208993911743,3.873873408918933e-05,173.44970703125,0.0150012969970703,612800,4.085333333333334,12.256
331,9600,1.7239669561386108,5.518470764160156,-2.0705368518829346,16.348312377929688,3.810882818637289e-05,173.44970703125,0.0166797637939453,614400,4.096,12.288
331,9625,-2.8135080337524414,-3.329951763153076,-2.2970645427703857,1.8143552541732788,3.748333955543128e-05,173.44970703125,0.0160040855407714,616000,4.1066666666666665,12.32
331,9650,-2.837949275970459,-3.325650215148926,-2.3502485752105717,1.698078155517578,3.686229288958462e-05,173.44970703125,0.0150043964385986,617600,4.117333333333334,12.352
331,9675,-2.844283103942871,-3.3431591987609863,-2.345407247543335,1.6847182512283323,3.624571270669192e-05,173.44970703125,0.0150003433227539,619200,4.128,12.384
331,9700,-2.831819772720337,-3.3234353065490723,-2.3402042388916016,2.445798873901367,3.563362334828305e-05,173.44970703125,0.0160181522369384,620800,4.1386666666666665,12.416
331,9725,-2.8247315883636475,-3.3267478942871094,-2.322715282440185,1.9546266794204712,3.502604897859772e-05,173.44970703125,0.0161144733428955,622400,4.149333333333334,12.448
331,9750,-2.837618589401245,-3.3338372707366943,-2.341399908065796,2.8315885066986084,3.442301358363178e-05,173.44970703125,0.0156497955322265,624000,4.16,12.48
331,9775,-2.8295202255249023,-3.3462131023406982,-2.312827587127685,2.6236939430236816,3.382454097019011e-05,173.44970703125,0.0149998664855957,625600,4.1706666666666665,12.512
331,9800,-2.795274496078491,-3.3527798652648926,-2.23776912689209,1.3644278049468994,3.323065476494667e-05,173.44970703125,0.0156531333923339,627200,4.181333333333333,12.544
331,9825,-2.8218822479248047,-3.3528456687927246,-2.290919065475464,2.4904587268829346,3.2641378413511946e-05,173.44970703125,0.0165712833404541,628800,4.192,12.576
331,9850,-2.7647438049316406,-3.210207462310791,-2.3192801475524902,3.292862892150879,3.205673517950734e-05,173.44970703125,0.0150017738342285,630400,4.2026666666666666,12.608
331,9875,-2.857171535491944,-3.365553617477417,-2.34878921508789,3.002228260040283,3.147674814364655e-05,173.44970703125,0.0159990787506103,632000,4.213333333333333,12.64
331,9900,-2.83879828453064,-3.321284294128418,-2.3563122749328613,0.970670521259308,3.090144020282481e-05,173.44970703125,0.0159986019134521,633600,4.224,12.672
331,9925,-2.701580047607422,-3.356367826461792,-2.046792507171631,3.9990079402923584,3.033083406921449e-05,173.44970703125,0.0169975757598876,635200,4.234666666666667,12.704
331,9950,-2.82443904876709,-3.33154821395874,-2.3173301219940186,1.289811611175537,2.976495226936866e-05,173.44970703125,0.0160024166107177,636800,4.245333333333333,12.736
331,9975,-2.8529300689697266,-3.3513219356536865,-2.3545379638671875,1.3838375806808472,2.920381714333184e-05,173.44970703125,0.0159990787506103,638400,4.256,12.768
331,10000,-2.830740451812744,-3.3270888328552246,-2.334392070770264,3.88456654548645,2.8647450843758023e-05,173.44970703125,0.0165104866027832,640000,4.266666666666667,12.8
331,10025,-2.8635358810424805,-3.349449872970581,-2.37762188911438,1.4375207424163818,2.809587533503604e-05,173.44970703125,0.0160005092620849,641600,4.277333333333333,12.832
331,10050,-2.841973304748535,-3.3331491947174072,-2.350797653198242,1.57088303565979,2.754911239242253e-05,173.44970703125,0.0160000324249267,643200,4.288,12.864
331,10075,-2.8422207832336426,-3.3481502532958984,-2.336291074752808,1.292577028274536,2.7007183601182293e-05,173.44970703125,0.016000747680664,644800,4.298666666666667,12.896
331,10100,-2.823438167572021,-3.3242316246032715,-2.3226444721221924,2.276339292526245,2.6470110355736003e-05,173.44970703125,0.0160000324249267,646400,4.309333333333333,12.928
331,10125,-1.587296485900879,-0.8309165239334106,-2.3436765670776367,4.811417102813721,2.593791385881587e-05,173.44970703125,0.0150001049041748,648000,4.32,12.96
331,10150,-2.8501973152160645,-3.353410482406616,-2.3469839096069336,1.971546649932861,2.5410615120628223e-05,173.44970703125,0.0159881114959716,649600,4.330666666666667,12.992
331,10175,-2.8317699432373047,-3.343074083328247,-2.320465564727783,1.2082074880599976,2.4888234958024428e-05,173.44970703125,0.0153236389160156,651200,4.341333333333333,13.024
331,10200,-2.708019971847534,-3.3417255878448486,-2.07431435585022,2.100926637649536,2.4370793993678834e-05,173.44970703125,0.0160074234008789,652800,4.352,13.056
331,10225,-2.8413302898406982,-3.3552048206329346,-2.327455759048462,1.5289053916931152,2.385831265527472e-05,173.44970703125,0.0160064697265625,654400,4.362666666666667,13.088
331,10250,-2.763117790222168,-3.323906183242798,-2.202329397201538,1.909287929534912,2.3350811174697815e-05,173.44970703125,0.0170009136199951,656000,4.373333333333333,13.12
331,10275,-2.842034816741944,-3.342076301574707,-2.3419930934906006,1.5588120222091677,2.284830958723762e-05,173.44970703125,0.0155444145202636,657600,4.384,13.152
331,10300,-2.848212718963623,-3.348883390426636,-2.3475418090820312,1.0466715097427368,2.235082773079628e-05,173.44970703125,0.0160000324249267,659200,4.394666666666667,13.184
331,10325,-2.8590705394744877,-3.347407341003418,-2.3707337379455566,2.3074209690093994,2.1858385245105774e-05,173.44970703125,0.0159978866577148,660800,4.405333333333333,13.216
331,10350,-2.8835649490356445,-3.365943670272827,-2.401186227798462,0.7222333550453186,2.137100157095225e-05,173.44970703125,0.0150003433227539,662400,4.416,13.248
331,10375,-2.772568941116333,-3.332738161087036,-2.21239972114563,2.8006393909454346,2.088869594940853e-05,173.44970703125,0.0159988403320312,664000,4.426666666666667,13.28
331,10400,-2.847920656204224,-3.352053165435791,-2.343788146972656,1.4008232355117798,2.041148742107477e-05,173.44970703125,0.0160048007965087,665600,4.437333333333333,13.312
331,10425,-2.836857557296753,-3.316075086593628,-2.357640027999878,1.1983401775360107,1.9939394825326543e-05,173.44970703125,0.0159976482391357,667200,4.448,13.344
331,10450,-2.838928699493408,-3.350724935531616,-2.327132225036621,1.527298927307129,1.947243679957119e-05,173.44970703125,0.0160009860992431,668800,4.458666666666667,13.376
331,10475,-2.852522134780884,-3.350635766983032,-2.354408502578736,1.3432254791259766,1.9010631778512036e-05,173.44970703125,0.0150001049041748,670400,4.469333333333333,13.408
331,10500,-2.864132881164551,-3.358837842941284,-2.3694281578063965,0.9998009204864502,1.8553997993420536e-05,173.44970703125,0.0145654678344726,672000,4.48,13.44
331,10525,-2.849504232406616,-3.343529462814331,-2.3554790019989014,1.7282387018203735,1.8102553471416617e-05,173.44970703125,0.0160012245178222,673600,4.490666666666667,13.472
331,10550,-2.847007989883423,-3.337435483932495,-2.3565804958343506,0.679175853729248,1.76563160347571e-05,173.44970703125,0.0159976482391357,675200,4.501333333333333,13.504
331,10575,-2.8327322006225586,-3.333230972290039,-2.332233190536499,0.918846607208252,1.7215303300131792e-05,173.44970703125,0.0158114433288574,676800,4.512,13.536
331,10600,-2.8469057083129883,-3.356286764144897,-2.337524652481079,1.1855558156967163,1.6779532677968347e-05,173.44970703125,0.0169997215270996,678400,4.522666666666667,13.568
331,10625,-2.845170021057129,-3.350672483444214,-2.339667797088623,1.1008422374725342,1.6349021371744884e-05,173.44970703125,0.0160815715789794,680000,4.533333333333333,13.6
331,10650,-2.8643040657043457,-3.358969211578369,-2.369638681411743,0.8798967003822327,1.5923786377310484e-05,173.44970703125,0.0155017375946044,681600,4.544,13.632
331,10675,-2.8506321907043457,-3.341965913772583,-2.3592982292175293,1.3935682773590088,1.5503844482214697e-05,173.44970703125,0.0150010585784912,683200,4.554666666666667,13.664
331,10700,-2.816100835800171,-3.335996627807617,-2.2962050437927246,1.3769755363464355,1.5089212265044416e-05,173.44970703125,0.0170040130615234,684800,4.565333333333333,13.696
331,10725,-2.8472607135772705,-3.339074850082397,-2.355446577072144,1.148459553718567,1.4679906094769617e-05,173.44970703125,0.0166025161743164,686400,4.576,13.728
331,10750,-2.6272075176239014,-2.9371888637542725,-2.3172261714935303,1.6356717348098757,1.4275942130097135e-05,173.44970703125,0.0165913105010986,688000,4.586666666666667,13.76
331,10775,-2.8385283946990967,-3.3114137649536133,-2.36564302444458,2.182354211807251,1.3877336318832502e-05,173.44970703125,0.0150003433227539,689600,4.597333333333333,13.792
331,10800,-2.821747303009033,-3.327067375183105,-2.316427230834961,1.6993883848190308,1.3484104397250666e-05,173.44970703125,0.0151591300964355,691200,4.608,13.824
331,10825,-2.8095202445983887,-3.3294167518615723,-2.289623737335205,1.0881086587905884,1.3096261889474618e-05,173.44970703125,0.016507863998413,692800,4.618666666666667,13.856
331,10850,-2.734160900115967,-3.335562229156494,-2.1327598094940186,2.579195737838745,1.27138241068624e-05,173.44970703125,0.0155127048492431,694400,4.629333333333333,13.888
331,10875,-2.8391404151916504,-3.3403124809265137,-2.337968111038208,1.2522623538970947,1.2336806147402893e-05,173.44970703125,0.0159997940063476,696000,4.64,13.92
331,10900,-2.82395076751709,-3.3379158973693848,-2.309985637664795,1.2699594497680664,1.1965222895119472e-05,173.44970703125,0.0160000324249267,697600,4.650666666666667,13.952
331,10925,-2.8428826332092285,-3.3465728759765625,-2.3391926288604736,1.691145896911621,1.1599089019482792e-05,173.44970703125,0.0160005092620849,699200,4.661333333333333,13.984
331,10950,-2.8628153800964355,-3.360473871231079,-2.365157127380371,0.8433399200439453,1.123841897483134e-05,173.44970703125,0.0160012245178222,700800,4.672,14.016
331,10975,-2.8348827362060547,-3.325460195541382,-2.3443052768707275,1.1031643152236938,1.0883226999800834e-05,173.44970703125,0.0150027275085449,702400,4.682666666666667,14.048
331,11000,-2.802175521850586,-3.329982280731201,-2.2743687629699707,1.685588002204895,1.0533527116762322e-05,173.44970703125,0.0160002708435058,704000,4.693333333333333,14.08
331,11025,-2.834719181060791,-3.3545501232147217,-2.314888000488281,1.2587263584136963,1.0189333131268378e-05,173.44970703125,0.0159997940063476,705600,4.704,14.112
331,11050,-2.8009185791015625,-3.3330559730529785,-2.2687809467315674,1.164875864982605,9.85065863150822e-06,173.44970703125,0.0157361030578613,707200,4.714666666666667,14.144
331,11075,-2.8362183570861816,-3.326080322265625,-2.3463563919067383,1.3513110876083374,9.517516987771194e-06,173.44970703125,0.0159952640533447,708800,4.725333333333333,14.176
331,11100,-2.8427109718322754,-3.3434770107269287,-2.341944694519043,1.3525495529174805,9.189921351918909e-06,173.44970703125,0.0159990787506103,710400,4.736,14.208
331,11125,-2.815645456314087,-3.299156904220581,-2.3321340084075928,1.1934425830841064,8.867884656866198e-06,173.44970703125,0.0170004367828369,712000,4.746666666666667,14.24
331,11150,-2.845320463180542,-3.340651750564575,-2.349989175796509,1.5875787734985352,8.551419616070354e-06,173.44970703125,0.0150012969970703,713600,4.757333333333333,14.272
331,11175,-2.820493221282959,-3.3128106594085693,-2.3281757831573486,1.5868688821792605,8.240538723029278e-06,173.44970703125,0.0200004577636718,715200,4.768,14.304
331,11200,-2.815154552459717,-3.331241607666016,-2.299067258834839,1.4650338888168335,7.935254250788381e-06,173.44970703125,0.0159981250762939,716800,4.778666666666667,14.336
331,11225,-2.8432228565216064,-3.332486391067505,-2.353959321975708,1.3285889625549316,7.63557825145584e-06,173.44970703125,0.0170004367828369,718400,4.789333333333333,14.368
331,11250,-2.8556900024414062,-3.35564923286438,-2.355731010437012,0.9429683089256288,7.341522555726983e-06,173.44970703125,0.0159978866577148,720000,4.8,14.4
331,11275,-2.8676390647888184,-3.353139638900757,-2.38213849067688,0.83552086353302,7.053098772417199e-06,173.44970703125,0.0150001049041748,721600,4.810666666666667,14.432
331,11300,-2.8700859546661377,-3.353295087814331,-2.3868768215179443,1.144881010055542,6.770318288003568e-06,173.44970703125,0.0160074234008789,723200,4.8213333333333335,14.464
331,11325,-2.77486515045166,-3.340362787246704,-2.209367513656616,1.571402668952942,6.493192266175461e-06,173.44970703125,0.0179979801177978,724800,4.832,14.496
331,11350,-2.865504264831543,-3.351644277572632,-2.379364252090454,0.8101399540901184,6.221731647393633e-06,173.44970703125,0.016000747680664,726400,4.842666666666666,14.528
331,11375,-2.8668758869171143,-3.3318538665771484,-2.40189790725708,0.9788581132888794,5.955947148458546e-06,173.44970703125,0.0159997940063476,728000,4.8533333333333335,14.56
331,11400,-2.871029853820801,-3.3364856243133545,-2.405573844909668,1.0651962757110596,5.695849262087133e-06,173.44970703125,0.015031099319458,729600,4.864,14.592
331,11425,-2.8412575721740723,-3.32780122756958,-2.354714155197144,1.044772982597351,5.44144825649855e-06,173.44970703125,0.0160179138183593,731200,4.874666666666666,14.624
331,11450,7.119534492492676,16.51991081237793,-2.28084135055542,11.930932998657228,5.1927541750089065e-06,173.44970703125,0.0170052051544189,732800,4.8853333333333335,14.656
331,11475,-2.8743600845336914,-3.35074782371521,-2.3979721069335938,0.9044686555862428,4.949776835634754e-06,173.44970703125,0.0155906677246093,734400,4.896,14.688
331,11500,1.329728364944458,4.79073429107666,-2.131277561187744,7.394599914550781,4.712525830705343e-06,173.44970703125,0.0169985294342041,736000,4.906666666666666,14.72
331,11525,-2.828657627105713,-3.332348346710205,-2.3249666690826416,1.6285005807876587,4.481010526484133e-06,173.44970703125,0.0160005092620849,737600,4.917333333333334,14.752
331,11550,-2.814159393310547,-3.3116531372070312,-2.3166656494140625,1.2091556787490845,4.255240062798906e-06,173.44970703125,0.0160045623779296,739200,4.928,14.784
331,11575,-2.815877914428711,-3.332772254943848,-2.2989838123321533,0.7422398328781128,4.035223352681009e-06,173.44970703125,0.0159938335418701,740800,4.938666666666666,14.816
331,11600,-2.8381175994873047,-3.3441824913024902,-2.3320529460906982,0.756714403629303,3.820969082013435e-06,173.44970703125,0.0159993171691894,742400,4.949333333333334,14.848
331,11625,-2.8758411407470703,-3.3478055000305176,-2.403877019882202,0.7434355616569519,3.612485709187904e-06,173.44970703125,0.0160012245178222,744000,4.96,14.88
331,11650,-2.8170764446258545,-3.3418636322021484,-2.2922892570495605,2.4565041065216064,3.409781464770997e-06,173.44970703125,0.0159990787506103,745600,4.970666666666666,14.912
331,11675,-2.7934491634368896,-3.296001672744751,-2.2908966541290283,1.0357860326766968,3.2128643511791904e-06,173.44970703125,0.0159966945648193,747200,4.981333333333334,14.944
331,11700,-2.8267130851745605,-3.337625741958618,-2.315800428390503,0.8347679376602173,3.021742142362971e-06,173.44970703125,0.0145511627197265,748800,4.992,14.976
331,11725,-2.860050201416016,-3.349783182144165,-2.370316982269287,0.9324259161949158,2.8364223834999045e-06,173.44970703125,0.015005350112915,750400,5.002666666666666,15.008
331,11750,-2.853456735610962,-3.3347229957580566,-2.372190475463867,0.8345215320587158,2.656912390696692e-06,173.44970703125,0.0165050029754638,752000,5.013333333333334,15.04
331,11775,-2.825429916381836,-3.3302712440490723,-2.3205883502960205,1.13825261592865,2.48321925070054e-06,173.44970703125,0.0160002708435058,753600,5.024,15.072
331,11800,-2.864687919616699,-3.340305089950561,-2.389070749282837,0.9549053907394408,2.3153498206191997e-06,173.44970703125,0.0176677703857421,755200,5.034666666666666,15.104
331,11825,-2.843621730804444,-3.3503546714782715,-2.3368890285491943,0.8442615866661072,2.153310727650293e-06,173.44970703125,0.0159978866577148,756800,5.045333333333334,15.136
331,11850,-2.836021423339844,-3.336554765701294,-2.3354878425598145,0.7847261428833008,1.997108368819795e-06,173.44970703125,0.0149991512298583,758400,5.056,15.168
331,11875,-2.8416671752929688,-3.3351047039031982,-2.34822940826416,0.763848066329956,1.846748910729352e-06,173.44970703125,0.0150003433227539,760000,5.066666666666666,15.2
331,11900,-2.860896587371826,-3.335645914077759,-2.3861472606658936,1.1111185550689695,1.702238289312908e-06,173.44970703125,0.0159997940063476,761600,5.077333333333334,15.232
331,11925,-2.783827781677246,-3.3447823524475098,-2.2228729724884038,2.0225272178649902,1.5635822096023614e-06,173.44970703125,0.0160050392150878,763200,5.088,15.264
331,11950,-2.867980718612671,-3.3598520755767822,-2.37610936164856,0.7355093955993652,1.4307861455023229e-06,173.44970703125,0.0156543254852294,764800,5.0986666666666665,15.296
331,11975,-2.792370319366455,-3.2441654205322266,-2.340575218200684,0.9004170298576355,1.3038553395740287e-06,173.44970703125,0.0149996280670166,766400,5.109333333333334,15.328
331,12000,-2.8529863357543945,-3.3450963497161865,-2.3608760833740234,0.897895872592926,1.1827948028283352e-06,173.44970703125,0.015559434890747,768000,5.12,15.36
331,12025,-2.8619585037231445,-3.342303276062012,-2.3816134929656982,0.8998777866363525,1.0676093145279451e-06,173.44970703125,0.0160021781921386,769600,5.1306666666666665,15.392
331,12050,-2.822762489318848,-3.345308303833008,-2.3002164363861084,1.1472584009170532,9.583034219987406e-07,173.44970703125,0.01605224609375,771200,5.141333333333334,15.424
331,12075,-2.818513870239258,-3.342864751815796,-2.2941627502441406,1.035528302192688,8.548814404501615e-07,173.44970703125,0.0155112743377685,772800,5.152,15.456
331,12100,-2.8238022327423096,-3.314997434616089,-2.3326070308685303,0.8316798210144043,7.573474528049741e-07,173.44970703125,0.0159990787506103,774400,5.1626666666666665,15.488
331,12125,-2.841221332550049,-3.3356821537017822,-2.3467602729797363,1.0267235040664673,6.657053095380006e-07,173.44970703125,0.0160000324249267,776000,5.173333333333333,15.52
331,12150,-2.8468027114868164,-3.3294436931610107,-2.364161491394043,0.5977497100830078,5.799586285241241e-07,173.44970703125,0.0150001049041748,777600,5.184,15.552
331,12175,-2.82804536819458,-3.338693380355835,-2.317397356033325,0.8069174289703369,5.001107948955194e-07,173.44970703125,0.016085147857666,779200,5.1946666666666665,15.584
331,12200,-2.846768856048584,-3.325980424880981,-2.3675570487976074,1.1033289432525637,4.261649609079096e-07,173.44970703125,0.0160000324249267,780800,5.205333333333333,15.616
331,12225,-2.838720798492432,-3.330914258956909,-2.346527099609375,0.9173638224601746,3.581240458162158e-07,173.44970703125,0.0159993171691894,782400,5.216,15.648
331,12250,-2.841560840606689,-3.348789930343628,-2.334331750869751,0.7404590845108032,2.959907357592659e-07,173.44970703125,0.0159962177276611,784000,5.226666666666667,15.68
331,12275,-2.831155300140381,-3.3598129749298096,-2.3024978637695312,0.6638875603675842,2.3976748365374655e-07,173.44970703125,0.0149993896484375,785600,5.237333333333333,15.712
331,12300,-2.8623266220092773,-3.357421875,-2.3672313690185547,0.8373245000839233,1.8945650909737974e-07,173.44970703125,0.015000581741333,787200,5.248,15.744
331,12325,-2.842213630676269,-3.332491397857666,-2.351935625076294,0.7210755348205566,1.4505979828129388e-07,173.44970703125,0.0149998664855957,788800,5.258666666666667,15.776
331,12350,-2.864943504333496,-3.348596811294556,-2.3812899589538574,0.8301187753677368,1.0657910391161916e-07,173.44970703125,0.0155086517333984,790400,5.269333333333333,15.808
331,12375,-2.8659348487854004,-3.3562891483306885,-2.3755807876586914,0.6513747572898865,7.401594514025994e-08,173.44970703125,0.0170001983642578,792000,5.28,15.84
331,12400,-2.8327460289001465,-3.3554389476776123,-2.3100531101226807,1.1577486991882324,4.737160750500896e-08,173.44970703125,0.0160000324249267,793600,5.290666666666667,15.872
331,12425,-2.827710628509521,-3.3325233459472656,-2.3228981494903564,1.4984474182128906,2.664714287865518e-08,173.44970703125,0.0160040855407714,795200,5.301333333333333,15.904
331,12450,-1.939480781555176,-1.875890851020813,-2.003070592880249,2.365262985229492,1.1843369427583228e-08,173.44970703125,0.0169713497161865,796800,5.312,15.936
331,12475,-2.8170270919799805,-3.3293936252593994,-2.3046607971191406,1.0337960720062256,2.9608715794326963e-09,173.44970703125,0.0149993896484375,798400,5.322666666666667,15.968
331,12500,-2.852619409561157,-3.349849939346313,-2.355388879776001,0.7494210600852966,0.0,173.44970703125,0.0166530609130859,800000,5.333333333333333,16.0
353,1,288.7554931640625,283.6522216796875,293.8587341308594,2016.4781494140625,0.0002999999952625,153.73193359375,0.2729649543762207,64,0.0004266666666666,0.00128
353,25,1.508414626121521,2.260282278060913,0.7565469145774841,73.71363830566406,0.0002999970391284,164.58056640625,0.0169994831085205,1600,0.0106666666666666,0.032
353,50,-1.858365535736084,-2.605586528778076,-1.1111445426940918,17.254148483276367,0.0002999881566305,164.58056640625,0.0159990787506103,3200,0.0213333333333333,0.064
353,75,-1.2253644466400146,-2.7099804878234863,0.2592514753341675,48.18387222290039,0.0002999733528571,166.54443359375,0.0161452293395996,4800,0.032,0.096
353,100,-1.9520753622055051,-2.9560563564300537,-0.9480944275856018,28.37272453308105,0.0002999526283924,166.54443359375,0.0170018672943115,6400,0.0426666666666666,0.128
353,125,-2.1934659481048584,-2.917590379714966,-1.4693416357040403,30.076723098754883,0.0002999259840548,166.85986328125,0.0160603523254394,8000,0.0533333333333333,0.16
353,150,-1.9854607582092283,-2.560817003250122,-1.410104513168335,44.93639755249024,0.000299893420896,166.85986328125,0.0149993896484375,9600,0.064,0.192
353,175,-1.8162994384765625,-3.0087246894836426,-0.6238742470741272,29.725421905517575,0.0002998549402017,167.5087890625,0.0150001049041748,11200,0.0746666666666666,0.224
353,200,-1.8758999109268188,-2.916520833969116,-0.8352789282798767,33.79235076904297,0.0002998105434909,167.5087890625,0.0160002708435058,12800,0.0853333333333333,0.256
353,225,-1.946630954742432,-3.107804536819458,-0.7854573130607605,27.672468185424805,0.0002997602325163,167.5087890625,0.0160014629364013,14400,0.096,0.288
353,250,-2.2121639251708984,-3.094618320465088,-1.329709768295288,29.96003150939941,0.0002997040092642,167.5087890625,0.0170035362243652,16000,0.1066666666666666,0.32
353,275,-2.094430446624756,-3.146064281463623,-1.0427964925765991,19.01983070373535,0.0002996418759541,167.5087890625,0.0150001049041748,17600,0.1173333333333333,0.352
353,300,-1.7133522033691406,-3.0531980991363525,-0.3735062777996063,22.82966423034668,0.000299573835039,167.5087890625,0.0149998664855957,19200,0.128,0.384
353,325,-1.8653151988983157,-2.6983730792999268,-1.032257318496704,56.89933395385742,0.0002994998892051,167.5087890625,0.0149996280670166,20800,0.1386666666666666,0.416
353,350,-1.867164134979248,-3.071190118789673,-0.6631380319595337,21.32139587402344,0.0002994200413714,167.5087890625,0.0159997940063476,22400,0.1493333333333333,0.448
353,375,-2.083159923553467,-3.0549445152282715,-1.111375331878662,28.41423797607422,0.0002993342946904,167.5087890625,0.0169987678527832,24000,0.16,0.48
353,400,-1.6555633544921875,-3.069669723510742,-0.2414571046829223,22.061168670654297,0.0002992426525471,167.5087890625,0.0160741806030273,25600,0.1706666666666666,0.512
353,425,-2.076421022415161,-3.05165958404541,-1.1011825799942017,33.044002532958984,0.0002991451185595,167.5087890625,0.0160005092620849,27200,0.1813333333333333,0.544
353,450,-2.114022731781006,-3.1832940578460693,-1.044751524925232,32.910518646240234,0.000299041696578,169.74365234375,0.0160002708435058,28800,0.192,0.576
353,475,-2.1910293102264404,-3.1883115768432617,-1.1937471628189087,23.54710960388184,0.0002989323906854,169.74365234375,0.0167431831359863,30400,0.2026666666666666,0.608
353,500,-2.2287492752075195,-2.700021743774414,-1.757477045059204,25.93473052978516,0.0002988172051971,169.74365234375,0.0155086517333984,32000,0.2133333333333333,0.64
353,525,-2.230781555175781,-3.184386968612671,-1.2771762609481812,19.87150382995605,0.0002986961446604,169.74365234375,0.0157992839813232,33600,0.224,0.672
353,550,-2.2076070308685303,-3.157580852508545,-1.2576333284378052,19.298566818237305,0.0002985692138544,169.74365234375,0.0170032978057861,35200,0.2346666666666666,0.704
353,575,-2.188988208770752,-3.208903789520264,-1.1690726280212402,17.296981811523438,0.0002984364177903,169.74365234375,0.0175449848175048,36800,0.2453333333333333,0.736
353,600,-2.287252902984619,-3.186176061630249,-1.3883295059204102,17.297521591186523,0.0002982977617106,169.74365234375,0.0160002708435058,38400,0.256,0.768
353,625,-2.0569303035736084,-2.845773696899414,-1.2680867910385132,32.009403228759766,0.0002981532510892,169.74365234375,0.0165081024169921,40000,0.2666666666666666,0.8
353,650,-1.9965574741363523,-3.085477113723755,-0.9076379537582396,18.944189071655277,0.0002980028916311,169.74365234375,0.0169963836669921,41600,0.2773333333333333,0.832
353,675,-2.3261961936950684,-3.2178795337677,-1.4345126152038574,15.55246639251709,0.0002978466892723,169.74365234375,0.0169999599456787,43200,0.288,0.864
353,700,-1.8015409708023071,-3.221419095993042,-0.3816627860069275,20.5181827545166,0.0002976846501793,169.74365234375,0.0170001983642578,44800,0.2986666666666667,0.896
353,725,-2.4992809295654297,-3.170400619506836,-1.8281610012054443,15.046127319335938,0.0002975167807493,169.74365234375,0.014998435974121,46400,0.3093333333333333,0.928
353,750,-2.2316298484802246,-3.166110754013061,-1.2971491813659668,20.946369171142575,0.0002973430876093,169.74365234375,0.0170032978057861,48000,0.32,0.96
353,775,-2.468427896499634,-3.1975252628326416,-1.7393304109573364,20.030351638793945,0.0002971635776165,169.74365234375,0.0159997940063476,49600,0.3306666666666666,0.992
353,800,-2.2784125804901123,-3.2252228260040283,-1.3316022157669067,8.651787757873535,0.0002969782578576,169.74365234375,0.0159997940063476,51200,0.3413333333333333,1.024
353,825,-2.229053020477295,-3.007853746414185,-1.4502522945404053,29.009864807128903,0.0002967871356488,169.74365234375,0.0159997940063476,52800,0.352,1.056
353,850,-2.3627374172210693,-3.000157356262207,-1.725317358970642,31.967056274414062,0.0002965902185352,169.74365234375,0.0169990062713623,54400,0.3626666666666667,1.088
353,875,-2.5046579837799072,-3.226133346557617,-1.7831826210021973,12.334107398986816,0.0002963875142908,169.74365234375,0.0149867534637451,56000,0.3733333333333333,1.12
353,900,-2.5734875202178955,-3.190889358520508,-1.9560858011245728,13.199283599853516,0.0002961790309179,169.74365234375,0.0149998664855957,57600,0.384,1.152
353,925,-2.5950608253479004,-3.2148444652557373,-1.975277066230774,13.937848091125488,0.0002959647766473,169.74365234375,0.0159993171691894,59200,0.3946666666666666,1.184
353,950,58.18583679199219,111.19155883789062,5.180113315582275,79.5147705078125,0.0002957447599372,169.74365234375,0.0166494846343994,60800,0.4053333333333333,1.216
353,975,-2.291020631790161,-3.2243123054504395,-1.3577289581298828,21.21725845336914,0.0002955189894735,169.74365234375,0.0150015354156494,62400,0.416,1.248
353,1000,-2.044411420822144,-2.6775999069213867,-1.4112228155136108,69.42923736572266,0.0002952874741692,169.74365234375,0.0165600776672363,64000,0.4266666666666667,1.28
353,1025,-2.26371693611145,-3.1937975883483887,-1.3336362838745115,15.035856246948242,0.0002950502231643,169.74365234375,0.0164761543273925,65600,0.4373333333333333,1.312
353,1050,-1.946303129196167,-3.160773277282715,-0.7318329215049744,20.593461990356445,0.0002948072458249,169.74365234375,0.0180003643035888,67200,0.448,1.344
353,1075,-2.341705799102783,-3.2181570529937744,-1.465254306793213,18.169660568237305,0.0002945585517435,169.74365234375,0.016000747680664,68800,0.4586666666666666,1.376
353,1100,-2.0680222511291504,-3.167804002761841,-0.9682403802871704,15.951172828674316,0.0002943041507379,169.74365234375,0.0160002708435058,70400,0.4693333333333333,1.408
353,1125,-2.661977767944336,-3.249743223190308,-2.074212074279785,13.946146965026855,0.0002940440528515,169.74365234375,0.0149998664855957,72000,0.48,1.44
353,1150,-2.683178424835205,-3.278736114501953,-2.087620496749878,12.580140113830566,0.0002937782683526,169.74365234375,0.0160012245178222,73600,0.4906666666666666,1.472
353,1175,-2.585992813110352,-3.1914618015289307,-1.9805238246917725,17.03329849243164,0.0002935068077338,169.74365234375,0.0160067081451416,75200,0.5013333333333333,1.504
353,1200,-2.4093687534332275,-3.25635027885437,-1.562387228012085,12.19494342803955,0.0002932296817119,169.74365234375,0.0155141353607177,76800,0.512,1.536
353,1225,-1.853198289871216,-3.234410524368286,-0.471986174583435,11.815817832946776,0.0002929469012275,169.74365234375,0.0150001049041748,78400,0.5226666666666666,1.568
353,1250,-2.5957517623901367,-3.2333004474639893,-1.9582031965255735,15.05866813659668,0.0002926584774442,169.74365234375,0.0159997940063476,80000,0.5333333333333333,1.6
353,1275,-2.368979930877685,-3.2768611907958984,-1.4610986709594729,8.86270523071289,0.0002923644217485,169.74365234375,0.0160000324249267,81600,0.544,1.632
353,1300,8.367359161376953,18.79486846923828,-2.060149669647217,24.74822998046875,0.0002920647457492,169.74365234375,0.0159974098205566,83200,0.5546666666666666,1.664
353,1325,-2.1081526279449463,-3.249661684036255,-0.9666433930397034,13.419312477111816,0.0002917594612769,169.74365234375,0.0170001983642578,84800,0.5653333333333334,1.696
353,1350,-2.3934030532836914,-3.2191648483276367,-1.567641019821167,14.953595161437988,0.0002914485803839,169.74365234375,0.0160000324249267,86400,0.576,1.728
353,1375,-2.6371779441833496,-3.2540054321289062,-2.020350456237793,15.487995147705078,0.0002911321153431,169.74365234375,0.0155141353607177,88000,0.5866666666666667,1.76
353,1400,-2.433847188949585,-3.284482717514038,-1.5832117795944214,10.91286277770996,0.000290810078648,169.74365234375,0.0150027275085449,89600,0.5973333333333334,1.792
353,1425,-2.2452046871185303,-3.1433470249176025,-1.3470624685287476,25.799394607543945,0.0002904824830122,169.74365234375,0.0160005092620849,91200,0.608,1.824
353,1450,-2.66988468170166,-3.273998498916626,-2.0657706260681152,14.644305229187012,0.0002901493413684,169.74365234375,0.0169980525970459,92800,0.6186666666666667,1.856
353,1475,-2.454206943511963,-3.234977960586548,-1.6734360456466677,12.352259635925291,0.0002898106668687,169.74365234375,0.0180492401123046,94400,0.6293333333333333,1.888
353,1500,3.0337464809417725,7.899026870727539,-1.8315337896347048,11.727783203125,0.0002894664728832,169.74365234375,0.0159986019134521,96000,0.64,1.92
353,1525,-2.664017677307129,-3.289097309112549,-2.03893780708313,6.83043098449707,0.0002891167730002,169.74365234375,0.0150003433227539,97600,0.6506666666666666,1.952
353,1550,-2.191563367843628,-3.22538423538208,-1.1577425003051758,14.512022972106934,0.0002887615810251,169.74365234375,0.015000581741333,99200,0.6613333333333333,1.984
353,1575,-1.8530696630477903,-3.21251916885376,-0.4936202466487884,11.215465545654297,0.0002884009109805,169.74365234375,0.0156552791595459,100800,0.672,2.016
353,1600,-2.244577169418335,-3.2713654041290283,-1.2177890539169312,11.125677108764648,0.0002880347771048,169.74365234375,0.0161130428314209,102400,0.6826666666666666,2.048
353,1625,-2.4426584243774414,-3.262582778930664,-1.6227338314056396,10.08128261566162,0.0002876631938525,169.74365234375,0.0160005092620849,104000,0.6933333333333334,2.08
353,1650,-2.6309356689453125,-3.276733636856079,-1.9851374626159668,10.242671012878418,0.0002872861758931,169.74365234375,0.0160708427429199,105600,0.704,2.112
353,1675,-2.233491897583008,-3.2980880737304688,-1.168895602226257,8.813511848449707,0.0002869037381105,169.74365234375,0.0149998664855957,107200,0.7146666666666667,2.144
353,1700,-2.4397943019866943,-3.2624828815460205,-1.6171056032180786,11.356425285339355,0.0002865158956027,169.74365234375,0.0160157680511474,108800,0.7253333333333334,2.176
353,1725,-2.2846109867095947,-3.2551074028015137,-1.314114689826965,9.134709358215332,0.0002861226636811,169.74365234375,0.0165119171142578,110400,0.736,2.208
353,1750,-2.0765655040740967,-3.278963565826416,-0.8741676211357117,7.87878942489624,0.0002857240578699,169.74365234375,0.0160005092620849,112000,0.7466666666666667,2.24
353,1775,-2.6132967472076416,-3.2463796138763428,-1.9802138805389404,15.838936805725098,0.0002853200939052,169.74365234375,0.016000747680664,113600,0.7573333333333333,2.272
353,1800,-2.4643678665161133,-3.243971586227417,-1.684764385223389,7.277243614196777,0.0002849107877349,169.74365234375,0.0150010585784912,115200,0.768,2.304
353,1825,-2.2104125022888184,-3.236549139022827,-1.1842759847640991,9.861783027648926,0.0002844961555177,169.74365234375,0.0150628089904785,116800,0.7786666666666666,2.336
353,1850,-2.528778076171875,-2.985013723373413,-2.072542667388916,40.48912811279297,0.0002840762136226,169.74365234375,0.0165038108825683,118400,0.7893333333333333,2.368
353,1875,-2.488319158554077,-3.259963274002075,-1.716675043106079,8.651562690734863,0.0002836509786282,169.74365234375,0.015000581741333,120000,0.8,2.4
353,1900,-2.684600591659546,-3.277604818344116,-2.091596364974976,10.01844882965088,0.000283220467322,169.74365234375,0.0160000324249267,121600,0.8106666666666666,2.432
353,1925,-2.6579525470733643,-3.2825767993927,-2.0333282947540283,7.648789405822754,0.0002827846966998,169.74365234375,0.0150001049041748,123200,0.8213333333333334,2.464
353,1950,-2.4797563552856445,-3.077139139175415,-1.882373809814453,15.052423477172852,0.0002823436839652,169.74365234375,0.0171155929565429,124800,0.832,2.496
353,1975,-2.559326410293579,-3.252020835876465,-1.866631865501404,7.46956729888916,0.0002818974465285,169.74365234375,0.0159988403320312,126400,0.8426666666666667,2.528
353,2000,-2.679573535919189,-3.274866104125977,-2.0842809677124023,7.065649509429932,0.0002814460020065,169.74365234375,0.0159964561462402,128000,0.8533333333333334,2.56
353,2025,-2.478578567504883,-2.9453330039978027,-2.011823892593384,8.192870140075684,0.0002809893682214,169.74365234375,0.0150015354156494,129600,0.864,2.592
353,2050,-2.5672807693481445,-3.24292516708374,-1.8916362524032595,15.62766933441162,0.0002805275632004,169.74365234375,0.0159997940063476,131200,0.8746666666666667,2.624
353,2075,-2.6134591102600098,-3.270050048828125,-1.9568679332733157,4.940942764282227,0.0002800606051746,169.74365234375,0.0170414447784423,132800,0.8853333333333333,2.656
353,2100,-2.722366571426392,-3.3037500381469727,-2.1409831047058105,7.375269889831543,0.0002795885125789,169.92822265625,0.0159997940063476,134400,0.896,2.688
353,2125,-2.6691970825195312,-3.31939435005188,-2.0189995765686035,8.944494247436523,0.0002791113040505,169.92822265625,0.0159997940063476,136000,0.9066666666666666,2.72
353,2150,-2.7074108123779297,-3.3015012741088867,-2.1133201122283936,2.573839902877808,0.000278628998429,169.92822265625,0.0149855613708496,137600,0.9173333333333332,2.752
353,2175,-2.682544708251953,-3.273460149765014,-2.0916290283203125,10.356136322021484,0.0002781416147548,169.92822265625,0.0155048370361328,139200,0.928,2.784
353,2200,-2.627824068069458,-3.308295726776123,-1.9473522901535036,7.639948844909668,0.0002776491722692,169.92822265625,0.0160028934478759,140800,0.9386666666666666,2.816
353,2225,-2.733450412750244,-3.3131895065307617,-2.1537110805511475,9.614324569702148,0.0002771516904127,169.92822265625,0.0160000324249267,142400,0.9493333333333334,2.848
353,2250,-2.6210970878601074,-3.2899537086486816,-1.9522405862808228,5.315543174743652,0.0002766491888253,169.92822265625,0.0169992446899414,144000,0.96,2.88
353,2275,-2.6617679595947266,-3.313348293304444,-2.0101876258850098,5.533527851104736,0.0002761416873447,169.92822265625,0.0160040855407714,145600,0.9706666666666668,2.912
353,2300,-2.6846728324890137,-3.312791347503662,-2.056554317474365,6.343300342559815,0.0002756292060063,169.92822265625,0.0154261589050292,147200,0.9813333333333332,2.944
353,2325,-2.4695231914520264,-3.1882636547088623,-1.75078284740448,11.95148468017578,0.0002751117650419,169.92822265625,0.0160014629364013,148800,0.992,2.976
353,2350,-2.608100891113281,-3.2799324989318848,-1.9362695217132568,6.148560523986816,0.0002745893848793,169.92822265625,0.0149996280670166,150400,1.0026666666666666,3.008
353,2375,-2.5809717178344727,-3.268377780914306,-1.89356541633606,7.505031108856201,0.0002740620861411,169.92822265625,0.0149998664855957,152000,1.0133333333333334,3.04
353,2400,-2.711509227752685,-3.256180763244629,-2.166837453842163,15.315884590148926,0.0002735298896442,169.92822265625,0.0160000324249267,153600,1.024,3.072
353,2425,-2.7477169036865234,-3.2662506103515625,-2.2291829586029053,10.017992973327637,0.0002729928163988,169.92822265625,0.0160038471221923,155200,1.0346666666666666,3.104
353,2450,-2.589646339416504,-3.3010239601135254,-1.8782685995101929,6.506145000457764,0.0002724508876075,169.92822265625,0.0150012969970703,156800,1.0453333333333332,3.136
353,2475,-2.7640860080718994,-3.292786121368408,-2.23538589477539,11.989883422851562,0.0002719041246649,169.92822265625,0.0160002708435058,158400,1.056,3.168
353,2500,-2.621234178543091,-3.301332712173462,-1.9411355257034304,4.471162796020508,0.0002713525491562,169.92822265625,0.0169994831085205,160000,1.0666666666666669,3.2
353,2525,-2.7233095169067383,-3.307422161102295,-2.1391971111297607,7.554274559020996,0.0002707961828566,169.92822265625,0.0165584087371826,161600,1.0773333333333333,3.232
353,2550,305.5210266113281,605.393310546875,5.64872932434082,153.49624633789062,0.0002702350477306,169.92822265625,0.0157520771026611,163200,1.088,3.264
353,2575,-2.720921039581299,-3.296660184860229,-2.145181655883789,8.205161094665527,0.0002696691659307,169.92822265625,0.0170059204101562,164800,1.098666666666667,3.296
353,2600,-2.492395401000977,-3.246401071548462,-1.7383899688720703,9.471810340881348,0.0002690985597971,169.92822265625,0.016000747680664,166400,1.1093333333333333,3.328
353,2625,-2.7364509105682373,-3.266187191009521,-2.206714630126953,11.51976490020752,0.0002685232518563,169.92822265625,0.0150790214538574,168000,1.12,3.36
353,2650,-2.6344857215881348,-3.2819008827209477,-1.9870704412460327,5.046052932739258,0.0002679432648204,169.92822265625,0.0150003433227539,169600,1.1306666666666667,3.392
353,2675,-2.798990249633789,-3.3137497901916504,-2.2842304706573486,5.381235599517822,0.0002673586215864,169.92822265625,0.016000747680664,171200,1.1413333333333333,3.424
353,2700,-2.535980224609375,-3.2994866371154785,-1.772473692893982,6.24824333190918,0.000266769345235,169.92822265625,0.0149247646331787,172800,1.152,3.456
353,2725,-2.6259028911590576,-3.109006881713867,-2.142798900604248,38.5562629699707,0.0002661754590298,169.92822265625,0.016000747680664,174400,1.1626666666666667,3.488
353,2750,-2.632294178009033,-3.3024513721466064,-1.9621368646621704,3.862987279891968,0.0002655769864163,169.92822265625,0.0160045623779296,176000,1.1733333333333331,3.52
353,2775,-2.732941150665283,-3.3002912998199463,-2.16559100151062,8.610894203186035,0.0002649739510214,169.92822265625,0.016000747680664,177600,1.184,3.552
353,2800,-2.6106717586517334,-3.270066261291504,-1.9512773752212524,4.678779602050781,0.0002643663766517,169.92822265625,0.0170009136199951,179200,1.1946666666666668,3.584
353,2825,-2.726846218109131,-3.3043487071990967,-2.149343729019165,4.6866984367370605,0.0002637542872933,169.92822265625,0.0179998874664306,180800,1.2053333333333334,3.616
353,2850,-2.553624629974365,-3.164262056350708,-1.942987322807312,6.5749831199646,0.0002631377071104,169.92822265625,0.0160017013549804,182400,1.216,3.648
353,2875,-2.5470306873321533,-3.202833652496338,-1.8912277221679688,23.73348999023437,0.0002625166604445,169.92822265625,0.0165464878082275,184000,1.2266666666666666,3.68
353,2900,-2.6905293464660645,-3.2926430702209477,-2.0884153842926025,5.0562005043029785,0.0002618911718136,169.92822265625,0.0149996280670166,185600,1.2373333333333334,3.712
353,2925,-2.696011543273926,-3.294428825378418,-2.0975940227508545,4.218976974487305,0.0002612612659108,169.92822265625,0.0159990787506103,187200,1.248,3.744
353,2950,-2.707134485244751,-3.3102617263793945,-2.1040072441101074,5.317336559295654,0.0002606269676037,169.92822265625,0.015665054321289,188800,1.2586666666666666,3.776
353,2975,-2.747175693511963,-3.2885076999664307,-2.205843687057495,8.953307151794434,0.0002599883019333,169.92822265625,0.016000747680664,190400,1.2693333333333334,3.808
353,3000,-2.5259881019592285,-3.3149659633636475,-1.7370102405548096,11.21697235107422,0.0002593452941132,169.92822265625,0.0161027908325195,192000,1.28,3.84
353,3025,-2.659745454788208,-3.30107855796814,-2.0184123516082764,8.152338027954102,0.000258697969528,169.92822265625,0.0170001983642578,193600,1.2906666666666666,3.872
353,3050,-2.6686716079711914,-3.314683437347412,-2.0226597785949707,6.373382568359375,0.0002580463537331,169.92822265625,0.0155079364776611,195200,1.3013333333333332,3.904
353,3075,-2.688174247741699,-3.2793424129486084,-2.097006320953369,6.6879401206970215,0.0002573904724532,169.92822265625,0.0169999599456787,196800,1.312,3.936
353,3100,-2.7029953002929688,-3.3083996772766118,-2.097590684890747,5.353609085083008,0.0002567303515813,169.92822265625,0.0160000324249267,198400,1.3226666666666669,3.968
353,3125,-2.5800793170928955,-3.302901029586792,-1.8572577238082888,7.333947658538818,0.0002560660171779,169.92822265625,0.0162198543548584,200000,1.3333333333333333,4.0
353,3150,-2.512424945831299,-3.302027940750122,-1.722822189331055,7.722452163696289,0.0002553974954698,169.92822265625,0.0159986019134521,201600,1.344,4.032
353,3175,-2.6781132221221924,-3.284721612930298,-2.071504831314087,4.633785247802734,0.000254724812849,169.92822265625,0.0159988403320312,203200,1.354666666666667,4.064
353,3200,-2.705129623413086,-3.294045925140381,-2.11621356010437,10.31533908843994,0.0002540479958719,169.92822265625,0.0160009860992431,204800,1.3653333333333333,4.096
353,3225,-2.78169584274292,-3.285715818405152,-2.2776758670806885,8.210489273071289,0.0002533670712581,169.92822265625,0.0149989128112792,206400,1.376,4.128
353,3250,-2.679352283477783,-3.319561004638672,-2.0391433238983154,6.658390045166016,0.0002526820658893,169.92822265625,0.0150010585784912,208000,1.3866666666666667,4.16
353,3275,-2.720067024230957,-3.2856664657592773,-2.1544675827026367,4.710637092590332,0.0002519930068083,169.92822265625,0.0159990787506103,209600,1.397333333333333,4.192
353,3300,-2.751305103302002,-3.3128750324249268,-2.189734935760498,8.426971435546875,0.0002512999212181,169.92822265625,0.0149998664855957,211200,1.408,4.224
353,3325,-2.783130407333374,-3.317455768585205,-2.248805046081543,2.798666000366211,0.0002506028364805,169.92822265625,0.0160036087036132,212800,1.4186666666666667,4.256
353,3350,-2.5219576358795166,-3.295992851257324,-1.747922420501709,4.583484649658203,0.0002499017801151,169.92822265625,0.016082763671875,214400,1.4293333333333331,4.288
353,3375,-2.7906055450439453,-3.298401355743408,-2.282809972763061,3.679186820983887,0.0002491967797985,169.92822265625,0.0159997940063476,216000,1.44,4.32
353,3400,-2.832622766494751,-3.3290114402771,-2.3362340927124023,5.895204067230225,0.0002484878633629,169.92822265625,0.0160017013549804,217600,1.4506666666666668,4.352
353,3425,-2.550578594207764,-3.28489089012146,-1.8162665367126465,9.575518608093262,0.0002477750587951,169.92822265625,0.0155155658721923,219200,1.4613333333333334,4.384
353,3450,-2.702265501022339,-3.304966926574707,-2.0995640754699707,4.582518100738525,0.0002470583942354,169.92822265625,0.0175728797912597,220800,1.472,4.416
353,3475,-2.4359729290008545,-3.2980704307556152,-1.5738753080368042,7.572119235992432,0.0002463378979764,169.92822265625,0.0155105590820312,222400,1.4826666666666666,4.448
353,3500,-2.664444923400879,-3.319753646850586,-2.009136199951172,3.9400250911712646,0.0002456135984623,169.92822265625,0.0159966945648193,224000,1.4933333333333334,4.48
353,3525,-2.7265543937683105,-3.3236804008483887,-2.1294283866882324,3.224769592285156,0.0002448855242869,169.92822265625,0.0160005092620849,225600,1.504,4.512
353,3550,-2.5306525230407715,-3.3125269412994385,-1.7487778663635254,7.129411220550537,0.0002441537041936,169.92822265625,0.0170001983642578,227200,1.5146666666666666,4.544
353,3575,-2.6616389751434326,-3.293450117111206,-2.029827833175659,4.720941543579102,0.0002434181670732,169.92822265625,0.016047716140747,228800,1.5253333333333334,4.576
353,3600,-2.7870678901672363,-3.324847936630249,-2.2492876052856445,3.785905361175537,0.0002426789419635,169.92822265625,0.0169999599456787,230400,1.536,4.608
353,3625,-2.6478865146636963,-3.2812201976776123,-2.0145528316497803,4.374178409576416,0.0002419360580479,169.92822265625,0.0170249938964843,232000,1.5466666666666666,4.64
353,3650,-0.7169378995895386,0.3957882523536682,-1.8296639919281008,4.249077796936035,0.0002411895446541,169.92822265625,0.0159993171691894,233600,1.5573333333333332,4.672
353,3675,-2.7607436180114746,-3.272356986999512,-2.249130249023437,10.814072608947754,0.0002404394312533,169.92822265625,0.0160000324249267,235200,1.568,4.704
353,3700,-2.8032374382019043,-3.3316986560821533,-2.274775981903076,2.614452123641968,0.0002396857474586,169.92822265625,0.0155122280120849,236800,1.5786666666666669,4.736
353,3725,-2.759988307952881,-3.2850162982940674,-2.2349600791931152,8.952824592590332,0.0002389285230241,169.92822265625,0.0149996280670166,238400,1.5893333333333333,4.768
353,3750,-2.7753748893737797,-3.29044771194458,-2.2603018283843994,6.7448410987854,0.0002381677878438,169.92822265625,0.0159981250762939,240000,1.6,4.8
353,3775,-2.76247239112854,-3.313272714614868,-2.211672067642212,4.620823383331299,0.0002374035719502,169.92822265625,0.0150003433227539,241600,1.6106666666666667,4.832
353,3800,-2.747241497039795,-3.313366651535034,-2.181116104125977,4.069879531860352,0.0002366359055133,169.92822265625,0.0159995555877685,243200,1.6213333333333333,4.864
353,3825,-2.7236998081207275,-3.280048131942749,-2.167351484298706,12.660417556762695,0.0002358648188391,169.92822265625,0.0150699615478515,244800,1.632,4.896
353,3850,-2.4021384716033936,-2.5826234817504883,-2.221653461456299,9.394006729125977,0.000235090342369,169.92822265625,0.0160017013549804,246400,1.6426666666666667,4.928
353,3875,-2.7974836826324463,-3.3152706623077397,-2.2796967029571533,5.653390884399414,0.0002343125066778,169.92822265625,0.0159997940063476,248000,1.653333333333333,4.96
353,3900,-2.738889217376709,-3.297785520553589,-2.179993152618408,6.310868263244629,0.0002335313424732,169.92822265625,0.0160005092620849,249600,1.664,4.992
353,3925,-2.651885747909546,-3.3041293621063232,-1.999642014503479,5.279847621917725,0.0002327468805942,169.92822265625,0.0150034427642822,251200,1.6746666666666667,5.024
353,3950,-2.641162633895874,-3.3113629817962646,-1.9709621667861936,5.586356163024902,0.0002319591520101,169.92822265625,0.0159995555877685,252800,1.6853333333333331,5.056
353,3975,-2.663564682006836,-3.319653987884521,-2.007475614547729,5.893011569976807,0.000231168187819,169.92822265625,0.0150008201599121,254400,1.696,5.088
353,4000,-2.6462106704711914,-3.3061423301696777,-1.9862791299819944,4.245546817779541,0.0002303740192468,169.92822265625,0.0159962177276611,256000,1.7066666666666668,5.12
353,4025,-1.9671913385391235,-3.2523910999298096,-0.6819915771484375,6.205881118774414,0.000229576677646,169.92822265625,0.0150020122528076,257600,1.7173333333333334,5.152
353,4050,-2.7831015586853027,-3.2966091632843018,-2.2695937156677246,6.97055196762085,0.0002287761944941,169.92822265625,0.0160002708435058,259200,1.728,5.184
353,4075,-2.7057132720947266,-3.3233678340911865,-2.0880584716796875,3.954183340072632,0.0002279726013931,169.92822265625,0.0159995555877685,260800,1.7386666666666666,5.216
353,4100,-2.805002450942993,-3.326091051101685,-2.2839138507843018,5.656914710998535,0.0002271659300672,169.92822265625,0.0160017013549804,262400,1.7493333333333334,5.248
353,4125,-2.7965259552001958,-3.3217616081237797,-2.2712905406951904,4.249661922454834,0.0002263562123625,169.92822265625,0.0160005092620849,264000,1.76,5.28
353,4150,-2.744344711303711,-3.3110101222991943,-2.177679538726806,2.626939535140991,0.0002255434802453,169.92822265625,0.0163543224334716,265600,1.7706666666666666,5.312
353,4175,-2.7043776512146,-3.313974618911743,-2.094780445098877,2.8370633125305176,0.0002247277658009,169.92822265625,0.0169997215270996,267200,1.7813333333333334,5.344
353,4200,8.585616111755371,19.41742515563965,-2.246192216873169,12.589534759521484,0.0002239091012322,169.92822265625,0.0153422355651855,268800,1.792,5.376
353,4225,-2.708527088165283,-3.3083150386810303,-2.108739137649536,7.9329833984375,0.0002230875188587,169.92822265625,0.0160019397735595,270400,1.8026666666666664,5.408
353,4250,-2.755631446838379,-3.318756103515625,-2.192507028579712,5.120906829833984,0.0002222630511152,169.92822265625,0.0169956684112548,272000,1.8133333333333328,5.44
353,4275,-2.694451808929444,-3.2911581993103027,-2.097745180130005,8.193249702453613,0.0002214357305501,169.92822265625,0.0159995555877685,273600,1.824,5.472
353,4300,-2.7116613388061523,-3.310523748397827,-2.112798929214477,11.041231155395508,0.0002206055898247,169.92822265625,0.0159995555877685,275200,1.834666666666667,5.504
353,4325,-2.8158650398254395,-3.342613220214844,-2.289116859436035,3.1665964126586914,0.0002197726617116,169.92822265625,0.0155084133148193,276800,1.8453333333333333,5.536
353,4350,-2.736633777618408,-3.251227855682373,-2.2220399379730225,6.339910984039307,0.0002189369790932,169.92822265625,0.0160005092620849,278400,1.856,5.568
353,4375,-2.7605016231536865,-3.2843751907348637,-2.2366280555725098,4.042005062103272,0.0002180985749609,169.92822265625,0.0160000324249267,280000,1.8666666666666667,5.6
353,4400,-2.79768443107605,-3.313805103302002,-2.2815637588500977,4.665342807769775,0.0002172574824135,169.92822265625,0.0159997940063476,281600,1.8773333333333333,5.632
353,4425,-2.752385139465332,-3.312660455703736,-2.1921095848083496,7.871904373168945,0.0002164137346558,169.92822265625,0.0170025825500488,283200,1.888,5.664
353,4450,-2.7328438758850098,-3.3297886848449707,-2.135899066925049,3.4760072231292725,0.0002155673649976,169.92822265625,0.0160000324249267,284800,1.8986666666666667,5.696
353,4475,-2.764798641204834,-3.308483839035034,-2.2211132049560547,6.411267280578613,0.0002147184068521,169.92822265625,0.0149998664855957,286400,1.909333333333333,5.728
353,4500,-2.699042797088623,-3.335386276245117,-2.062699556350708,7.383178234100342,0.0002138668937347,169.92822265625,0.0160021781921386,288000,1.92,5.76
353,4525,-2.7103946208953857,-3.316662073135376,-2.1041271686553955,4.375227451324463,0.0002130128592617,169.92822265625,0.016000747680664,289600,1.9306666666666668,5.792
353,4550,-2.806426525115967,-3.332236766815185,-2.280616044998169,1.8958394527435305,0.0002121563371489,169.92822265625,0.0160002708435058,291200,1.9413333333333331,5.824
353,4575,-2.8094236850738525,-3.309481620788574,-2.309365749359131,10.915058135986328,0.0002112973612104,169.92822265625,0.0170001983642578,292800,1.952,5.856
353,4600,-2.6726107597351074,-3.3134541511535645,-2.0317671298980717,5.040839195251465,0.000210435965357,169.92822265625,0.0156872272491455,294400,1.9626666666666663,5.888
353,4625,-2.77335262298584,-3.320739507675171,-2.225965738296509,5.487146377563477,0.0002095721835952,169.92822265625,0.0150001049041748,296000,1.9733333333333332,5.92
353,4650,-2.7081637382507324,-3.331275224685669,-2.085052013397217,3.217978239059448,0.0002087060500255,169.92822265625,0.0145072937011718,297600,1.984,5.952
353,4675,-2.7709031105041504,-3.3257524967193604,-2.2160537242889404,6.391481399536133,0.0002078375988416,169.92822265625,0.0155055522918701,299200,1.9946666666666664,5.984
353,4700,-2.810560703277588,-3.314328908920288,-2.306792497634888,3.870339870452881,0.0002069668643282,169.92822265625,0.0150001049041748,300800,2.005333333333333,6.016
353,4725,-2.741030216217041,-3.307422876358032,-2.1746373176574707,4.237277030944824,0.0002060938808606,169.92822265625,0.0169966220855712,302400,2.016,6.048
353,4750,-2.768087863922119,-3.3091845512390137,-2.226991415023804,2.7847447395324707,0.0002052186829027,169.92822265625,0.0160026550292968,304000,2.026666666666667,6.08
353,4775,-2.7665669918060303,-3.3304193019866943,-2.202714681625366,2.8855249881744385,0.0002043413050056,169.92822265625,0.017061710357666,305600,2.037333333333333,6.112
353,4800,-2.5111660957336426,-3.3136017322540283,-1.708730697631836,5.323117733001709,0.0002034617818069,169.92822265625,0.0159971714019775,307200,2.048,6.144
353,4825,-2.614218711853028,-3.3284242153167725,-1.900013089179993,6.886298656463623,0.0002025801480286,169.92822265625,0.0150001049041748,308800,2.058666666666667,6.176
353,4850,-2.7510673999786377,-3.2957730293273926,-2.206361770629883,6.048614025115967,0.0002016964384761,169.92822265625,0.016998291015625,310400,2.069333333333333,6.208
353,4875,-2.749791622161865,-3.294727087020874,-2.2048563957214355,8.139711380004883,0.0002008106880367,169.92822265625,0.015000581741333,312000,2.08,6.24
353,4900,-2.548685073852539,-3.3061022758483887,-1.7912678718566897,7.874804496765137,0.0001999229316784,169.92822265625,0.0165109634399414,313600,2.0906666666666665,6.272
353,4925,-2.7184433937072754,-3.320028781890869,-2.1168582439422607,4.216464042663574,0.0001990332044482,169.92822265625,0.0150864124298095,315200,2.1013333333333333,6.304
353,4950,-2.618818759918213,-3.297410726547241,-1.940227031707764,4.401104927062988,0.000198141541471,169.92822265625,0.0150043964385986,316800,2.112,6.336
353,4975,-2.501413345336914,-3.1981987953186035,-1.8046280145645144,19.46329116821289,0.0001972479779482,169.92822265625,0.0155060291290283,318400,2.1226666666666665,6.368
353,5000,-2.7192635536193848,-3.3078651428222656,-2.130661725997925,6.391025066375732,0.0001963525491562,169.92822265625,0.0150001049041748,320000,2.1333333333333333,6.4
353,5025,-2.766439437866211,-3.3536295890808105,-2.1792492866516118,2.578545093536377,0.0001954552904449,169.92822265625,0.02000093460083,321600,2.144,6.432
353,5050,-2.732032299041748,-3.328366994857788,-2.135697364807129,2.9847888946533203,0.0001945562372365,169.92822265625,0.0149827003479003,323200,2.1546666666666665,6.464
353,5075,-2.8231313228607178,-3.316598415374756,-2.32966423034668,5.1510396003723145,0.0001936554250242,169.92822265625,0.0159993171691894,324800,2.1653333333333333,6.496
353,5100,-2.6451241970062256,-3.295126438140869,-1.995122075080872,3.865557909011841,0.0001927528893704,169.92822265625,0.0159997940063476,326400,2.176,6.528
353,5125,-2.7742862701416016,-3.315235376358032,-2.23333740234375,1.6183340549468994,0.0001918486659058,169.92822265625,0.0160000324249267,328000,2.1866666666666665,6.56
353,5150,-2.784278154373169,-3.301382303237915,-2.267174005508423,1.323794722557068,0.0001909427903275,169.92822265625,0.0150003433227539,329600,2.1973333333333334,6.592
353,5175,-2.8054418563842773,-3.336472988128662,-2.2744107246398926,4.751105308532715,0.000190035298398,169.92822265625,0.0160009860992431,331200,2.208,6.624
353,5200,-2.5340733528137207,-3.3217320442199707,-1.7464146614074707,4.757706642150879,0.0001891262259434,169.92822265625,0.0165534019470214,332800,2.2186666666666666,6.656
353,5225,-2.7111096382141118,-3.334237098693848,-2.087982177734375,3.162259578704834,0.0001882156088525,169.92822265625,0.0160069465637207,334400,2.2293333333333334,6.688
353,5250,-2.771902084350586,-3.298527479171753,-2.245276927947998,4.269935607910156,0.0001873034830747,169.92822265625,0.0150003433227539,336000,2.24,6.72
353,5275,-2.668315887451172,-3.292996406555176,-2.043635368347168,4.512115955352783,0.0001863898846193,169.92822265625,0.0159997940063476,337600,2.2506666666666666,6.752
353,5300,-2.7333526611328125,-3.341829299926758,-2.124875783920288,3.8119943141937256,0.0001854748495535,169.92822265625,0.0149998664855957,339200,2.2613333333333334,6.784
353,5325,-2.7769832611083984,-3.3002896308898926,-2.2536768913269043,8.005912780761719,0.0001845584140014,169.92822265625,0.0155055522918701,340800,2.272,6.816
353,5350,-2.6013474464416504,-3.3036022186279297,-1.8990929126739504,2.5599989891052246,0.0001836406141424,169.92822265625,0.0155060291290283,342400,2.2826666666666666,6.848
353,5375,-2.670273780822754,-3.231642484664917,-2.10890531539917,2.9649875164031982,0.0001827214862094,169.92822265625,0.0160000324249267,344000,2.293333333333333,6.88
353,5400,-2.730319023132324,-3.330418586730957,-2.1302192211151123,4.597823143005371,0.0001818010664883,169.92822265625,0.0160109996795654,345600,2.304,6.912
353,5425,-2.6719470024108887,-3.3231372833251958,-2.020756721496582,3.242769241333008,0.0001808793913154,169.92822265625,0.0150003433227539,347200,2.3146666666666667,6.944
353,5450,-2.814659118652344,-3.3316636085510254,-2.297654390335083,3.5135326385498047,0.0001799564970771,169.92822265625,0.0159707069396972,348800,2.325333333333333,6.976
353,5475,-2.7606587409973145,-3.305645227432251,-2.215672492980957,8.960643768310547,0.0001790324202076,169.92822265625,0.0150010585784912,350400,2.336,7.008
353,5500,317.1416015625,628.4581298828125,5.825097560882568,147.8148651123047,0.0001781071971878,169.92822265625,0.0151970386505126,352000,2.3466666666666667,7.04
353,5525,-2.686610221862793,-3.2867238521575928,-2.0864968299865723,5.101208686828613,0.000177180864544,169.92822265625,0.0159993171691894,353600,2.357333333333333,7.072
353,5550,-2.8075735569000244,-3.3169782161712646,-2.298168897628784,3.033388614654541,0.0001762534588462,169.92822265625,0.0159966945648193,355200,2.368,7.104
353,5575,-2.787627458572388,-3.322317600250244,-2.2529373168945312,4.583451747894287,0.0001753250167069,169.92822265625,0.0150191783905029,356800,2.3786666666666667,7.136
353,5600,-2.7069191932678223,-3.313493490219116,-2.100344657897949,3.0607526302337646,0.0001743955747792,169.92822265625,0.017003059387207,358400,2.389333333333333,7.168
353,5625,-2.799226760864258,-3.3138577938079834,-2.284595727920532,3.5599284172058105,0.000173465169756,169.92822265625,0.0149953365325927,360000,2.4,7.2
353,5650,-2.7400224208831787,-3.298455715179444,-2.181589126586914,3.2486467361450195,0.0001725338383681,169.92822265625,0.0150012969970703,361600,2.4106666666666667,7.232
353,5675,-2.6088881492614746,-2.9288601875305176,-2.288916110992432,4.5263776779174805,0.0001716016173828,169.92822265625,0.0160079002380371,363200,2.421333333333333,7.264
353,5700,-2.7635717391967773,-3.307692289352417,-2.219451427459717,4.621973514556885,0.0001706685436026,169.92822265625,0.0165565013885498,364800,2.432,7.296
353,5725,-2.445566415786743,-3.3204939365386963,-1.57063889503479,6.922378063201904,0.0001697346538638,169.92822265625,0.0170016288757324,366400,2.4426666666666668,7.328
353,5750,-2.7601981163024902,-3.291957139968872,-2.2284388542175293,3.897940874099731,0.0001687999850346,169.92822265625,0.0150034427642822,368000,2.453333333333333,7.36
353,5775,-2.743196964263916,-3.28468918800354,-2.201704502105713,4.923783302307129,0.0001678645740142,169.92822265625,0.0159728527069091,369600,2.464,7.392
353,5800,-2.6988682746887207,-3.2900233268737797,-2.107713460922241,2.717519760131836,0.000166928457731,169.92822265625,0.0159997940063476,371200,2.474666666666667,7.424
353,5825,-2.817468881607056,-3.3211827278137207,-2.31375503540039,2.095056533813477,0.0001659916731412,169.92822265625,0.0149993896484375,372800,2.485333333333333,7.456
353,5850,-2.8215408325195312,-3.3184142112731934,-2.324667692184448,2.910926818847656,0.0001650542572276,169.92822265625,0.0159964561462402,374400,2.496,7.488
353,5875,-2.797769546508789,-3.3237392902374268,-2.2718000411987305,2.079967975616455,0.0001641162469977,169.92822265625,0.0171749591827392,376000,2.506666666666667,7.52
353,5900,-2.644287586212158,-3.306011438369751,-1.9825637340545652,4.378730297088623,0.0001631776794826,169.92822265625,0.0159981250762939,377600,2.517333333333333,7.552
353,5925,-2.789599895477295,-3.3290369510650635,-2.2501626014709477,3.7390456199646,0.0001622385917352,169.92822265625,0.017000675201416,379200,2.528,7.584
353,5950,-2.76454496383667,-3.3369414806365967,-2.192148208618164,7.319587707519531,0.0001612990208291,169.92822265625,0.0159986019134521,380800,2.538666666666667,7.616
353,5975,-2.7232961654663086,-3.3269805908203125,-2.1196117401123047,2.804528951644897,0.0001603590038571,169.92822265625,0.015998363494873,382400,2.549333333333333,7.648
353,6000,-2.825467586517334,-3.333445310592652,-2.317490100860596,6.285098075866699,0.0001594185779293,169.92822265625,0.0160000324249267,384000,2.56,7.68
353,6025,-2.795114040374756,-3.319865226745605,-2.270362615585327,2.4346582889556885,0.0001584777801723,169.92822265625,0.0160009860992431,385600,2.570666666666667,7.712
353,6050,-2.7966742515563965,-3.309004068374634,-2.2843446731567383,3.326976776123047,0.0001575366477269,169.92822265625,0.0159995555877685,387200,2.5813333333333333,7.744
353,6075,-2.834563732147217,-3.340564250946045,-2.3285632133483887,2.0235841274261475,0.0001565952177476,169.92822265625,0.0149998664855957,388800,2.592,7.776
353,6100,-2.7502365112304688,-3.313488483428955,-2.1869845390319824,4.929349899291992,0.0001556535274004,169.92822265625,0.0161135196685791,390400,2.6026666666666665,7.808
353,6125,-2.810990571975708,-3.3393242359161377,-2.2826569080352783,3.8502373695373535,0.0001547116138617,169.92822265625,0.0149993896484375,392000,2.6133333333333333,7.84
353,6150,-2.785398483276367,-3.331725835800171,-2.2390713691711426,2.809798240661621,0.0001537695143165,169.92822265625,0.0149981975555419,393600,2.624,7.872
353,6175,-2.806601047515869,-3.327726364135742,-2.285475969314575,3.4302611351013184,0.0001528272659573,169.92822265625,0.0148437023162841,395200,2.6346666666666665,7.904
353,6200,-2.8548572063446045,-3.3320472240448,-2.377667188644409,1.7811306715011597,0.0001518849059825,169.92822265625,0.0159990787506103,396800,2.6453333333333333,7.936
353,6225,-2.795121908187866,-3.325059175491333,-2.2651846408843994,1.2925777435302734,0.0001509424715948,169.92822265625,0.015002965927124,398400,2.656,7.968
353,6250,-2.645369291305542,-3.312023878097534,-1.9787147045135496,5.223152160644531,0.0001499999999999,169.92822265625,0.0159993171691894,400000,2.6666666666666665,8.0
353,6275,-2.819949150085449,-3.3135673999786377,-2.3263306617736816,3.703895092010498,0.0001490575284051,169.92822265625,0.0159995555877685,401600,2.6773333333333333,8.032
353,6300,-2.502481460571289,-2.8206472396850586,-2.1843154430389404,3.4585022926330566,0.0001481150940174,169.92822265625,0.0161333084106445,403200,2.688,8.064
353,6325,-2.7329163551330566,-3.254042387008667,-2.211790084838867,4.879823684692383,0.0001471727340426,169.92822265625,0.016003131866455,404800,2.6986666666666665,8.096
353,6350,-2.7589077949523926,-3.3175084590911865,-2.200307130813598,3.209928512573242,0.0001462304856834,169.92822265625,0.0175073146820068,406400,2.7093333333333334,8.128
353,6375,-2.8210573196411133,-3.335845470428467,-2.3062689304351807,2.7834694385528564,0.0001452883861382,169.92822265625,0.0164213180541992,408000,2.72,8.16
353,6400,-2.7783868312835693,-3.323065996170044,-2.2337076663970947,4.824994087219238,0.0001443464725995,169.92822265625,0.0175075531005859,409600,2.7306666666666666,8.192
353,6425,-2.800611972808838,-3.3359532356262207,-2.265270948410034,2.037053346633911,0.0001434047822523,169.92822265625,0.0160002708435058,411200,2.7413333333333334,8.224
353,6450,-2.831357479095459,-3.339131593704224,-2.3235831260681152,2.952547311782837,0.000142463352273,169.92822265625,0.0160012245178222,412800,2.752,8.256
353,6475,-2.8354740142822266,-3.326504707336426,-2.344443082809448,1.237784743309021,0.0001415222198276,169.92822265625,0.0149998664855957,414400,2.7626666666666666,8.288
353,6500,-2.8213894367218018,-3.334828615188598,-2.307950258255005,3.3273699283599854,0.0001405814220706,169.92822265625,0.0159997940063476,416000,2.773333333333333,8.32
353,6525,-2.355637788772583,-2.456533670425415,-2.254741907119751,5.442204475402832,0.0001396409961428,169.92822265625,0.016080617904663,417600,2.784,8.352
353,6550,-2.8304386138916016,-3.3209917545318604,-2.339885234832764,2.3643674850463867,0.0001387009791708,169.92822265625,0.0155870914459228,419200,2.794666666666666,8.384
353,6575,-2.851191520690918,-3.344160318374634,-2.358222484588623,6.077190399169922,0.0001377614082647,169.92822265625,0.0160000324249267,420800,2.805333333333333,8.416
353,6600,-2.7380242347717285,-3.2067294120788574,-2.2693190574646,3.03167462348938,0.0001368223205173,169.92822265625,0.015000581741333,422400,2.816,8.448
353,6625,-2.6320812702178955,-3.313399076461792,-1.9507633447647093,4.740908622741699,0.0001358837530022,169.92822265625,0.0150001049041748,424000,2.8266666666666667,8.48
353,6650,-2.849452018737793,-3.3296422958374023,-2.3692619800567627,2.483177661895752,0.0001349457427723,169.92822265625,0.0155069828033447,425600,2.837333333333333,8.512
353,6675,-2.827702283859253,-3.338418960571289,-2.316985607147217,3.62772798538208,0.0001340083268587,169.92822265625,0.0160005092620849,427200,2.848,8.544
353,6700,-2.857470989227295,-3.3184285163879395,-2.3965132236480717,5.130474090576172,0.0001330715422689,169.92822265625,0.0159986019134521,428800,2.8586666666666667,8.576
353,6725,-2.7793426513671875,-3.3251473903656006,-2.233538150787353,4.656566619873047,0.0001321354259857,169.92822265625,0.0159997940063476,430400,2.869333333333333,8.608
353,6750,-2.787992000579834,-3.340040683746338,-2.235943078994751,6.111203670501709,0.0001312000149653,169.92822265625,0.0150003433227539,432000,2.88,8.64
353,6775,-2.813129425048828,-3.348762273788452,-2.277496814727783,2.5928051471710205,0.0001302653461361,169.92822265625,0.017104148864746,433600,2.8906666666666667,8.672
353,6800,-2.8160386085510254,-3.3201208114624023,-2.3119561672210693,1.8069136142730715,0.0001293314563973,169.92822265625,0.0160002708435058,435200,2.901333333333333,8.704
353,6825,-2.6688027381896973,-3.306868076324463,-2.0307376384735107,7.773070335388184,0.0001283983826171,169.92822265625,0.0157897472381591,436800,2.912,8.736
353,6850,-2.785972595214844,-3.325561046600342,-2.246384382247925,4.5548095703125,0.0001274661616318,169.92822265625,0.0159986019134521,438400,2.9226666666666667,8.768
353,6875,-2.8481690883636475,-3.3237993717193604,-2.3725388050079346,5.5988311767578125,0.0001265348302439,169.92822265625,0.0160024166107177,440000,2.933333333333333,8.8
353,6900,-2.765354633331299,-3.287299871444702,-2.2434093952178955,2.995900154113769,0.0001256044252207,169.92822265625,0.0160036087036132,441600,2.944,8.832
353,6925,-2.81116247177124,-3.3373782634735107,-2.2849466800689697,2.49381947517395,0.000124674983293,169.92822265625,0.0180027484893798,443200,2.9546666666666668,8.864
353,6950,-2.847447872161865,-3.3531644344329834,-2.341731309890747,1.7832691669464111,0.0001237465411537,169.92822265625,0.0160002708435058,444800,2.965333333333333,8.896
353,6975,-2.8394289016723637,-3.332080841064453,-2.3467772006988525,5.456314563751221,0.0001228191354559,169.92822265625,0.0150008201599121,446400,2.976,8.928
353,7000,-2.7797775268554688,-3.320359230041504,-2.2391958236694336,5.635140895843506,0.0001218928028121,169.92822265625,0.0150001049041748,448000,2.986666666666667,8.96
353,7025,-2.7611708641052246,-3.331497430801392,-2.1908440589904785,1.7432012557983398,0.0001209675797923,169.92822265625,0.0155839920043945,449600,2.997333333333333,8.992
353,7050,-2.8651790618896484,-3.3409228324890137,-2.389435291290283,2.85747504234314,0.0001200435029228,169.92822265625,0.0160000324249267,451200,3.008,9.024
353,7075,-2.7907185554504395,-3.3225083351135254,-2.2589285373687744,3.1873350143432617,0.0001191206086845,169.92822265625,0.0159993171691894,452800,3.018666666666667,9.056
353,7100,-2.804047107696533,-3.338747978210449,-2.269346237182617,3.394575357437134,0.0001181989335116,169.92822265625,0.0160009860992431,454400,3.029333333333333,9.088
353,7125,-2.8328256607055664,-3.342285633087158,-2.3233654499053955,4.535038471221924,0.0001172785137905,169.92822265625,0.0149998664855957,456000,3.04,9.12
353,7150,-2.8515524864196777,-3.342839241027832,-2.3602659702301025,2.9369561672210693,0.0001163593858575,169.92822265625,0.0159986019134521,457600,3.050666666666667,9.152
353,7175,-2.811014175415039,-3.319756031036377,-2.3022725582122803,2.8688976764678955,0.0001154415859985,169.92822265625,0.015566349029541,459200,3.061333333333333,9.184
353,7200,-2.7659478187561035,-3.32399582862854,-2.207899808883667,3.231276273727417,0.0001145251504464,169.92822265625,0.0150010585784912,460800,3.072,9.216
353,7225,-2.8502297401428223,-3.332117795944214,-2.368341445922852,1.634144902229309,0.0001136101153806,169.92822265625,0.0159986019134521,462400,3.082666666666667,9.248
353,7250,-2.801994800567627,-3.336520195007324,-2.2674694061279297,4.136019229888916,0.0001126965169252,169.92822265625,0.0150001049041748,464000,3.0933333333333333,9.28
353,7275,-2.803792953491211,-3.332487106323242,-2.2750985622406006,3.389394998550415,0.0001117843911474,169.92822265625,0.0149972438812255,465600,3.104,9.312
353,7300,-2.8074424266815186,-3.3134143352508545,-2.3014705181121826,3.4848568439483643,0.0001108737740565,169.92822265625,0.0149996280670166,467200,3.1146666666666665,9.344
353,7325,-2.8300740718841557,-3.3466901779174805,-2.31345796585083,2.551765918731689,0.0001099647016019,169.92822265625,0.0169997215270996,468800,3.1253333333333333,9.376
353,7350,-2.8060967922210693,-3.3525521755218506,-2.259641408920288,2.6893131732940674,0.0001090572096724,169.92822265625,0.0148866176605224,470400,3.136,9.408
353,7375,-2.745077133178711,-3.31877875328064,-2.1713757514953613,3.02981948852539,0.0001081513340941,169.92822265625,0.0159955024719238,472000,3.1466666666666665,9.44
353,7400,-2.812592029571533,-3.3293392658233643,-2.295844793319702,2.2325596809387207,0.0001072471106295,169.92822265625,0.0165774822235107,473600,3.1573333333333333,9.472
353,7425,-2.799921989440918,-3.3247671127319336,-2.2750766277313232,2.4359123706817627,0.0001063445749757,169.92822265625,0.0150010585784912,475200,3.168,9.504
353,7450,-2.880922794342041,-3.3655171394348145,-2.3963286876678467,3.745224714279175,0.0001054437627634,169.92822265625,0.0159966945648193,476800,3.1786666666666665,9.536
353,7475,-2.7909982204437256,-3.340047836303711,-2.24194860458374,1.4063905477523804,0.000104544709555,169.92822265625,0.0160009860992431,478400,3.1893333333333334,9.568
353,7500,-2.725116014480591,-3.328836441040039,-2.1213955879211426,3.0256736278533936,0.0001036474508437,169.92822265625,0.0159995555877685,480000,3.2,9.6
353,7525,-2.788411855697632,-3.328824043273926,-2.247999668121338,1.6058536767959597,0.0001027520220517,169.92822265625,0.0160000324249267,481600,3.2106666666666666,9.632
353,7550,-2.825425148010254,-3.3486735820770264,-2.302176713943481,4.15332555770874,0.0001018584585289,169.92822265625,0.0160005092620849,483200,3.2213333333333334,9.664
353,7575,-2.823989152908325,-3.335949420928955,-2.3120288848876958,1.9116750955581665,0.0001009667955517,169.92822265625,0.0149970054626464,484800,3.232,9.696
353,7600,-2.747647762298584,-3.309799909591675,-2.185495376586914,2.026602029800415,0.0001000770683215,169.92822265625,0.0156741142272949,486400,3.2426666666666666,9.728
353,7625,-2.7727818489074707,-3.2418441772460938,-2.303719282150269,2.1813406944274902,9.918931196320656e-05,169.92822265625,0.017000675201416,488000,3.2533333333333334,9.76
353,7650,-2.585406541824341,-2.8255486488342285,-2.345264434814453,3.073988676071167,9.830356152382272e-05,169.92822265625,0.0149991512298583,489600,3.264,9.792
353,7675,-2.7589125633239746,-3.334757089614868,-2.18306827545166,1.6144119501113892,9.741985197131142e-05,169.92822265625,0.0169994831085205,491200,3.2746666666666666,9.824
353,7700,-2.7821552753448486,-3.283764600753784,-2.280545949935913,1.485676884651184,9.653821819301268e-05,169.92822265625,0.0162811279296875,492800,3.285333333333333,9.856
353,7725,-2.8503551483154297,-3.344916820526123,-2.355793237686157,2.8083224296569824,9.565869499431844e-05,169.92822265625,0.0160677433013916,494400,3.296,9.888
353,7750,-2.8289058208465576,-3.3325231075286865,-2.3252885341644287,2.89661169052124,9.478131709729864e-05,169.92822265625,0.0150001049041748,496000,3.306666666666666,9.92
353,7775,-2.811131000518799,-3.345736026763916,-2.2765257358551025,3.30811071395874,9.390611913933022e-05,169.92822265625,0.015787124633789,497600,3.317333333333333,9.952
353,7800,-2.788174629211426,-3.3352625370025635,-2.241086483001709,3.5691940784454346,9.303313567173008e-05,169.92822265625,0.0159993171691894,499200,3.328,9.984
353,7825,-2.8521437644958496,-3.33646297454834,-2.36782455444336,2.11237907409668,9.216240115839076e-05,169.92822265625,0.0170018672943115,500800,3.3386666666666667,10.016
353,7850,-2.796767473220825,-3.3313283920288086,-2.262206554412842,1.7132568359375,9.12939499744199e-05,169.92822265625,0.0150008201599121,502400,3.349333333333333,10.048
353,7875,-2.8792738914489746,-3.33512020111084,-2.4234275817871094,1.5919146537780762,9.04278164047832e-05,169.92822265625,0.0150012969970703,504000,3.36,10.08
353,7900,-2.801687002182007,-3.337747812271118,-2.2656261920928955,3.5940678119659424,8.95640346429509e-05,169.92822265625,0.0160005092620849,505600,3.3706666666666667,10.112
353,7925,-2.820628881454468,-3.351184844970703,-2.2900729179382324,2.337625503540039,8.870263878954797e-05,169.92822265625,0.0149991512298583,507200,3.381333333333333,10.144
353,7950,-2.819009304046631,-3.3310353755950928,-2.306983470916748,1.9398235082626345,8.784366285100765e-05,169.92822265625,0.0160000324249267,508800,3.392,10.176
353,7975,-2.7891383171081543,-3.3178629875183105,-2.260413885116577,3.495178699493408,8.698714073822932e-05,169.92822265625,0.0151479244232177,510400,3.4026666666666667,10.208
353,8000,-2.830344915390014,-3.346611261367798,-2.3140785694122314,2.746335029602051,8.613310626523942e-05,169.92822265625,0.0149989128112792,512000,3.4133333333333336,10.24
353,8025,-2.8326210975646973,-3.3352811336517334,-2.329960823059082,1.6910121440887451,8.52815931478564e-05,169.92822265625,0.0160028934478759,513600,3.424,10.272
353,8050,-2.842716693878174,-3.336960554122925,-2.348472833633423,1.575556755065918,8.44326350023604e-05,169.92822265625,0.015535831451416,515200,3.4346666666666668,10.304
353,8075,-2.8337273597717285,-3.3338301181793213,-2.333624601364136,2.1988840103149414,8.358626534416508e-05,169.92822265625,0.0150003433227539,516800,3.445333333333333,10.336
353,8100,-2.82383394241333,-3.330818653106689,-2.316848993301392,2.477255344390869,8.274251758649552e-05,169.92822265625,0.0179996490478515,518400,3.456,10.368
353,8125,-2.8499984741210938,-3.352595806121826,-2.3474013805389404,1.408457636833191,8.190142503906833e-05,169.92822265625,0.0159993171691894,520000,3.466666666666667,10.4
353,8150,-2.7265257835388184,-3.3337247371673584,-2.1193270683288574,3.091423988342285,8.106302090677717e-05,169.92822265625,0.0155847072601318,521600,3.477333333333333,10.432
353,8175,-2.814663887023926,-3.312911033630371,-2.3164165019989014,2.5968575477600098,8.022733828838163e-05,169.92822265625,0.0170052051544189,523200,3.488,10.464
353,8200,-2.7556920051574707,-3.3036930561065674,-2.207690715789795,2.6058123111724854,7.939441017520052e-05,169.92822265625,0.0160002708435058,524800,3.498666666666667,10.496
353,8225,-2.6719624996185303,-3.3074631690979004,-2.03646183013916,5.010498046875,7.856426944980949e-05,169.92822265625,0.0159993171691894,526400,3.509333333333333,10.528
353,8250,-2.864943504333496,-3.346130609512329,-2.383756399154663,4.933053493499756,7.773694888474308e-05,169.92822265625,0.017003059387207,528000,3.52,10.56
353,8275,-2.7593579292297363,-3.3200159072875977,-2.198700189590454,4.078610897064209,7.691248114120058e-05,169.92822265625,0.0165619850158691,529600,3.530666666666667,10.592
353,8300,-2.81911039352417,-3.3338985443115234,-2.3043222427368164,1.7567133903503418,7.609089876775668e-05,169.92822265625,0.0160012245178222,531200,3.541333333333333,10.624
353,8325,-2.823084115982056,-3.34771990776062,-2.298448324203491,1.3182412385940552,7.527223419907674e-05,169.92822265625,0.0159471035003662,532800,3.552,10.656
353,8350,-2.850001811981201,-3.342628002166748,-2.3573758602142334,3.1983752250671387,7.445651975463619e-05,169.92822265625,0.0142667293548583,534400,3.562666666666667,10.688
353,8375,-2.8236968517303467,-3.3307149410247803,-2.316678762435913,2.152940511703491,7.364378763744466e-05,169.92822265625,0.0159964561462402,536000,3.5733333333333333,10.72
353,8400,-2.842007637023926,-3.362103223800659,-2.3219118118286133,3.795874118804932,7.283406993277443e-05,169.92822265625,0.0161364078521728,537600,3.584,10.752
353,8425,-2.8620076179504395,-3.3506736755371094,-2.3733417987823486,1.4442061185836792,7.202739860689404e-05,169.92822265625,0.0159993171691894,539200,3.5946666666666665,10.784
353,8450,-2.824640274047852,-3.352506160736084,-2.296774387359619,1.908568263053894,7.122380550580606e-05,169.92822265625,0.0159995555877685,540800,3.605333333333333,10.816
353,8475,-2.846699953079224,-3.349576473236084,-2.3438234329223637,2.351254940032959,7.042332235399037e-05,169.92822265625,0.0159997940063476,542400,3.616,10.848
353,8500,-2.805384635925293,-3.302557468414306,-2.3082120418548584,2.5274696350097656,6.962598075315097e-05,169.92822265625,0.0149998664855957,544000,3.6266666666666665,10.88
353,8525,-2.82093358039856,-3.3300883769989014,-2.3117787837982178,2.7769246101379395,6.883181218096908e-05,169.92822265625,0.0155098438262939,545600,3.637333333333333,10.912
353,8550,-2.813318967819214,-3.3230721950531006,-2.303565740585327,1.7696441411972046,6.804084798986014e-05,169.92822265625,0.0160236358642578,547200,3.648,10.944
353,8575,-2.8563156127929688,-3.330712080001831,-2.381918907165528,1.902677059173584,6.725311940573595e-05,169.92822265625,0.0160002708435058,548800,3.6586666666666665,10.976
353,8600,-2.8391642570495605,-3.343862533569336,-2.334465980529785,3.5625159740448,6.646865752677225e-05,169.92822265625,0.0149998664855957,550400,3.669333333333333,11.008
353,8625,-2.8438644409179688,-3.343057870864868,-2.3446707725524902,1.4770331382751465,6.56874933221809e-05,169.92822265625,0.0151867866516113,552000,3.68,11.04
353,8650,-2.776179313659668,-3.31640362739563,-2.235954999923706,1.6292927265167236,6.4909657630987e-05,169.92822265625,0.0150041580200195,553600,3.6906666666666665,11.072
353,8675,-2.853867769241333,-3.333991289138794,-2.373744249343872,2.218838930130005,6.413518116081182e-05,169.92822265625,0.0160005092620849,555200,3.701333333333333,11.104
353,8700,-2.836433887481689,-3.3155367374420166,-2.357330799102783,1.6457847356796265,6.336409448666034e-05,169.92822265625,0.0160002708435058,556800,3.712,11.136
353,8725,-2.80851674079895,-3.3398988246917725,-2.277134656906128,1.8384466171264648,6.259642804971405e-05,169.92822265625,0.0150074958801269,558400,3.7226666666666666,11.168
353,8750,-2.8915295600891118,-3.380305051803589,-2.402754306793213,1.575401782989502,6.183221215612947e-05,169.92822265625,0.0160000324249267,560000,3.733333333333333,11.2
353,8775,-2.8303885459899902,-3.324984073638916,-2.3357930183410645,2.229675054550171,6.107147697584154e-05,169.92822265625,0.0160050392150878,561600,3.744,11.232
353,8800,-2.848357915878296,-3.3366503715515137,-2.360065460205078,1.1834194660186768,6.031425254137259e-05,169.92822265625,0.0159947872161865,563200,3.7546666666666666,11.264
353,8825,-2.830185413360596,-3.325565814971924,-2.3348052501678467,1.228571891784668,5.956056874664673e-05,169.92822265625,0.0160002708435058,564800,3.765333333333333,11.296
353,8850,-2.8478026390075684,-3.3454809188842773,-2.3501241207122803,1.6757053136825562,5.881045534580965e-05,169.92822265625,0.0169992446899414,566400,3.776,11.328
353,8875,-2.885344982147217,-3.334804058074951,-2.4358856678009038,1.4585586786270142,5.806394195205397e-05,169.92822265625,0.0160002708435058,568000,3.786666666666666,11.36
353,8900,-2.850404024124145,-3.343076229095459,-2.357731819152832,2.4567384719848637,5.732105803645027e-05,169.92822265625,0.016003131866455,569600,3.797333333333333,11.392
353,8925,-2.8377904891967773,-3.348010540008545,-2.3275704383850098,1.87983512878418,5.658183292678355e-05,169.92822265625,0.0160000324249267,571200,3.808,11.424
353,8950,-2.8340611457824707,-3.3325932025909424,-2.335529088973999,3.929655313491821,5.5846295806395336e-05,169.92822265625,0.0160026550292968,572800,3.818666666666666,11.456
353,8975,-2.822072505950928,-3.320399522781372,-2.3237454891204834,1.886583924293518,5.511447571303171e-05,169.92822265625,0.0159981250762939,574400,3.8293333333333335,11.488
353,9000,-2.8239645957946777,-3.3453195095062256,-2.30260968208313,1.539980411529541,5.4386401537696895e-05,169.92822265625,0.0149991512298583,576000,3.84,11.52
353,9025,-2.836899757385254,-3.3418073654174805,-2.331992149353028,1.2090524435043335,5.3662102023512647e-05,169.92822265625,0.0155110359191894,577600,3.8506666666666662,11.552
353,9050,-2.8582677841186523,-3.3259811401367188,-2.390554428100586,3.3668391704559326,5.294160576458362e-05,169.92822265625,0.0160002708435058,579200,3.8613333333333335,11.584
353,9075,-2.8523967266082764,-3.353668451309204,-2.3511250019073486,2.625516176223755,5.222494120486851e-05,169.92822265625,0.0169994831085205,580800,3.872,11.616
353,9100,-2.8110477924346924,-3.320409059524536,-2.3016865253448486,2.048924207687378,5.151213663705678e-05,169.92822265625,0.0169978141784667,582400,3.8826666666666663,11.648
353,9125,-2.864871025085449,-3.352845430374145,-2.376896381378174,2.986860513687134,5.080322020145251e-05,169.92822265625,0.0160000324249267,584000,3.8933333333333335,11.68
353,9150,-2.829429626464844,-3.342591524124145,-2.316267490386963,1.3980497121810913,5.009821988486255e-05,169.92822265625,0.0149989128112792,585600,3.904,11.712
353,9175,-2.835243225097656,-3.3194596767425537,-2.35102653503418,1.4784507751464844,4.939716351949227e-05,169.92822265625,0.0159957408905029,587200,3.9146666666666663,11.744
353,9200,-2.851595401763916,-3.354369163513184,-2.3488218784332275,1.2788463830947876,4.870007878184662e-05,169.92822265625,0.0150001049041748,588800,3.925333333333333,11.776
353,9225,-2.86330509185791,-3.3436224460601807,-2.3829879760742188,1.8522573709487915,4.80069931916374e-05,169.92822265625,0.0150015354156494,590400,3.936,11.808
353,9250,-2.860074520111084,-3.3432741165161133,-2.376875162124634,2.7659595012664795,4.7317934110697e-05,169.92822265625,0.0149955749511718,592000,3.9466666666666663,11.84
353,9275,-2.822916030883789,-3.33410382270813,-2.311728000640869,1.517846941947937,4.663292874189805e-05,169.92822265625,0.015735387802124,593600,3.957333333333333,11.872
353,9300,-2.8655190467834477,-3.348511219024658,-2.3825268745422363,0.9836665987968444,4.5952004128079575e-05,169.92822265625,0.0160033702850341,595200,3.968,11.904
353,9325,-2.869400978088379,-3.322580337524414,-2.416221857070923,1.402471661567688,4.527518715097933e-05,169.92822265625,0.0160000324249267,596800,3.978666666666667,11.936
353,9350,-2.837252616882324,-3.31728458404541,-2.3572206497192383,1.0378749370574951,4.460250453017287e-05,169.92822265625,0.0160002708435058,598400,3.989333333333333,11.968
353,9375,-2.825990676879883,-3.3429975509643555,-2.30898380279541,2.522953510284424,4.3933982822018107e-05,169.92822265625,0.0175893306732177,600000,4.0,12.0
353,9400,-2.8460817337036133,-3.340003728866577,-2.3521597385406494,1.1841882467269895,4.326964841860743e-05,169.92822265625,0.0159997940063476,601600,4.010666666666666,12.032
353,9425,-2.85782527923584,-3.334256410598755,-2.381394147872925,1.4855951070785522,4.260952754672554e-05,169.92822265625,0.0160000324249267,603200,4.021333333333334,12.064
353,9450,-2.8423104286193848,-3.355166435241699,-2.3294546604156494,1.4795738458633425,4.195364626681417e-05,169.92822265625,0.0159995555877685,604800,4.032,12.096
353,9475,-2.738622665405273,-3.3040902614593506,-2.1731553077697754,3.0816898345947266,4.13020304719432e-05,169.92822265625,0.0155203342437744,606400,4.042666666666666,12.128
353,9500,-2.6223840713500977,-3.3244564533233643,-1.920311689376831,5.259293079376221,4.065470588678849e-05,169.92822265625,0.0149991512298583,608000,4.053333333333334,12.16
353,9525,-2.854543447494507,-3.369361400604248,-2.3397254943847656,2.4189953804016118,4.001169806661623e-05,169.92822265625,0.015998363494873,609600,4.064,12.192
353,9550,-2.816793441772461,-3.3505194187164307,-2.283067464828491,1.5026369094848633,3.9373032396274144e-05,169.92822265625,0.0159952640533447,611200,4.074666666666666,12.224
353,9575,-2.854330062866211,-3.3418736457824707,-2.3667867183685303,2.168676376342773,3.873873408918933e-05,169.92822265625,0.0149989128112792,612800,4.085333333333334,12.256
353,9600,-2.8240835666656494,-3.355598211288452,-2.2925689220428467,1.2182669639587402,3.810882818637289e-05,172.21923828125,0.016190767288208,614400,4.096,12.288
353,9625,-2.840318202972412,-3.320194721221924,-2.3604416847229004,1.6973989009857178,3.748333955543128e-05,172.21923828125,0.0150032043457031,616000,4.1066666666666665,12.32
353,9650,-2.84524917602539,-3.3383498191833496,-2.352148532867432,1.1738165616989136,3.686229288958462e-05,172.21923828125,0.0159993171691894,617600,4.117333333333334,12.352
353,9675,-2.8376286029815674,-3.3409264087677,-2.3343307971954346,1.1397727727890017,3.624571270669192e-05,172.21923828125,0.0170726776123046,619200,4.128,12.384
353,9700,-2.869943618774414,-3.3651864528656006,-2.374701023101806,1.2791848182678225,3.563362334828305e-05,172.21923828125,0.0161142349243164,620800,4.1386666666666665,12.416
353,9725,-2.851569652557373,-3.347750186920166,-2.355389356613159,1.9979950189590452,3.502604897859772e-05,172.21923828125,0.0155079364776611,622400,4.149333333333334,12.448
353,9750,-2.8382301330566406,-3.3181040287017822,-2.358356237411499,1.3680717945098877,3.442301358363178e-05,172.21923828125,0.0160012245178222,624000,4.16,12.48
353,9775,371.8433532714844,739.7957763671875,3.8909270763397217,194.9208831787109,3.382454097019011e-05,172.21923828125,0.0160002708435058,625600,4.1706666666666665,12.512
353,9800,-2.8453288078308105,-3.339028835296631,-2.351628541946411,0.8812404870986938,3.323065476494667e-05,172.21923828125,0.0168955326080322,627200,4.181333333333333,12.544
353,9825,-2.8789215087890625,-3.365527391433716,-2.39231538772583,1.0103273391723633,3.2641378413511946e-05,172.21923828125,0.0159990787506103,628800,4.192,12.576
353,9850,-2.864859342575073,-3.35681676864624,-2.3729019165039062,1.1035617589950562,3.205673517950734e-05,172.21923828125,0.0160529613494873,630400,4.2026666666666666,12.608
353,9875,-2.872410297393799,-3.3486807346343994,-2.3961400985717773,1.1718443632125854,3.147674814364655e-05,172.21923828125,0.0150082111358642,632000,4.213333333333333,12.64
353,9900,-2.860567092895508,-3.3384103775024414,-2.382723808288574,1.0164037942886353,3.090144020282481e-05,172.21923828125,0.0159969329833984,633600,4.224,12.672
353,9925,-2.841676712036133,-3.3469481468200684,-2.3364052772521973,1.538885474205017,3.033083406921449e-05,172.21923828125,0.0169992446899414,635200,4.234666666666667,12.704
353,9950,-2.8604636192321777,-3.3466079235076904,-2.374319314956665,1.4225730895996094,2.976495226936866e-05,172.21923828125,0.0159952640533447,636800,4.245333333333333,12.736
353,9975,-2.7938241958618164,-3.3345842361450195,-2.253063917160034,1.6920177936553955,2.920381714333184e-05,172.21923828125,0.0161926746368408,638400,4.256,12.768
353,10000,-2.8378055095672607,-3.3715972900390625,-2.304013729095459,2.107927799224853,2.8647450843758023e-05,172.21923828125,0.0150799751281738,640000,4.266666666666667,12.8
353,10025,-2.815700054168701,-3.353588342666626,-2.2778120040893555,2.225693702697754,2.809587533503604e-05,172.21923828125,0.0160005092620849,641600,4.277333333333333,12.832
353,10050,-2.8666391372680664,-3.3494436740875244,-2.3838346004486084,1.477267146110535,2.754911239242253e-05,172.21923828125,0.0160963535308837,643200,4.288,12.864
353,10075,-2.691951274871826,-3.330755710601806,-2.0531466007232666,2.965566396713257,2.7007183601182293e-05,172.21923828125,0.0159986019134521,644800,4.298666666666667,12.896
353,10100,-2.830315589904785,-3.323011636734009,-2.3376193046569824,1.4825631380081177,2.6470110355736003e-05,172.21923828125,0.0160002708435058,646400,4.309333333333333,12.928
353,10125,-2.8682641983032227,-3.345930337905884,-2.3905982971191406,1.6613225936889648,2.593791385881587e-05,172.21923828125,0.0154175758361816,648000,4.32,12.96
353,10150,-2.786007881164551,-3.342395067214966,-2.229620933532715,1.6423834562301636,2.5410615120628223e-05,172.21923828125,0.0150182247161865,649600,4.330666666666667,12.992
353,10175,-2.8725409507751465,-3.34523606300354,-2.399845600128174,1.125782489776611,2.4888234958024428e-05,172.21923828125,0.0160088539123535,651200,4.341333333333333,13.024
353,10200,-2.838616847991944,-3.3495328426361084,-2.3277008533477783,1.1364431381225586,2.4370793993678834e-05,172.21923828125,0.0169994831085205,652800,4.352,13.056
353,10225,-2.877176284790039,-3.357761859893799,-2.3965907096862797,1.0177186727523804,2.385831265527472e-05,172.21923828125,0.016000747680664,654400,4.362666666666667,13.088
353,10250,-2.8453071117401123,-3.3385727405548096,-2.352041482925415,0.8231035470962524,2.3350811174697815e-05,172.21923828125,0.0160019397735595,656000,4.373333333333333,13.12
353,10275,-2.840585231781006,-3.333414316177368,-2.3477559089660645,1.5586525201797483,2.284830958723762e-05,172.21923828125,0.016505479812622,657600,4.384,13.152
353,10300,-2.778120756149292,-3.3361966609954834,-2.2200448513031006,2.497105360031128,2.235082773079628e-05,172.21923828125,0.0150008201599121,659200,4.394666666666667,13.184
353,10325,-2.717174530029297,-3.322986364364624,-2.1113626956939697,2.869844436645508,2.1858385245105774e-05,172.21923828125,0.0160009860992431,660800,4.405333333333333,13.216
353,10350,-2.850710153579712,-3.3449881076812744,-2.3564321994781494,0.7215074896812439,2.137100157095225e-05,172.21923828125,0.0168683528900146,662400,4.416,13.248
353,10375,-2.790332794189453,-3.314636707305908,-2.266028642654419,1.1813578605651855,2.088869594940853e-05,172.21923828125,0.0155284404754638,664000,4.426666666666667,13.28
353,10400,-2.851875305175781,-3.3467910289764404,-2.356959581375122,1.6854296922683716,2.041148742107477e-05,172.21923828125,0.015024185180664,665600,4.437333333333333,13.312
353,10425,-2.853933572769165,-3.351181983947754,-2.356685161590576,1.1610450744628906,1.9939394825326543e-05,172.21923828125,0.015000581741333,667200,4.448,13.344
353,10450,-2.8293259143829346,-3.3287160396575928,-2.3299357891082764,1.3526756763458252,1.947243679957119e-05,172.21923828125,0.0149972438812255,668800,4.458666666666667,13.376
353,10475,-2.8133978843688965,-3.336454391479492,-2.2903411388397217,1.5816365480422974,1.9010631778512036e-05,172.21923828125,0.0160000324249267,670400,4.469333333333333,13.408
353,10500,-2.8608486652374268,-3.33222770690918,-2.389469623565674,1.099156141281128,1.8553997993420536e-05,172.21923828125,0.0160000324249267,672000,4.48,13.44
353,10525,-2.7768430709838867,-3.234496116638184,-2.31919002532959,0.8390376567840576,1.8102553471416617e-05,172.21923828125,0.0165238380432128,673600,4.490666666666667,13.472
353,10550,-2.874264717102051,-3.350472450256348,-2.398056745529175,0.7333420515060425,1.76563160347571e-05,172.21923828125,0.0149993896484375,675200,4.501333333333333,13.504
353,10575,-2.6334104537963867,-3.3120455741882324,-1.95477557182312,2.8928492069244385,1.7215303300131792e-05,172.21923828125,0.0159990787506103,676800,4.512,13.536
353,10600,-2.843417167663574,-3.3326518535614014,-2.354182243347168,1.001441240310669,1.6779532677968347e-05,172.21923828125,0.0159981250762939,678400,4.522666666666667,13.568
353,10625,-2.7401411533355717,-3.3189589977264404,-2.161323308944702,2.159543752670288,1.6349021371744884e-05,172.21923828125,0.0169997215270996,680000,4.533333333333333,13.6
353,10650,-2.840828895568848,-3.3448612689971924,-2.336796760559082,1.0350247621536257,1.5923786377310484e-05,172.21923828125,0.0160000324249267,681600,4.544,13.632
353,10675,-2.802978515625,-3.3216888904571533,-2.284267902374268,1.7266273498535156,1.5503844482214697e-05,172.21923828125,0.0160021781921386,683200,4.554666666666667,13.664
353,10700,-2.59695816040039,-3.345078468322754,-1.8488380908966064,7.3344526290893555,1.5089212265044416e-05,172.21923828125,0.015000581741333,684800,4.565333333333333,13.696
353,10725,-2.880739688873291,-3.359069585800171,-2.402409553527832,1.237723708152771,1.4679906094769617e-05,172.21923828125,0.0160005092620849,686400,4.576,13.728
353,10750,-2.851090908050537,-3.3384835720062256,-2.3636982440948486,1.0263313055038452,1.4275942130097135e-05,172.21923828125,0.0159995555877685,688000,4.586666666666667,13.76
353,10775,-2.8410890102386475,-3.346521139144897,-2.335656881332397,1.899575471878052,1.3877336318832502e-05,172.21923828125,0.0159997940063476,689600,4.597333333333333,13.792
353,10800,-2.826601028442383,-3.3349928855896,-2.318208932876587,1.07026469707489,1.3484104397250666e-05,172.21923828125,0.0169999599456787,691200,4.608,13.824
353,10825,-2.848194122314453,-3.341620922088623,-2.354767084121704,0.978609025478363,1.3096261889474618e-05,172.21923828125,0.0170032978057861,692800,4.618666666666667,13.856
353,10850,-2.8038361072540283,-3.32056736946106,-2.287104845046997,1.023086428642273,1.27138241068624e-05,172.21923828125,0.0161075592041015,694400,4.629333333333333,13.888
353,10875,-2.843292713165283,-3.356983423233032,-2.329601764678955,2.493053674697876,1.2336806147402893e-05,172.21923828125,0.0159997940063476,696000,4.64,13.92
353,10900,-2.84209942817688,-3.3417112827301025,-2.342487573623657,1.1488990783691406,1.1965222895119472e-05,172.21923828125,0.0160009860992431,697600,4.650666666666667,13.952
353,10925,-2.86452579498291,-3.347118616104126,-2.3819327354431152,1.2488170862197876,1.1599089019482792e-05,172.21923828125,0.0159995555877685,699200,4.661333333333333,13.984
353,10950,-2.861772060394287,-3.3448750972747803,-2.378668785095215,1.0147403478622437,1.123841897483134e-05,172.21923828125,0.0149993896484375,700800,4.672,14.016
353,10975,-2.8587288856506348,-3.35898494720459,-2.3584725856781006,1.00469708442688,1.0883226999800834e-05,172.21923828125,0.0160000324249267,702400,4.682666666666667,14.048
353,11000,-2.8508310317993164,-3.340331077575684,-2.361330986022949,0.675584077835083,1.0533527116762322e-05,172.21923828125,0.0170774459838867,704000,4.693333333333333,14.08
353,11025,-2.799405813217163,-3.3297152519226074,-2.2690963745117188,1.2576504945755005,1.0189333131268378e-05,172.21923828125,0.0150003433227539,705600,4.704,14.112
353,11050,-2.834116220474243,-3.335800647735596,-2.33243179321289,1.2760238647460938,9.85065863150822e-06,172.21923828125,0.0159995555877685,707200,4.714666666666667,14.144
353,11075,-2.815170288085937,-3.3177077770233154,-2.3126325607299805,1.3792221546173096,9.517516987771194e-06,172.21923828125,0.0150001049041748,708800,4.725333333333333,14.176
353,11100,-2.8679842948913574,-3.3438236713409424,-2.3921446800231934,0.9410459995269777,9.189921351918909e-06,172.21923828125,0.0165069103240966,710400,4.736,14.208
353,11125,-2.8611748218536377,-3.3475472927093506,-2.374802350997925,0.9375641942024232,8.867884656866198e-06,172.21923828125,0.0160057544708251,712000,4.746666666666667,14.24
353,11150,-2.849581718444824,-3.3561179637908936,-2.343045234680176,0.96802419424057,8.551419616070354e-06,172.21923828125,0.0150008201599121,713600,4.757333333333333,14.272
353,11175,-2.818662166595459,-3.3557589054107666,-2.281565427780152,1.7118630409240725,8.240538723029278e-06,172.21923828125,0.0150022506713867,715200,4.768,14.304
353,11200,-2.8680672645568848,-3.35860538482666,-2.3775289058685303,0.8297532200813293,7.935254250788381e-06,172.21923828125,0.0155065059661865,716800,4.778666666666667,14.336
353,11225,-2.7694149017333984,-3.3499135971069336,-2.1889162063598637,1.9085596799850464,7.63557825145584e-06,172.21923828125,0.0155088901519775,718400,4.789333333333333,14.368
353,11250,-2.843071222305298,-3.349289894104004,-2.336852550506592,1.3879905939102173,7.341522555726983e-06,172.21923828125,0.0170001983642578,720000,4.8,14.4
353,11275,-2.89039945602417,-3.352328062057495,-2.4284706115722656,0.7166545987129211,7.053098772417199e-06,172.21923828125,0.0159990787506103,721600,4.810666666666667,14.432
353,11300,-2.829973697662353,-3.337701797485352,-2.3222455978393555,1.7629648447036743,6.770318288003568e-06,172.21923828125,0.0160095691680908,723200,4.8213333333333335,14.464
353,11325,-2.853424549102783,-3.3446877002716064,-2.36216139793396,0.9400713443756104,6.493192266175461e-06,172.21923828125,0.0159986019134521,724800,4.832,14.496
353,11350,7.533098220825195,17.37112808227539,-2.304932117462158,14.105300903320312,6.221731647393633e-06,172.21923828125,0.016209602355957,726400,4.842666666666666,14.528
353,11375,-2.84456205368042,-3.346353054046631,-2.342771053314209,1.3973945379257202,5.955947148458546e-06,172.21923828125,0.0165903568267822,728000,4.8533333333333335,14.56
353,11400,-2.8661017417907715,-3.3437302112579346,-2.3884732723236084,1.3074206113815308,5.695849262087133e-06,172.21923828125,0.0160002708435058,729600,4.864,14.592
353,11425,-2.8799517154693604,-3.3665342330932617,-2.393369197845459,0.6864113211631775,5.44144825649855e-06,172.21923828125,0.0160014629364013,731200,4.874666666666666,14.624
353,11450,-2.845512866973877,-3.323027372360229,-2.3679986000061035,1.3618292808532717,5.1927541750089065e-06,172.21923828125,0.0159993171691894,732800,4.8853333333333335,14.656
353,11475,-2.815391063690185,-3.333092212677002,-2.29768967628479,1.086327075958252,4.949776835634754e-06,172.21923828125,0.0170481204986572,734400,4.896,14.688
353,11500,-2.8605432510375977,-3.3438942432403564,-2.37719202041626,0.65687096118927,4.712525830705343e-06,172.21923828125,0.0150010585784912,736000,4.906666666666666,14.72
353,11525,-2.83646011352539,-3.347187757492065,-2.325732707977295,0.9035742282867432,4.481010526484133e-06,172.21923828125,0.0154790878295898,737600,4.917333333333334,14.752
353,11550,-2.8598649501800537,-3.354504108428955,-2.3652257919311523,0.8113480806350708,4.255240062798906e-06,172.21923828125,0.015002965927124,739200,4.928,14.784
353,11575,-2.8681788444519043,-3.3462703227996826,-2.390087366104126,0.8344766497612,4.035223352681009e-06,172.21923828125,0.0170011520385742,740800,4.938666666666666,14.816
353,11600,-2.881487369537353,-3.364409685134888,-2.39856505393982,0.6593079566955566,3.820969082013435e-06,172.21923828125,0.0161783695220947,742400,4.949333333333334,14.848
353,11625,-2.904553174972534,-3.3632595539093018,-2.4458467960357666,0.7340293526649475,3.612485709187904e-06,172.21923828125,0.015998363494873,744000,4.96,14.88
353,11650,-2.775202751159668,-3.331871509552002,-2.218533992767334,1.814629077911377,3.409781464770997e-06,172.21923828125,0.0150001049041748,745600,4.970666666666666,14.912
353,11675,-2.787689208984375,-3.3249549865722656,-2.2504231929779053,1.3894551992416382,3.2128643511791904e-06,172.21923828125,0.0159986019134521,747200,4.981333333333334,14.944
353,11700,-2.856778621673584,-3.3376693725585938,-2.375887870788574,0.7556218504905701,3.021742142362971e-06,172.21923828125,0.0169975757598876,748800,4.992,14.976
353,11725,-2.809213161468506,-3.346944808959961,-2.271481513977051,1.2673951387405396,2.8364223834999045e-06,172.21923828125,0.017003059387207,750400,5.002666666666666,15.008
353,11750,-2.858163356781006,-3.3326449394226074,-2.383681535720825,0.9116361737251282,2.656912390696692e-06,172.21923828125,0.0157651901245117,752000,5.013333333333334,15.04
353,11775,-2.845860004425049,-3.3404266834259038,-2.3512930870056152,0.8485870361328125,2.48321925070054e-06,172.21923828125,0.0159997940063476,753600,5.024,15.072
353,11800,-2.778076648712158,-3.32178258895874,-2.2343709468841557,1.0055885314941406,2.3153498206191997e-06,172.21923828125,0.0159997940063476,755200,5.034666666666666,15.104
353,11825,-2.858680725097656,-3.358065605163574,-2.359295606613159,0.7462269067764282,2.153310727650293e-06,172.21923828125,0.0150010585784912,756800,5.045333333333334,15.136
353,11850,-2.855064392089844,-3.3518595695495605,-2.358269214630127,0.9763860702514648,1.997108368819795e-06,172.21923828125,0.0159990787506103,758400,5.056,15.168
353,11875,-2.836120128631592,-3.33329439163208,-2.3389456272125244,1.0315364599227903,1.846748910729352e-06,172.21923828125,0.0151338577270507,760000,5.066666666666666,15.2
353,11900,-2.854396104812622,-3.354670286178589,-2.3541219234466557,1.402957320213318,1.702238289312908e-06,172.21923828125,0.016000747680664,761600,5.077333333333334,15.232
353,11925,-2.8351919651031494,-3.340303659439087,-2.330080270767212,1.074409246444702,1.5635822096023614e-06,172.21923828125,0.0159778594970703,763200,5.088,15.264
353,11950,-2.78225326538086,-3.327723503112793,-2.236783027648926,2.121596097946167,1.4307861455023229e-06,172.21923828125,0.0160188674926757,764800,5.0986666666666665,15.296
353,11975,-2.88613510131836,-3.3524763584136963,-2.4197938442230225,0.8687966465950012,1.3038553395740287e-06,172.21923828125,0.0165061950683593,766400,5.109333333333334,15.328
353,12000,-2.8811585903167725,-3.358747720718384,-2.403569459915161,0.823695957660675,1.1827948028283352e-06,172.21923828125,0.0155196189880371,768000,5.12,15.36
353,12025,-2.82193374633789,-3.3430843353271484,-2.300783395767212,1.4061987400054932,1.0676093145279451e-06,172.21923828125,0.0160140991210937,769600,5.1306666666666665,15.392
353,12050,-2.820611953735352,-3.338627338409424,-2.3025965690612797,0.9617378115653992,9.583034219987406e-07,172.21923828125,0.0165073871612548,771200,5.141333333333334,15.424
353,12075,-2.8849844932556152,-3.3480632305145264,-2.421905517578125,0.6885022521018982,8.548814404501615e-07,172.21923828125,0.0155107975006103,772800,5.152,15.456
353,12100,-2.862349033355713,-3.3593862056732178,-2.365311861038208,0.6910256147384644,7.573474528049741e-07,172.21923828125,0.0155093669891357,774400,5.1626666666666665,15.488
353,12125,-2.8593125343322754,-3.3355817794799805,-2.3830435276031494,0.5381525754928589,6.657053095380006e-07,172.21923828125,0.015000581741333,776000,5.173333333333333,15.52
353,12150,-2.846137762069702,-3.330428123474121,-2.361847400665283,0.9442521929740906,5.799586285241241e-07,172.21923828125,0.0150017738342285,777600,5.184,15.552
353,12175,-2.862287998199463,-3.3325135707855225,-2.3920624256134038,0.5492973923683167,5.001107948955194e-07,172.21923828125,0.0159997940063476,779200,5.1946666666666665,15.584
353,12200,-2.8613171577453613,-3.331515073776245,-2.3911194801330566,0.6010376214981079,4.261649609079096e-07,172.21923828125,0.0160002708435058,780800,5.205333333333333,15.616
353,12225,-2.868017196655273,-3.3302388191223145,-2.4057958126068115,0.9184569716453552,3.581240458162158e-07,172.21923828125,0.0160009860992431,782400,5.216,15.648
353,12250,-2.862226963043213,-3.3367221355438232,-2.3877320289611816,0.9654942750930786,2.959907357592659e-07,172.21923828125,0.0150003433227539,784000,5.226666666666667,15.68
353,12275,-2.8342623710632324,-3.338319540023804,-2.33020544052124,1.4093432426452637,2.3976748365374655e-07,172.21923828125,0.0160090923309326,785600,5.237333333333333,15.712
353,12300,-2.73948335647583,-3.170114517211914,-2.308852195739746,1.3473834991455078,1.8945650909737974e-07,172.21923828125,0.0165810585021972,787200,5.248,15.744
353,12325,-2.8694748878479004,-3.3479909896850586,-2.390958786010742,0.5539999604225159,1.4505979828129388e-07,172.21923828125,0.0160000324249267,788800,5.258666666666667,15.776
353,12350,-2.834650039672852,-3.3291831016540527,-2.3401169776916504,0.74577397108078,1.0657910391161916e-07,172.21923828125,0.0157325267791748,790400,5.269333333333333,15.808
353,12375,-2.8397555351257324,-3.331685304641724,-2.347825765609741,0.6660414338111877,7.401594514025994e-08,172.21923828125,0.0160028934478759,792000,5.28,15.84
353,12400,-2.776919364929199,-3.3156416416168213,-2.238197088241577,0.9351394176483154,4.737160750500896e-08,172.21923828125,0.0159997940063476,793600,5.290666666666667,15.872
353,12425,11.442950248718262,25.2473258972168,-2.361425876617432,18.354127883911133,2.664714287865518e-08,172.21923828125,0.0160000324249267,795200,5.301333333333333,15.904
353,12450,-2.854659080505371,-3.347161293029785,-2.362156867980957,0.6467775702476501,1.1843369427583228e-08,172.21923828125,0.0149998664855957,796800,5.312,15.936
353,12475,-2.842581987380981,-3.3225505352020264,-2.3626134395599365,1.1664379835128784,2.9608715794326963e-09,172.21923828125,0.016000747680664,798400,5.322666666666667,15.968
353,12500,-2.845594882965088,-3.3537983894348145,-2.3373916149139404,0.6789259314537048,0.0,172.21923828125,0.0165636539459228,800000,5.333333333333333,16.0
