chunk_bytes,final_partial_bytes,mode,record_count,save_count,save_every_records,save_seconds,state_seconds,state_writes_per_save,total_seconds,total_serialized_bytes
0,1076667,full_rewrite,500,500,1,6.970745700105908,3.2081661002885085,2,10.19875910000701,269698138
0,1076667,full_rewrite,500,50,10,0.6848631999600912,0.2683932999789249,2,0.9553211000020383,27453686
0,1076667,full_rewrite,500,10,50,0.1686046999966493,0.05546619997767266,2,0.22449629999755416,5921102
0,1076667,full_rewrite,500,5,100,0.07914810000511352,0.03111569998145569,2,0.11046199999691453,3229647
1808500,0,chunk,500,500,1,1.5128054001834244,2.446277100156294,1,3.9781674000114435,1808500
1107650,0,chunk,500,50,10,0.1573871000582585,0.2437814999721013,1,0.40320830000564456,1107650
1077950,0,chunk,500,10,50,0.05180889999610372,0.04824409997672774,1,0.10045009999885224,1077950
1075075,0,chunk,500,5,100,0.036096700001508,0.02405089998501353,1,0.06038029999763239,1075075
