{
  "schema_version": "ecir-mvr-stage-d2-bootstrap-v1",
  "draws": 10000,
  "seed": 42,
  "baseline": "v4_selected",
  "validation_only": true,
  "test_records_read": 0,
  "comparisons": {
    "C_ADDITIVE_DEPLOYED": {
      "bond_outlier_rate": {
        "mean": -0.005997564151883097,
        "ci95_low": -0.008031134311668546,
        "ci95_high": -0.004080487088859055
      },
      "bond_outlier_magnitude": {
        "mean": -0.12315343446517363,
        "ci95_low": -0.14260251549398525,
        "ci95_high": -0.10469012302852936
      },
      "angle_outlier_rate": {
        "mean": 0.0008220720971003519,
        "ci95_low": 0.0004460000468185503,
        "ci95_high": 0.001216057504108211
      },
      "ring_bond_outlier_rate": {
        "mean": 0.0010926422774791848,
        "ci95_low": -6.337805557994668e-05,
        "ci95_high": 0.0023407280083745847
      },
      "total_thresholded_validity_score": {
        "mean": -0.03482251631102165,
        "ci95_low": -0.04128728404691755,
        "ci95_high": -0.028500582332871713
      },
      "aligned_RMSD": {
        "mean": 0.00017864112183451294,
        "ci95_low": 0.00012258215472102065,
        "ci95_high": 0.00023524843323975242
      },
      "MAT_P": {
        "mean": 0.00017864216864108673,
        "ci95_low": 0.00012253106590360502,
        "ci95_high": 0.00023623226843773912
      },
      "MAT_R": {
        "mean": 0.00013523674011229226,
        "ci95_low": 7.234600782392361e-05,
        "ci95_high": 0.00019939729273317548
      },
      "COV_P": {
        "mean": 0.0,
        "ci95_low": 0.0,
        "ci95_high": 0.0
      },
      "COV_R": {
        "mean": -6.666667759416832e-05,
        "ci95_low": -0.00020000003278253917,
        "ci95_high": 1.8346435481930713e-17
      }
    },
    "B_BOND_ONLY": {
      "bond_outlier_rate": {
        "mean": 0.00847055025398734,
        "ci95_low": 0.00684689008658755,
        "ci95_high": 0.01013795926785099
      },
      "bond_outlier_magnitude": {
        "mean": 0.005917103900574157,
        "ci95_low": -0.002832792617869549,
        "ci95_high": 0.014066469791647985
      },
      "angle_outlier_rate": {
        "mean": 0.0012076246850192891,
        "ci95_low": 0.0008650309531018482,
        "ci95_high": 0.0015596392344683799
      },
      "ring_bond_outlier_rate": {
        "mean": 0.0006035641878843439,
        "ci95_low": -0.0004378490597009537,
        "ci95_high": 0.0016914422467351087
      },
      "total_thresholded_validity_score": {
        "mean": 0.012096500860083341,
        "ci95_low": 0.00852493237354108,
        "ci95_high": 0.01561119034336154
      },
      "aligned_RMSD": {
        "mean": -0.00012992258369922996,
        "ci95_low": -0.00016480920538306887,
        "ci95_high": -9.43673152476607e-05
      },
      "MAT_P": {
        "mean": -0.00012992174923420318,
        "ci95_low": -0.00016564815565944625,
        "ci95_high": -9.383092112838995e-05
      },
      "MAT_R": {
        "mean": -0.00021479380130769065,
        "ci95_low": -0.00025638917386532837,
        "ci95_high": -0.00017141523659231113
      },
      "COV_P": {
        "mean": 0.0,
        "ci95_low": 0.0,
        "ci95_high": 0.0
      },
      "COV_R": {
        "mean": 1.6556200854722648e-17,
        "ci95_low": 1.4266018921738067e-17,
        "ci95_high": 1.892930256985892e-17
      }
    },
    "A_CARTESIAN_ONLY": {
      "bond_outlier_rate": {
        "mean": 0.009892280481755762,
        "ci95_low": 0.008275040390063104,
        "ci95_high": 0.01155231872629377
      },
      "bond_outlier_magnitude": {
        "mean": 0.03837338352017106,
        "ci95_low": 0.030549374400498368,
        "ci95_high": 0.04636279472741299
      },
      "angle_outlier_rate": {
        "mean": 0.0007555604819208727,
        "ci95_low": 0.00039282265147197833,
        "ci95_high": 0.001139848039904642
      },
      "ring_bond_outlier_rate": {
        "mean": 0.0030972280576825276,
        "ci95_low": 0.0015591895090416217,
        "ci95_high": 0.004757067760638906
      },
      "total_thresholded_validity_score": {
        "mean": 0.023612069567768932,
        "ci95_low": 0.019533858786494915,
        "ci95_high": 0.027784810007988672
      },
      "aligned_RMSD": {
        "mean": -0.00037877018377185224,
        "ci95_low": -0.0004165240091271683,
        "ci95_high": -0.00034218415394426054
      },
      "MAT_P": {
        "mean": -0.0003787707500159777,
        "ci95_low": -0.00041621687337756554,
        "ci95_high": -0.00034171132594346153
      },
      "MAT_R": {
        "mean": -0.0005548430681228762,
        "ci95_low": -0.0006007639765739593,
        "ci95_high": -0.0005088784813881043
      },
      "COV_P": {
        "mean": 0.0,
        "ci95_low": 0.0,
        "ci95_high": 0.0
      },
      "COV_R": {
        "mean": 1.6556200854722648e-17,
        "ci95_low": 1.4266018921738067e-17,
        "ci95_high": 1.892930256985892e-17
      }
    },
    "H_NON_RING_BOND_HEAD_ONLY": {
      "bond_outlier_rate": {
        "mean": -0.004547473892569514,
        "ci95_low": -0.006572038169391426,
        "ci95_high": -0.0026706359989009535
      },
      "bond_outlier_magnitude": {
        "mean": -0.10289403791585937,
        "ci95_low": -0.12117311772092944,
        "ci95_high": -0.08527647295513889
      },
      "angle_outlier_rate": {
        "mean": 0.0013217290174216375,
        "ci95_low": 0.0009190097054699759,
        "ci95_high": 0.0017428607596317656
      },
      "ring_bond_outlier_rate": {
        "mean": 0.0034419250339269773,
        "ci95_low": 0.0019059724252671127,
        "ci95_high": 0.005100446990318607
      },
      "total_thresholded_validity_score": {
        "mean": -0.025105379868317172,
        "ci95_low": -0.031119142087268424,
        "ci95_high": -0.019173523371045786
      },
      "aligned_RMSD": {
        "mean": 7.273350656032205e-05,
        "ci95_low": 1.9110422953956497e-05,
        "ci95_high": 0.00012707105334847018
      },
      "MAT_P": {
        "mean": 7.273229211568465e-05,
        "ci95_low": 1.9055013358593897e-05,
        "ci95_high": 0.00012836473956703717
      },
      "MAT_R": {
        "mean": -7.484650611878685e-05,
        "ci95_low": -0.0001322595357894998,
        "ci95_high": -1.7592945694929756e-05
      },
      "COV_P": {
        "mean": 0.0,
        "ci95_low": 0.0,
        "ci95_high": 0.0
      },
      "COV_R": {
        "mean": -6.666667759416832e-05,
        "ci95_low": -0.00020000003278253917,
        "ci95_high": 1.8346435481930713e-17
      }
    },
    "D_CARTESIAN_BOND_SUBSPACE_REMOVED": {
      "bond_outlier_rate": {
        "mean": 0.008468041911721258,
        "ci95_low": 0.006846319079212873,
        "ci95_high": 0.010136520426906674
      },
      "bond_outlier_magnitude": {
        "mean": 0.005871523056179294,
        "ci95_low": -0.0028767366056330498,
        "ci95_high": 0.01396246661245823
      },
      "angle_outlier_rate": {
        "mean": 0.00042391540575775966,
        "ci95_low": 0.00013317989278587957,
        "ci95_high": 0.0007239451196277856
      },
      "ring_bond_outlier_rate": {
        "mean": 0.0006035641878843439,
        "ci95_low": -0.0004378490597009537,
        "ci95_high": 0.0016914422467351087
      },
      "total_thresholded_validity_score": {
        "mean": 0.010646431772883507,
        "ci95_low": 0.007027103703438983,
        "ci95_high": 0.014253540862726592
      },
      "aligned_RMSD": {
        "mean": -8.297839760780693e-05,
        "ci95_low": -0.0001209283445030509,
        "ci95_high": -4.3767176941038464e-05
      },
      "MAT_P": {
        "mean": -8.298128843307863e-05,
        "ci95_low": -0.00012191475331783922,
        "ci95_high": -4.421333968640645e-05
      },
      "MAT_R": {
        "mean": -0.00015368568897248557,
        "ci95_low": -0.00019708127677442534,
        "ci95_high": -0.00010731764137746706
      },
      "COV_P": {
        "mean": 0.0,
        "ci95_low": 0.0,
        "ci95_high": 0.0
      },