{
  "schema_version": "ecir-mvr-medium-schedule-v4-checkpoint-selection-v1",
  "policy": "all_preregistered_accuracy_safety_high_flex_then_validity",
  "validity_closeness_rounding_decimals": 6,
  "training_completed": true,
  "preregistered_steps": [
    500,
    1000,
    1500,
    2000,
    3000,
    5000,
    7500,
    10000
  ],
  "qualified_checkpoint_count": 8,
  "selected_step": 1500,
  "selected_checkpoint": "E:\\3dconformergenerationcode\\4dadapter\\logs_ecir_mvr\\medium\\run_a_seed42_schedule_v4_10k\\checkpoints\\step001500.ckpt",
  "selected_checkpoint_sha256": "f94c317f4e12c559058e26f9842317770179ed3e9cbc07c0a21ec681fed94197",
  "selected_metrics": {
    "learning_rate": 0.000195123551753,
    "validity_delta": -0.0846890300683126,
    "max_core_relative_improvement": 0.099976635535669,
    "mean_displacement": 0.001952196657428,
    "identity_fraction": 1.0,
    "rmsd_delta": 0.0007454580068588,
    "mat_p_delta": 0.0007454568445682,
    "mat_r_delta": 0.0009503256082534,
    "high_flex_validity_delta": -0.0855991276701453,
    "high_flex_rmsd_delta": 0.0007788200619751,
    "unseen_validity_delta": -0.1882947907719814,
    "unseen_rmsd_delta": 0.0013904838636515
  },
  "test_records_read": 0
}