partition,seed,molecule_id,source_index,source_ba_objective,ba_ba_objective,bac_ba_objective,source_violation_count,ba_violation_count,bac_violation_count,source_penetration_sum,ba_penetration_sum,bac_penetration_sum,source_catastrophic,ba_catastrophic,bac_catastrophic,active_steric_count,fallback,rejected,trust_clipped,backtracking_fraction,rms,atom_max,chirality_preserved,ring_nonregression
dev_a,173,CCN1CCN(c2cc3c(cc2F)c(=O)c(S(=O)(=O)c2ccccc2)cn3C)CC1,0,-2.354809025516372,-2.5470492502088886,-2.5470492502088886,0,0,0,0.0,0.0,0.0,0,0,0,0,0,0,0,1.0,0.003000000000000008,0.007649092632467971,1,1
dev_a,173,CCN1CCN(c2cc3c(cc2F)c(=O)c(S(=O)(=O)c2ccccc2)cn3C)CC1,1,-2.3006179134452482,-2.51797013658327,-2.51797013658327,0,0,0,0.0,0.0,0.0,0,0,0,0,0,0,1,1.0,0.002999999999999993,0.008690756775122477,1,1
dev_a,173,CCN1CCN(c2cc3c(cc2F)c(=O)c(S(=O)(=O)c2ccccc2)cn3C)CC1,2,-2.396209585364974,-2.585796724150279,-2.585796724150279,0,0,0,0.0,0.0,0.0,0,0,0,0,0,0,0,1.0,0.0029999999999999836,0.0072842328892414295,1,1
dev_a,173,O=C1CCC(_C=C_c2ccccc2)=NN1Cc1ccc(Cl)c(Cl)c1,0,-2.7439255648885728,-2.8909235669489535,-2.8909235669489535,0,0,0,0.0,0.0,0.0,0,0,0,0,0,0,0,1.0,0.0030000000000000113,0.007837673093815131,1,1
dev_a,173,O=C1CCC(_C=C_c2ccccc2)=NN1Cc1ccc(Cl)c(Cl)c1,1,-2.6826186867764363,-2.854025593378756,-2.854025593378756,0,0,0,0.0,0.0,0.0,0,0,0,0,0,0,0,1.0,0.0030000000000000417,0.007908726525140287,1,1
dev_a,173,O=C1CCC(_C=C_c2ccccc2)=NN1Cc1ccc(Cl)c(Cl)c1,2,-2.6522033381857293,-2.835814343160904,-2.835814343160904,0,0,0,0.0,0.0,0.0,0,0,0,0,0,0,1,1.0,0.003,0.008022593640698395,1,1
dev_a,173,CCc1nnc(NC(=O)CSc2nnc(Cc3cccn3C)n2CCOC)s1,0,-2.3807853110833825,-2.5295473180245107,-2.5295473180245107,0,0,0,0.0,0.0,0.0,0,0,0,0,0,0,0,1.0,0.00299999999999998,0.00862963716274285,1,1
dev_a,173,CCc1nnc(NC(=O)CSc2nnc(Cc3cccn3C)n2CCOC)s1,1,-2.488082230087468,-2.6100112339450554,-2.6100112339450554,0,0,0,0.0,0.0,0.0,0,0,0,0,0,0,0,1.0,0.0030000000000000118,0.0077572402094310865,1,1
dev_a,173,CCc1nnc(NC(=O)CSc2nnc(Cc3cccn3C)n2CCOC)s1,2,-2.3551689603952344,-2.4911690050241244,-2.4911690050241244,0,0,0,0.0,0.0,0.0,0,0,0,0,0,0,0,1.0,0.0030000000000000074,0.007097156138231668,1,1
dev_a,173,Fc1ccc(CN2CCCCCCC2)c(F)c1,0,-2.283904502296457,-2.283904502296457,-2.3452741631246568,0,0,0,0.0,0.0,0.0,0,0,0,0,0,0,0,0.25,0.0007500000000000144,0.0017405245168415403,1,1
dev_a,173,Fc1ccc(CN2CCCCCCC2)c(F)c1,1,-2.39574420250755,-2.5255059067839083,-2.5255059067839083,0,0,0,0.0,0.0,0.0,0,0,0,0,0,0,1,1.0,0.003000000000000016,0.006221167589322211,1,1
dev_a,173,Fc1ccc(CN2CCCCCCC2)c(F)c1,2,-2.4445841804363515,-2.644628703478927,-2.644628703478927,0,0,0,0.0,0.0,0.0,0,0,0,0,0,0,0,1.0,0.0029999999999999944,0.006809174903759933,1,1
dev_a,173,O=C(O)CCc1ccc(-c2ccc(Br)cc2)n1NC(=O)c1ccc([N+](=O)[O-])cc1,0,-2.633468632201239,-2.792071732697071,-2.792071732697071,0,0,0,0.0,0.0,0.0,0,0,0,0,0,0,0,1.0,0.002999999999999985,0.005827130158956721,1,1
dev_a,173,O=C(O)CCc1ccc(-c2ccc(Br)cc2)n1NC(=O)c1ccc([N+](=O)[O-])cc1,1,-2.6655587395918383,-2.802756771894591,-2.802756771894591,0,0,0,0.0,0.0,0.0,0,0,0,0,0,0,0,1.0,0.003000000000000019,0.00866104143648017,1,1
dev_a,173,O=C(O)CCc1ccc(-c2ccc(Br)cc2)n1NC(=O)c1ccc([N+](=O)[O-])cc1,2,-2.499356579909392,-2.686357143643077,-2.686357143643077,0,0,0,0.0,0.0,0.0,0,0,0,0,0,0,1,1.0,0.0029999999999999966,0.009402400495393811,1,1
dev_a,173,Cc1ccc2oc(=O)c3cc(C(=O)NCCN4CCc5ccccc5C4)sc3c2c1,0,-2.2352367948027734,-2.4631360504132616,-2.4631360504132616,0,0,0,0.0,0.0,0.0,0,0,0,0,0,0,0,1.0,0.0029999999999999693,0.00801087135554195,1,1
dev_a,173,Cc1ccc2oc(=O)c3cc(C(=O)NCCN4CCc5ccccc5C4)sc3c2c1,1,-2.339915857757674,-2.5452760403209256,-2.5452760403209256,0,0,0,0.0,0.0,0.0,0,0,0,0,0,0,0,1.0,0.0029999999999999944,0.008395825737636262,1,1
dev_a,173,Cc1ccc2oc(=O)c3cc(C(=O)NCCN4CCc5ccccc5C4)sc3c2c1,2,-2.5300212041008914,-2.7108097483657616,-2.7108097483657616,0,0,0,0.0,0.0,0.0,0,0,0,0,0,0,0,1.0,0.003000000000000024,0.008296840141197442,1,1
dev_a,173,CC(C)(C)NC(=O)C(c1ccccn1)N(C(=O)c1csnn1)C1CCCC1,0,-2.5230619952165565,-2.5230619952165565,-2.6060951750503802,0,0,0,0.0,0.0,0.0,0,0,0,0,0,0,1,0.5,0.0014999999999999781,0.004282854849797938,1,1
dev_a,173,CC(C)(C)NC(=O)C(c1ccccn1)N(C(=O)c1csnn1)C1CCCC1,1,-2.5228457249663094,-2.6633529671812233,-2.6633529671812233,0,0,0,0.0,0.0,0.0,0,0,0,0,0,0,0,1.0,0.0029999999999999966,0.0068331950272221605,1,1
dev_a,173,CC(C)(C)NC(=O)C(c1ccccn1)N(C(=O)c1csnn1)C1CCCC1,2,-2.4139997982391326,-2.584694349440733,-2.584694349440733,0,0,0,0.0,0.0,0.0,0,0,0,0,0,0,0,1.0,0.002999999999999989,0.007038099651016085,1,1
dev_a,173,CCCN(CCC)c1nc(N)nc(-c2cc(Cl)ccc2OC)n1,0,-2.5119897209967528,-2.695126860091526,-2.695126860091526,0,0,0,0.0,0.0,0.0,0,0,0,0,0,0,1,1.0,0.0030000000000000135,0.007637583363614653,1,1
dev_a,173,CCCN(CCC)c1nc(N)nc(-c2cc(Cl)ccc2OC)n1,1,-2.5766530256638474,-2.7405520916893202,-2.7405520916893202,0,0,0,0.0,0.0,0.0,0,0,0,0,0,0,1,1.0,0.0030000000000000014,0.007605253042750052,1,1
dev_a,173,CCCN(CCC)c1nc(N)nc(-c2cc(Cl)ccc2OC)n1,2,-1.9465669493976903,-2.12045332812371,-2.12045332812371,0,0,0,0.0,0.0,0.0,0,0,0,0,0,0,0,1.0,0.0030000000000000313,0.009610725845755222,1,1
dev_a,173,CSc1nc2ccc(NC(=O)CSc3nnc(N)s3)cc2s1,0,-2.3508534309865503,-2.5183818780503238,-2.5183818780503238,0,0,0,0.0,0.0,0.0,0,0,0,0,0,0,1,1.0,0.002999999999999985,0.00992262212069858,1,1
dev_a,173,CSc1nc2ccc(NC(=O)CSc3nnc(N)s3)cc2s1,1,-2.480804232537903,-2.5984912847202315,-2.5984912847202315,0,0,0,0.0,0.0,0.0,0,0,0,0,0,0,1,1.0,0.0029999999999999996,0.007279853432116893,1,1
dev_a,173,CSc1nc2ccc(NC(=O)CSc3nnc(N)s3)cc2s1,2,-2.4510624190628367,-2.5921024986126016,-2.5921024986126016,0,0,0,0.0,0.0,0.0,0,0,0,0,0,0,0,1.0,0.0029999999999999966,0.009278589750394937,1,1
dev_a,173,COc1cc(_C=C_C(=O)OCC(=O)N2CCCCCC2)ccc1OCC#N,0,-2.2666487313519257,-2.459041272147613,-2.459041272147613,0,0,0,0.0,0.0,0.0,0,0,0,0,0,0,1,1.0,0.003000000000000015,0.007190284599401553,1,1
dev_a,173,COc1cc(_C=C_C(=O)OCC(=O)N2CCCCCC2)ccc1OCC#N,1,-2.2429666122100866,-2.441906584591828,-2.441906584591828,0,0,0,0.0,0.0,0.0,0,0,0,0,0,0,0,1.0,0.0030000000000000326,0.007737349109761585,1,1
dev_a,173,COc1cc(_C=C_C(=O)OCC(=O)N2CCCCCC2)ccc1OCC#N,2,-2.2568931459140495,-2.4641200390340603,-2.4641200390340603,0,0,0,0.0,0.0,0.0,0,0,0,0,0,0,1,1.0,0.0030000000000000126,0.007771040521699717,1,1
dev_a,173,Cc1cccc(NC(=S)NC2CC3C=CC2C3)c1,0,-1.277616234480237,-1.4548739696445145,-1.4548739696445145,0,0,0,0.0,0.0,0.0,0,0,0,0,0,0,0,1.0,0.0029999999999999975,0.00790357346441017,1,1
dev_a,173,Cc1cccc(NC(=S)NC2CC3C=CC2C3)c1,1,-1.0117353813763934,-1.1774141140191325,-1.1774141140191325,0,0,0,0.0,0.0,0.0,0,0,0,0,0,0,0,1.0,0.0029999999999999905,0.006720372107414659,1,1
dev_a,173,Cc1cccc(NC(=S)NC2CC3C=CC2C3)c1,2,-1.2405522893827543,-1.4202272674420784,-1.4202272674420784,0,0,0,0.0,0.0,0.0,0,0,0,0,0,0,1,1.0,0.003000000000000006,0.008211176615388033,1,1
dev_a,173,CC(C)Sc1ccc(C(=O)Nc2ccc(F)cc2F)cn1,0,-2.617095056205926,-2.8215652126664734,-2.8215652126664734,0,0,0,0.0,0.0,0.0,0,0,0,0,0,0,1,1.0,0.0029999999999999988,0.007326062636314781,1,1
dev_a,173,CC(C)Sc1ccc(C(=O)Nc2ccc(F)cc2F)cn1,1,-2.6052444886516977,-2.8242026617211744,-2.8242026617211744,0,0,0,0.0,0.0,0.0,0,0,0,0,0,0,1,1.0,0.0030000000000000343,0.006989029086842347,1,1
dev_a,173,CC(C)Sc1ccc(C(=O)Nc2ccc(F)cc2F)cn1,2,-2.606038134800871,-2.8123617589205603,-2.8123617589205603,0,0,0,0.0,0.0,0.0,0,0,0,0,0,0,0,1.0,0.002999999999999988,0.007135306487674011,1,1
dev_a,173,CN1CCN(C(=O)c2ccccc2NC(=O)CCN2C(=O)c3ccccc3C2=O)CC1,0,-2.43619814935702,-2.612824419563688,-2.612824419563688,0,0,0,0.0,0.0,0.0,0,0,0,0,0,0,0,1.0,0.0030000000000000035,0.0071001151723999985,1,1
dev_a,173,CN1CCN(C(=O)c2ccccc2NC(=O)CCN2C(=O)c3ccccc3C2=O)CC1,1,-2.426059507759852,-2.5786649540694566,-2.5786649540694566,0,0,0,0.0,0.0,0.0,0,0,0,0,0,0,0,1.0,0.0030000000000000005,0.007152795682847688,1,1
dev_a,173,CN1CCN(C(=O)c2ccccc2NC(=O)CCN2C(=O)c3ccccc3C2=O)CC1,2,-2.3525583453516825,-2.5601418449591367,-2.5601418449591367,0,0,0,0.0,0.0,0.0,0,0,0,0,0,0,0,1.0,0.002999999999999969,0.007738547382591349,1,1
dev_a,173,Cc1ccn2c(NCc3ccccc3)c(-c3cccs3)nc2c1,0,-2.286126967648433,-2.4708373113858606,-2.4708373113858606,0,0,0,0.0,0.0,0.0,0,0,0,0,0,0,1,1.0,0.003000000000000014,0.009727817569305854,1,1
dev_a,173,Cc1ccn2c(NCc3ccccc3)c(-c3cccs3)nc2c1,1,-2.35542786082976,-2.5164701821922413,-2.5164701821922413,0,0,0,0.0,0.0,0.0,0,0,0,0,0,0,0,1.0,0.003000000000000008,0.006097757374310511,1,1
dev_a,173,Cc1ccn2c(NCc3ccccc3)c(-c3cccs3)nc2c1,2,-2.2835175269355372,-2.4698854022560175,-2.4698854022560175,0,0,0,0.0,0.0,0.0,0,0,0,0,0,0,0,1.0,0.0029999999999999784,0.006900635015555675,1,1
dev_a,173,C_C(CC(=O)NCc1ccco1)=N\NC(=O)CC#N,0,-2.5996184299893583,-2.6979268494989235,-2.6979268494989235,0,0,0,0.0,0.0,0.0,0,0,0,0,0,0,0,1.0,0.003000000000000016,0.006520700037374041,1,1
dev_a,173,C_C(CC(=O)NCc1ccco1)=N\NC(=O)CC#N,1,-2.539795663242031,-2.6788718748673075,-2.6788718748673075,0,0,0,0.0,0.0,0.0,0,0,0,0,0,0,0,1.0,0.003000000000000012,0.0081504912262572,1,1
dev_a,173,C_C(CC(=O)NCc1ccco1)=N\NC(=O)CC#N,2,-2.595137662854957,-2.738734285991146,-2.738734285991146,0,0,0,0.0,0.0,0.0,0,0,0,0,0,0,0,1.0,0.002999999999999997,0.00732473295314612,1,1
dev_a,173,Cc1ccccc1NC(=O)CN1C(=O)COc2ccc(S(=O)(=O)N3CCCC3)cc21,0,-2.565942271995923,-2.711563073041651,-2.711563073041651,0,0,0,0.0,0.0,0.0,0,0,0,0,0,0,0,1.0,0.0030000000000000135,0.006648678281972188,1,1
dev_a,173,Cc1ccccc1NC(=O)CN1C(=O)COc2ccc(S(=O)(=O)N3CCCC3)cc21,1,-2.4431511090759463,-2.6323983473414483,-2.6323983473414483,0,0,0,0.0,0.0,0.0,0,0,0,0,0,0,1,1.0,0.0029999999999999996,0.007691361299978877,1,1
dev_a,173,Cc1ccccc1NC(=O)CN1C(=O)COc2ccc(S(=O)(=O)N3CCCC3)cc21,2,-2.276612353923452,-2.534531392121168,-2.534531392121168,0,0,0,0.0,0.0,0.0,0,0,0,0,0,0,0,1.0,0.0030000000000000066,0.008003818387306334,1,1
dev_a,173,CN1C2C=C3C(C#N)=C(N)C(C#N)(C#N)[C@@H](c4ccc(Cl)cc4)[C@@H]3C1CC2,0,-1.9701460240327697,-2.206031877234489,-2.206031877234489,0,0,0,0.0,0.0,0.0,0,0,0,0,0,0,0,1.0,0.0030000000000000053,0.008636459119565322,1,1
dev_a,173,CN1C2C=C3C(C#N)=C(N)C(C#N)(C#N)[C@@H](c4ccc(Cl)cc4)[C@@H]3C1CC2,1,-1.7498071795405887,-2.0346978387695334,-2.0346978387695334,0,0,0,0.0,0.0,0.0,0,0,0,0,0,0,1,1.0,0.0030000000000000022,0.007863687368885345,1,1
dev_a,173,CN1C2C=C3C(C#N)=C(N)C(C#N)(C#N)[C@@H](c4ccc(Cl)cc4)[C@@H]3C1CC2,2,-1.8719517734964741,-2.0533287331301437,-2.0533287331301437,0,0,0,0.0,0.0,0.0,0,0,0,0,0,0,0,1.0,0.003000000000000012,0.0074545446802937315,1,1
dev_a,173,CCOc1cc(NC(=S)NCCCN2CCOCC2)c(OCC)cc1NC(=O)C1CCCCC1,0,-2.5367105790747293,-2.7123888908607334,-2.7123888908607334,0,0,0,0.0,0.0,0.0,0,0,0,0,0,0,0,1.0,0.003000000000000021,0.009443754035425137,1,1
dev_a,173,CCOc1cc(NC(=S)NCCCN2CCOCC2)c(OCC)cc1NC(=O)C1CCCCC1,1,-2.5495484325617204,-2.7330370446353234,-2.7330370446353234,0,0,0,0.0,0.0,0.0,0,0,0,0,0,0,1,1.0,0.0030000000000000105,0.010457692336705928,1,1
dev_a,173,CCOc1cc(NC(=S)NCCCN2CCOCC2)c(OCC)cc1NC(=O)C1CCCCC1,2,-2.4322512697949543,-2.6408917002710957,-2.6408917002710957,0,0,0,0.0,0.0,0.0,0,0,0,0,0,0,0,1.0,0.002999999999999998,0.011586915106418632,1,1
dev_a,173,O=C(CN1CCN(C(=O)C2CCCO2)CC1)Nc1ccc(Br)cc1,0,-2.44057630361905,-2.44057630361905,-2.5545697804780745,0,0,0,0.0,0.0,0.0,0,0,0,0,0,0,1,0.5,0.001500000000000048,0.00380659246939191,1,1
dev_a,173,O=C(CN1CCN(C(=O)C2CCCO2)CC1)Nc1ccc(Br)cc1,1,-2.545435638855227,-2.738256836067042,-2.738256836067042,0,0,0,0.0,0.0,0.0,0,0,0,0,0,0,0,1.0,0.0030000000000000348,0.008320950521751325,1,1
dev_a,173,O=C(CN1CCN(C(=O)C2CCCO2)CC1)Nc1ccc(Br)cc1,2,-2.7085163493397286,-2.8348890206842055,-2.8348890206842055,0,0,0,0.0,0.0,0.0,0,0,0,0,0,0,0,1.0,0.003000000000000015,0.006201239608471097,1,1
dev_a,173,COc1ccc(C2[NH2+]C(c3ccc(OC)c(OC)c3OC)C(C)C(=O)C2C)c(OC)c1OC,0,-2.0846951775324056,-2.0846951775324056,-2.159024868838846,0,0,0,0.0,0.0,0.0,0,0,0,0,0,0,1,0.25,0.0007499999999999843,0.002313298456909838,1,1
dev_a,173,COc1ccc(C2[NH2+]C(c3ccc(OC)c(OC)c3OC)C(C)C(=O)C2C)c(OC)c1OC,1,-2.1901493200852773,-2.4179145123743453,-2.4179145123743453,0,0,0,0.0,0.0,0.0,0,0,0,0,0,0,1,1.0,0.0029999999999999884,0.009253283860499574,1,1
dev_a,173,COc1ccc(C2[NH2+]C(c3ccc(OC)c(OC)c3OC)C(C)C(=O)C2C)c(OC)c1OC,2,-2.208779265501838,-2.208779265501838,-2.2729727064000356,0,0,0,0.0,0.0,0.0,0,0,0,0,0,0,0,0.25,0.0007499999999999915,0.002240246095925154,1,1
dev_a,173,CCOC(=O)c1cnc2c(CC)cccc2c1NCCN1CCOCC1,0,-2.4984361004545947,-2.720976568357463,-2.720976568357463,0,0,0,0.0,0.0,0.0,0,0,0,0,0,0,0,1.0,0.003000000000000006,0.00763646884950119,1,1
dev_a,173,CCOC(=O)c1cnc2c(CC)cccc2c1NCCN1CCOCC1,1,-2.369740307490674,-2.5952099419601997,-2.5952099419601997,0,0,0,0.0,0.0,0.0,0,0,0,0,0,0,0,1.0,0.0029999999999999693,0.006664189447804001,1,1
dev_a,173,CCOC(=O)c1cnc2c(CC)cccc2c1NCCN1CCOCC1,2,-2.4069276225176215,-2.668322948282255,-2.668322948282255,0,0,0,0.0,0.0,0.0,0,0,0,0,0,0,0,1.0,0.0029999999999999914,0.008024805365327148,1,1
dev_a,173,COc1ccc(CNC(=O)CN(c2cc(C)cc(C)c2)S(=O)(=O)c2c(C)noc2C)cc1,0,-2.686373375945947,-2.8322343467201776,-2.8322343467201776,0,0,0,0.0,0.0,0.0,0,0,0,0,0,0,1,1.0,0.003000000000000034,0.007260585101409968,1,1
dev_a,173,COc1ccc(CNC(=O)CN(c2cc(C)cc(C)c2)S(=O)(=O)c2c(C)noc2C)cc1,1,-2.5686352970582034,-2.772873674032853,-2.772873674032853,0,0,0,0.0,0.0,0.0,0,0,0,0,0,0,0,1.0,0.0029999999999999944,0.008001554539588994,1,1
dev_a,173,COc1ccc(CNC(=O)CN(c2cc(C)cc(C)c2)S(=O)(=O)c2c(C)noc2C)cc1,2,-2.6769521161676186,-2.8414201081119215,-2.8414201081119215,0,0,0,0.0,0.0,0.0,0,0,0,0,0,0,0,1.0,0.0029999999999999996,0.0063396577383039235,1,1
dev_a,173,COC(=O)c1cc(OC)c(OC)cc1NC(=O)CSc1ccccc1,0,-2.379180226562311,-2.5510870615244743,-2.5510870615244743,0,0,0,0.0,0.0,0.0,0,0,0,0,0,0,0,1.0,0.003000000000000006,0.0108107022285839,1,1
dev_a,173,COC(=O)c1cc(OC)c(OC)cc1NC(=O)CSc1ccccc1,1,-2.3319123488084577,-2.541436875244359,-2.541436875244359,0,0,0,0.0,0.0,0.0,0,0,0,0,0,0,0,1.0,0.003000000000000004,0.006509719126764089,1,1
dev_a,173,COC(=O)c1cc(OC)c(OC)cc1NC(=O)CSc1ccccc1,2,-2.3139559162657624,-2.541990936547509,-2.541990936547509,0,0,0,0.0,0.0,0.0,0,0,0,0,0,0,1,1.0,0.0030000000000000256,0.00914454006039499,1,1
dev_a,173,CCOC(=O)c1sc(NC(=O)CCC(=O)O)nc1C,0,-2.598421512694923,-2.731531544232519,-2.731531544232519,0,0,0,0.0,0.0,0.0,0,0,0,0,0,0,1,1.0,0.003000000000000009,0.00674179789454261,1,1
dev_a,173,CCOC(=O)c1sc(NC(=O)CCC(=O)O)nc1C,1,-2.638319770312055,-2.748878388189572,-2.748878388189572,0,0,0,0.0,0.0,0.0,0,0,0,0,0,0,0,1.0,0.002999999999999979,0.0060590925010938265,1,1
dev_a,173,CCOC(=O)c1sc(NC(=O)CCC(=O)O)nc1C,2,-2.6881661184516847,-2.7803396119266397,-2.7803396119266397,0,0,0,0.0,0.0,0.0,0,0,0,0,0,0,0,1.0,0.0030000000000000256,0.007810095362551666,1,1
dev_a,173,CC(_C=C1\SC(=S)N(c2ccc(C(=O)O)cc2)C1=O)=C\c1ccccc1,0,-2.720211681906328,-2.831902900852806,-2.831902900852806,0,0,0,0.0,0.0,0.0,0,0,0,0,0,0,0,1.0,0.002999999999999994,0.008273769148977667,1,1
dev_a,173,CC(_C=C1\SC(=S)N(c2ccc(C(=O)O)cc2)C1=O)=C\c1ccccc1,1,-2.7663644297405208,-2.9098017605154642,-2.9098017605154642,0,0,0,0.0,0.0,0.0,0,0,0,0,0,0,0,1.0,0.00299999999999998,0.007165623198855459,1,1
dev_a,173,CC(_C=C1\SC(=S)N(c2ccc(C(=O)O)cc2)C1=O)=C\c1ccccc1,2,-2.6546803503534804,-2.839924429386982,-2.839924429386982,0,0,0,0.0,0.0,0.0,0,0,0,0,0,0,0,1.0,0.0030000000000000287,0.006371022378536577,1,1
dev_a,173,CC(C(=O)NCC1CCCCC1)N1CCN(S(=O)(=O)_C=C_c2ccccc2)CC1,0,-2.5237450332468763,-2.7249753717848115,-2.7249753717848115,0,0,0,0.0,0.0,0.0,0,0,0,0,0,0,0,1.0,0.0030000000000000022,0.006691082702758373,1,1
dev_a,173,CC(C(=O)NCC1CCCCC1)N1CCN(S(=O)(=O)_C=C_c2ccccc2)CC1,1,-2.622611415395773,-2.7991914644328597,-2.7991914644328597,0,0,0,0.0,0.0,0.0,0,0,0,0,0,0,1,1.0,0.002999999999999982,0.008108071257585654,1,1
dev_a,173,CC(C(=O)NCC1CCCCC1)N1CCN(S(=O)(=O)_C=C_c2ccccc2)CC1,2,-2.7476757429509178,-2.878966184081974,-2.878966184081974,0,0,0,0.0,0.0,0.0,0,0,0,0,0,0,0,1.0,0.0029999999999999844,0.007023268666283758,1,1
dev_a,173,Cc1c(Cc2ccc3c(c2)OCO3)sc(NC(=O)c2cccc3ccccc23)c1C(N)=O,0,-2.4101026294791774,-2.6765887592826765,-2.6197774194196675,1,0,0,0.002485643637746282,0.0,0.0,0,0,0,1,0,0,0,1.0,0.003000000000000011,0.012435551112880838,1,1
dev_a,173,Cc1c(Cc2ccc3c(c2)OCO3)sc(NC(=O)c2cccc3ccccc23)c1C(N)=O,1,-2.4224932215865334,-2.67909725441627,-2.620943317016648,1,1,1,0.025338302978592075,0.02338935478926807,0.0030264906103583122,0,0,0,1,0,0,0,1.0,0.00299999999999996,0.011857088708508623,1,1
dev_a,173,Cc1c(Cc2ccc3c(c2)OCO3)sc(NC(=O)c2cccc3ccccc23)c1C(N)=O,2,-2.5623139895793585,-2.775943659103585,-2.775943659103585,0,0,0,0.0,0.0,0.0,0,0,0,0,0,0,0,1.0,0.0030000000000000087,0.007822373520541662,1,1
dev_a,173,COc1ccccc1N(C(=O)c1snc(C(N)=O)c1N)C(C(=O)NCc1ccccc1)c1ccc(O)cc1,0,-2.3960186240487005,-2.6340535633944144,-2.6340535633944144,0,0,0,0.0,0.0,0.0,0,0,0,0,0,0,0,1.0,0.003000000000000011,0.007069833478323749,1,1
dev_a,173,COc1ccccc1N(C(=O)c1snc(C(N)=O)c1N)C(C(=O)NCc1ccccc1)c1ccc(O)cc1,1,-2.363611128731467,-2.5771134220150134,-2.5771134220150134,0,0,0,0.0,0.0,0.0,0,0,0,0,0,0,0,1.0,0.00300000000000002,0.008310296565461383,1,1
dev_a,173,COc1ccccc1N(C(=O)c1snc(C(N)=O)c1N)C(C(=O)NCc1ccccc1)c1ccc(O)cc1,2,-2.468110122567043,-2.6713858386538787,-2.6713858386538787,0,0,0,0.0,0.0,0.0,0,0,0,0,0,0,0,1.0,0.0029999999999999897,0.007985833825089465,1,1
dev_a,173,O=[N+]([O-])C(Br)(CO)CO,0,-2.14428422295926,-2.330882763630612,-2.330882763630612,0,0,0,0.0,0.0,0.0,0,0,0,0,0,0,0,1.0,0.0030000000000000187,0.006631398291779998,1,1
dev_a,173,O=[N+]([O-])C(Br)(CO)CO,1,-1.811231165699454,-2.1347697131405683,-2.1347697131405683,0,0,0,0.0,0.0,0.0,0,0,0,0,0,0,1,1.0,0.002999999999999989,0.007406871369328637,1,1
dev_a,173,O=[N+]([O-])C(Br)(CO)CO,2,-0.9239069594366004,-1.411752074169823,-1.411752074169823,0,0,0,0.0,0.0,0.0,0,0,0,0,0,0,1,1.0,0.0029999999999999996,0.007222590544708803,1,1
dev_a,173,COc1ccc2c(OCc3nnc4ccc(-c5ccccc5)nn34)ccnc2c1,0,-2.388390238212617,-2.592097707571278,-2.592097707571278,0,0,0,0.0,0.0,0.0,0,0,0,0,0,0,1,1.0,0.003000000000000008,0.009045699472142166,1,1
dev_a,173,COc1ccc2c(OCc3nnc4ccc(-c5ccccc5)nn34)ccnc2c1,1,-2.3897078642912932,-2.5631511711463446,-2.5631511711463446,0,0,0,0.0,0.0,0.0,0,0,0,0,0,0,1,1.0,0.0030000000000000256,0.007268905047006633,1,1
dev_a,173,COc1ccc2c(OCc3nnc4ccc(-c5ccccc5)nn34)ccnc2c1,2,-2.2026838821825825,-2.4722152422245705,-2.4722152422245705,0,0,0,0.0,0.0,0.0,0,0,0,0,0,0,1,1.0,0.003000000000000006,0.007490918076844264,1,1
dev_a,173,CC(C)CC(NS(=O)(=O)c1ccc2c(c1)oc(=O)n2C)C(=O)N1CC=C(c2ccccc2)CC1,0,-2.327342095542263,-2.5934569312725047,-2.5934569312725047,0,0,0,0.0,0.0,0.0,0,0,0,0,0,0,0,1.0,0.00299999999999995,0.007963630212846073,1,1
dev_a,173,CC(C)CC(NS(=O)(=O)c1ccc2c(c1)oc(=O)n2C)C(=O)N1CC=C(c2ccccc2)CC1,1,-2.352922162122405,-2.581479912520108,-2.581479912520108,0,0,0,0.0,0.0,0.0,0,0,0,0,0,0,0,1.0,0.0029999999999999975,0.008073852891551839,1,1
dev_a,173,CC(C)CC(NS(=O)(=O)c1ccc2c(c1)oc(=O)n2C)C(=O)N1CC=C(c2ccccc2)CC1,2,-2.480446905843885,-2.660644201782758,-2.660644201782758,0,0,0,0.0,0.0,0.0,0,0,0,0,0,0,0,1.0,0.003000000000000006,0.00813882539541231,1,1
dev_a,173,O=C(NCCc1ccccc1)C1CCCN(S(=O)(=O)c2cccs2)C1,0,-2.528730495027024,-2.7205234051303946,-2.7205234051303946,0,0,0,0.0,0.0,0.0,0,0,0,0,0,0,0,1.0,0.0030000000000000057,0.009583006476824963,1,1
dev_a,173,O=C(NCCc1ccccc1)C1CCCN(S(=O)(=O)c2cccs2)C1,1,-2.5443100802292173,-2.5443100802292173,-2.608393007957315,0,0,0,0.0,0.0,0.0,0,0,0,0,0,0,1,0.25,0.0007499999999999898,0.0023705743544570144,1,1
dev_a,173,O=C(NCCc1ccccc1)C1CCCN(S(=O)(=O)c2cccs2)C1,2,-2.5912695534557306,-2.808083445532713,-2.808083445532713,0,0,0,0.0,0.0,0.0,0,0,0,0,0,0,0,1.0,0.0029999999999999975,0.011819410962050098,1,1
dev_a,173,COc1cc(C(=O)OCC(=O)N2CCOCC2)c([N+](=O)[O-])cc1OC,0,-2.325775323749343,-2.5576155641700256,-2.5576155641700256,0,0,0,0.0,0.0,0.0,0,0,0,0,0,0,1,1.0,0.003000000000000005,0.007092643204041014,1,1
dev_a,173,COc1cc(C(=O)OCC(=O)N2CCOCC2)c([N+](=O)[O-])cc1OC,1,-2.4248940735910853,-2.6321959539583872,-2.6321959539583872,0,0,0,0.0,0.0,0.0,0,0,0,0,0,0,1,1.0,0.00300000000000001,0.009752524715271953,1,1
dev_a,173,COc1cc(C(=O)OCC(=O)N2CCOCC2)c([N+](=O)[O-])cc1OC,2,-2.294496634239066,-2.465172279969407,-2.465172279969407,0,0,0,0.0,0.0,0.0,0,0,0,0,0,0,0,1.0,0.002999999999999991,0.008328294569304763,1,1
dev_a,173,CCC1(C)Cc2c(sc3[nH]c(=O)[nH]c(=O)c23)CS1,0,-2.3109436917022768,-2.4523276021495146,-2.4523276021495146,0,0,0,0.0,0.0,0.0,0,0,0,0,0,0,0,1.0,0.0029999999999999914,0.0070842905318970984,1,1
dev_a,173,CCC1(C)Cc2c(sc3[nH]c(=O)[nH]c(=O)c23)CS1,1,-2.2930033318140746,-2.439499352612172,-2.439499352612172,0,0,0,0.0,0.0,0.0,0,0,0,0,0,0,0,1.0,0.002999999999999994,0.006322943246557687,1,1
dev_a,173,CCC1(C)Cc2c(sc3[nH]c(=O)[nH]c(=O)c23)CS1,2,-2.2561540942695104,-2.400829902991224,-2.400829902991224,0,0,0,0.0,0.0,0.0,0,0,0,0,0,0,1,1.0,0.003000000000000004,0.0067077887295540215,1,1
dev_a,173,COc1ccc([N+](=O)[O-])cc1N(CC(=O)N1CCCCC1)S(C)(=O)=O,0,-2.6215338206885765,-2.779176635562836,-2.779176635562836,0,0,0,0.0,0.0,0.0,0,0,0,0,0,0,1,1.0,0.0029999999999999866,0.009643463540884547,1,1
dev_a,173,COc1ccc([N+](=O)[O-])cc1N(CC(=O)N1CCCCC1)S(C)(=O)=O,1,-2.6264240390597164,-2.7918820519269625,-2.7918820519269625,0,0,0,0.0,0.0,0.0,0,0,0,0,0,0,0,1.0,0.002999999999999993,0.006564761900690789,1,1
dev_a,173,COc1ccc([N+](=O)[O-])cc1N(CC(=O)N1CCCCC1)S(C)(=O)=O,2,-2.44918428440233,-2.44918428440233,-2.5081950843699246,0,0,0,0.0,0.0,0.0,0,0,0,0,0,0,1,0.25,0.0007500000000000036,0.002154817222064475,1,1
dev_a,173,Cc1cc(NC(=O)CN2C(=O)CC(c3ccco3)Sc3ccccc32)no1,0,-2.7316903214547485,-2.836268427808543,-2.836268427808543,0,0,0,0.0,0.0,0.0,0,0,0,0,0,0,0,1.0,0.0029999999999999957,0.006655779004679911,1,1
dev_a,173,Cc1cc(NC(=O)CN2C(=O)CC(c3ccco3)Sc3ccccc32)no1,1,-2.468581875676318,-2.637149042586154,-2.637149042586154,0,0,0,0.0,0.0,0.0,0,0,0,0,0,0,1,1.0,0.0029999999999999975,0.007415040761503505,1,1
dev_a,173,Cc1cc(NC(=O)CN2C(=O)CC(c3ccco3)Sc3ccccc32)no1,2,-2.6001384947688084,-2.7647649225931272,-2.7647649225931272,0,0,0,0.0,0.0,0.0,0,0,0,0,0,0,0,1.0,0.0030000000000000157,0.009430517127092246,1,1
dev_a,173,CC1(C)C2([N+](=O)[O-])CN3CC1([N+](=O)[O-])CN(C2)C3c1ccccc1,0,-2.3861039380777553,-2.6243612801005085,-2.6243612801005085,0,0,0,0.0,0.0,0.0,0,0,0,0,0,0,0,1.0,0.0030000000000000005,0.00856291953504543,1,1
dev_a,173,CC1(C)C2([N+](=O)[O-])CN3CC1([N+](=O)[O-])CN(C2)C3c1ccccc1,1,-2.4014198982403254,-2.6407516227076298,-2.6407516227076298,0,0,0,0.0,0.0,0.0,0,0,0,0,0,0,1,1.0,0.0029999999999999914,0.007505963403416084,1,1
dev_a,173,CC1(C)C2([N+](=O)[O-])CN3CC1([N+](=O)[O-])CN(C2)C3c1ccccc1,2,-2.5144741270796174,-2.7358548000861767,-2.7358548000861767,0,0,0,0.0,0.0,0.0,0,0,0,0,0,0,0,1.0,0.0030000000000000014,0.0067596997572601245,1,1
dev_a,173,Cc1ccnc(N=Cc2nc(-c3ccccc3Br)oc2O)c1,0,-1.8254884186089344,-2.1408629969300694,-2.1408629969300694,0,0,0,0.0,0.0,0.0,0,0,0,0,0,0,0,1.0,0.00300000000000001,0.01194045787803893,1,1
dev_a,173,Cc1ccnc(N=Cc2nc(-c3ccccc3Br)oc2O)c1,1,-1.8199091332412085,-2.105695401102884,-2.105695401102884,0,0,0,0.0,0.0,0.0,0,0,0,0,0,0,0,1.0,0.002999999999999995,0.006764777913033852,1,1
dev_a,173,Cc1ccnc(N=Cc2nc(-c3ccccc3Br)oc2O)c1,2,-1.9674939391757196,-2.195621968895613,-2.195621968895613,0,0,0,0.0,0.0,0.0,0,0,0,0,0,0,0,1.0,0.0029999999999999988,0.009977293146581778,1,1
dev_a,173,C=CCN1CC[NH+](C(c2ccc(Cl)cc2)c2nnnn2CCc2ccc(OC)c(OC)c2)CC1,0,-2.5927036109479036,-2.7634269187287495,-2.7634269187287495,0,0,0,0.0,0.0,0.0,0,0,0,0,0,0,0,1.0,0.002999999999999994,0.007415500921448539,1,1
dev_a,173,C=CCN1CC[NH+](C(c2ccc(Cl)cc2)c2nnnn2CCc2ccc(OC)c(OC)c2)CC1,1,-2.5344872708809163,-2.7144320716928427,-2.7144320716928427,0,0,0,0.0,0.0,0.0,0,0,0,0,0,0,1,1.0,0.002999999999999978,0.008490160161935543,1,1
dev_a,173,C=CCN1CC[NH+](C(c2ccc(Cl)cc2)c2nnnn2CCc2ccc(OC)c(OC)c2)CC1,2,-2.5425818265263587,-2.730479496122727,-2.730479496122727,0,0,0,0.0,0.0,0.0,0,0,0,0,0,0,1,1.0,0.003000000000000008,0.007694339127715663,1,1
dev_a,173,O=C(COc1ccccc1[N+](=O)[O-])Nc1ccc2oc(=O)ccc2c1,0,-1.9380333348470298,-2.156693765242435,-2.156693765242435,0,0,0,0.0,0.0,0.0,0,0,0,0,0,0,1,1.0,0.0029999999999999914,0.006449816455840925,1,1
dev_a,173,O=C(COc1ccccc1[N+](=O)[O-])Nc1ccc2oc(=O)ccc2c1,1,-2.161475100109352,-2.3768982399331233,-2.3768982399331233,0,0,0,0.0,0.0,0.0,0,0,0,0,0,0,1,1.0,0.0029999999999999836,0.0058462854166783495,1,1
dev_a,173,O=C(COc1ccccc1[N+](=O)[O-])Nc1ccc2oc(=O)ccc2c1,2,-1.9689960110302964,-2.247761424155699,-2.247761424155699,0,0,0,0.0,0.0,0.0,0,0,0,0,0,0,0,1.0,0.003000000000000006,0.007936749083067764,1,1
dev_a,173,Cc1ccnc(N2CCC(C(=O)Nc3nnc(C)s3)CC2)n1,0,-2.436614504130482,-2.561205502417351,-2.561205502417351,0,0,0,0.0,0.0,0.0,0,0,0,0,0,0,0,1.0,0.002999999999999997,0.006594497831728106,1,1
dev_a,173,Cc1ccnc(N2CCC(C(=O)Nc3nnc(C)s3)CC2)n1,1,-2.6123098032311045,-2.740627077119677,-2.740627077119677,0,0,0,0.0,0.0,0.0,0,0,0,0,0,0,1,1.0,0.0030000000000000157,0.007012232432896912,1,1
dev_a,173,Cc1ccnc(N2CCC(C(=O)Nc3nnc(C)s3)CC2)n1,2,-2.610239897330572,-2.768925317330054,-2.768925317330054,0,0,0,0.0,0.0,0.0,0,0,0,0,0,0,1,1.0,0.0029999999999999875,0.00846257804816808,1,1
dev_a,173,O=C(CN1C(=O)COc2ccc(Cl)cc21)Nc1ccc(N2CCOCC2)cc1,0,-2.469728661818442,-2.6860136044755594,-2.6860136044755594,0,0,0,0.0,0.0,0.0,0,0,0,0,0,0,1,1.0,0.0030000000000000204,0.006709475862325595,1,1
dev_a,173,O=C(CN1C(=O)COc2ccc(Cl)cc21)Nc1ccc(N2CCOCC2)cc1,1,-2.59302531515801,-2.7894967286889023,-2.7894967286889023,0,0,0,0.0,0.0,0.0,0,0,0,0,0,0,0,1.0,0.003000000000000009,0.008088165767789634,1,1
dev_a,173,O=C(CN1C(=O)COc2ccc(Cl)cc21)Nc1ccc(N2CCOCC2)cc1,2,-2.440251410647856,-2.6822371901335886,-2.6822371901335886,0,0,0,0.0,0.0,0.0,0,0,0,0,0,0,1,1.0,0.002999999999999995,0.00752972830635328,1,1
dev_a,173,O=C(NNC(=O)c1cc2ccccc2cc1O)Nc1ccc(F)cc1F,0,-2.3859085378911065,-2.6604737440164046,-2.6604737440164046,0,0,0,0.0,0.0,0.0,0,0,0,0,0,0,1,1.0,0.0029999999999999914,0.007388970568967053,1,1
dev_a,173,O=C(NNC(=O)c1cc2ccccc2cc1O)Nc1ccc(F)cc1F,1,-2.529546697852522,-2.742328256380169,-2.742328256380169,0,0,0,0.0,0.0,0.0,0,0,0,0,0,0,0,1.0,0.0030000000000000044,0.00753381885055727,1,1
dev_a,173,O=C(NNC(=O)c1cc2ccccc2cc1O)Nc1ccc(F)cc1F,2,-2.596720192359495,-2.8148904236189676,-2.8148904236189676,0,0,0,0.0,0.0,0.0,0,0,0,0,0,0,0,1.0,0.0030000000000000027,0.00927327489050874,1,1
dev_a,173,CN(C)C(CNC(=O)c1cnc(Cl)c(Cl)c1)c1ccccc1,0,-2.722813957938114,-2.860221215344967,-2.860221215344967,0,0,0,0.0,0.0,0.0,0,0,0,0,0,0,1,1.0,0.0030000000000000243,0.0067828779109894355,1,1
dev_a,173,CN(C)C(CNC(=O)c1cnc(Cl)c(Cl)c1)c1ccccc1,1,-2.432369480380589,-2.6218966559082637,-2.6218966559082637,0,0,0,0.0,0.0,0.0,0,0,0,0,0,0,0,1.0,0.0030000000000000113,0.008759282693138918,1,1
dev_a,173,CN(C)C(CNC(=O)c1cnc(Cl)c(Cl)c1)c1ccccc1,2,-2.671299688902062,-2.829193033540318,-2.829193033540318,0,0,0,0.0,0.0,0.0,0,0,0,0,0,0,0,1.0,0.002999999999999993,0.007009717065857271,1,1
dev_a,173,N#CCN1CCN(c2ccc(C(F)(F)F)cc2)CC1,0,-2.8120658600872677,-2.964462584742729,-2.964462584742729,0,0,0,0.0,0.0,0.0,0,0,0,0,0,0,0,1.0,0.0030000000000000196,0.010328976149252721,1,1
dev_a,173,N#CCN1CCN(c2ccc(C(F)(F)F)cc2)CC1,1,-2.6321723272990862,-2.836670084724155,-2.836670084724155,0,0,0,0.0,0.0,0.0,0,0,0,0,0,0,0,1.0,0.0029999999999999905,0.007618765639219187,1,1
dev_a,173,N#CCN1CCN(c2ccc(C(F)(F)F)cc2)CC1,2,-2.811370376359537,-2.9271897868467214,-2.9271897868467214,0,0,0,0.0,0.0,0.0,0,0,0,0,0,0,1,1.0,0.003000000000000003,0.0073761565645218885,1,1
dev_a,173,CCOC(=O)N1CCN(S(=O)(=O)c2ccc([N+](=O)[O-])cc2)CC1,0,-2.6764743434056157,-2.863658219818088,-2.863658219818088,0,0,0,0.0,0.0,0.0,0,0,0,0,0,0,0,1.0,0.0030000000000000066,0.006815793126198177,1,1
dev_a,173,CCOC(=O)N1CCN(S(=O)(=O)c2ccc([N+](=O)[O-])cc2)CC1,1,-2.5036505337705126,-2.708096264157372,-2.708096264157372,0,0,0,0.0,0.0,0.0,0,0,0,0,0,0,0,1.0,0.0029999999999999892,0.008922027059973641,1,1
dev_a,173,CCOC(=O)N1CCN(S(=O)(=O)c2ccc([N+](=O)[O-])cc2)CC1,2,-2.6177441573368876,-2.813187979985871,-2.813187979985871,0,0,0,0.0,0.0,0.0,0,0,0,0,0,0,1,1.0,0.0030000000000000174,0.009191975543099955,1,1
dev_a,173,O=C(O)_C=C_c1ccc2c(c1)OCCO2,0,-2.1022100090057214,-2.3169131116404285,-2.3169131116404285,0,0,0,0.0,0.0,0.0,0,0,0,0,0,0,0,1.0,0.003000000000000011,0.006820920821053231,1,1
dev_a,173,O=C(O)_C=C_c1ccc2c(c1)OCCO2,1,-2.1895151061467195,-2.363264541732708,-2.363264541732708,0,0,0,0.0,0.0,0.0,0,0,0,0,0,0,0,1.0,0.0029999999999999797,0.006107958559266794,1,1
dev_a,173,O=C(O)_C=C_c1ccc2c(c1)OCCO2,2,-2.244539360656581,-2.394272805704903,-2.394272805704903,0,0,0,0.0,0.0,0.0,0,0,0,0,0,0,0,1.0,0.0029999999999999858,0.007166887236437767,1,1
dev_a,173,COc1ccc(-c2nc([NH2+]CCCN(C)C)c3ccccc3n2)cc1,0,-2.3989064355521506,-2.5909459292946613,-2.5909459292946613,0,0,0,0.0,0.0,0.0,0,0,0,0,0,0,0,1.0,0.002999999999999983,0.006692768478404374,1,1
dev_a,173,COc1ccc(-c2nc([NH2+]CCCN(C)C)c3ccccc3n2)cc1,1,-2.2798275046049863,-2.5338283820008347,-2.5338283820008347,0,0,0,0.0,0.0,0.0,0,0,0,0,0,0,1,1.0,0.0030000000000000187,0.009264397778179391,1,1
dev_a,173,COc1ccc(-c2nc([NH2+]CCCN(C)C)c3ccccc3n2)cc1,2,-2.3308964940995764,-2.557946399343866,-2.557946399343866,0,0,0,0.0,0.0,0.0,0,0,0,0,0,0,0,1.0,0.0029999999999999957,0.010052916211352798,1,1
dev_b,173,COc1ccc(NC(=O)C(F)(F)F)cc1OC,0,-2.0883711224130663,-2.3056068020175697,-2.3056068020175697,0,0,0,0.0,0.0,0.0,0,0,0,0,0,0,0,1.0,0.0030000000000000165,0.007584515057024019,1,1
dev_b,173,COc1ccc(NC(=O)C(F)(F)F)cc1OC,1,-2.2009399516818666,-2.356444053539987,-2.356444053539987,0,0,0,0.0,0.0,0.0,0,0,0,0,0,0,1,1.0,0.00300000000000002,0.007560569743848551,1,1
dev_b,173,COc1ccc(NC(=O)C(F)(F)F)cc1OC,2,-2.189571005636837,-2.362843103751799,-2.362843103751799,0,0,0,0.0,0.0,0.0,0,0,0,0,0,0,0,1.0,0.002999999999999995,0.00900809549712603,1,1
dev_b,173,c1cc2c(cc1-c1csc(N[NH2+]C3=NCCCCC3)n1)OCCO2,0,-0.9163956673124192,-1.253279603261686,-1.253279603261686,0,0,0,0.0,0.0,0.0,0,0,0,0,0,0,0,1.0,0.002999999999999986,0.0073256948157167335,1,1
dev_b,173,c1cc2c(cc1-c1csc(N[NH2+]C3=NCCCCC3)n1)OCCO2,1,-1.8263808914457702,-2.046532239149724,-2.046532239149724,0,0,0,0.0,0.0,0.0,0,0,0,0,0,0,1,1.0,0.0029999999999999905,0.006640673688115436,1,1
dev_b,173,c1cc2c(cc1-c1csc(N[NH2+]C3=NCCCCC3)n1)OCCO2,2,-1.7014159443421408,-1.975254390931054,-1.975254390931054,0,0,0,0.0,0.0,0.0,0,0,0,0,0,0,1,1.0,0.0029999999999999923,0.009460395195321955,1,1
dev_b,173,O=C(N_N=C_c1cccc2ccccc12)c1cc2ccccc2o1,0,-2.59942580332707,-2.812698768433176,-2.812698768433176,0,0,0,0.0,0.0,0.0,0,0,0,0,0,0,1,1.0,0.0029999999999999966,0.007577310165669316,1,1
dev_b,173,O=C(N_N=C_c1cccc2ccccc12)c1cc2ccccc2o1,1,-2.676712121527367,-2.8434789933479503,-2.8434789933479503,0,0,0,0.0,0.0,0.0,0,0,0,0,0,0,1,1.0,0.0029999999999999905,0.005966486463413261,1,1
dev_b,173,O=C(N_N=C_c1cccc2ccccc12)c1cc2ccccc2o1,2,-2.5029226275002445,-2.713029478927994,-2.713029478927994,0,0,0,0.0,0.0,0.0,0,0,0,0,0,0,0,1.0,0.0029999999999999996,0.006980097074350892,1,1
dev_b,173,CCCCNc1nc2ccccc2n1CC(=O)Nc1c(C)cccc1CC,0,-2.6674153361921134,-2.824088103375835,-2.824088103375835,0,0,0,0.0,0.0,0.0,0,0,0,0,0,0,1,1.0,0.002999999999999992,0.008772695201515962,1,1
dev_b,173,CCCCNc1nc2ccccc2n1CC(=O)Nc1c(C)cccc1CC,1,-2.6939269272148527,-2.830923775848567,-2.830923775848567,0,0,0,0.0,0.0,0.0,0,0,0,0,0,0,0,1.0,0.002999999999999982,0.008150246687427157,1,1
dev_b,173,CCCCNc1nc2ccccc2n1CC(=O)Nc1c(C)cccc1CC,2,-2.722273103430398,-2.84427573886361,-2.84427573886361,0,0,0,0.0,0.0,0.0,0,0,0,0,0,0,0,1.0,0.0030000000000000335,0.00715159443042649,1,1
dev_b,173,CCOC(=O)CSc1nc2cc(C(=O)N3CCC(C(N)=O)CC3)ccc2c(=O)n1C1CCCCC1,0,-2.4703458286371114,-2.4703458286371114,-2.5251720389092958,0,0,0,0.0,0.0,0.0,0,0,0,0,0,0,0,0.25,0.0007500000000000418,0.0022321979851220764,1,1
dev_b,173,CCOC(=O)CSc1nc2cc(C(=O)N3CCC(C(N)=O)CC3)ccc2c(=O)n1C1CCCCC1,1,-2.6542393726682265,-2.6542393726682265,-2.7905928427380124,1,1,1,0.10520807394297904,0.10520807394297904,0.08082074755835,0,0,0,1,0,0,0,1.0,0.00300000000000001,0.012492542817991422,1,1
dev_b,173,CCOC(=O)CSc1nc2cc(C(=O)N3CCC(C(N)=O)CC3)ccc2c(=O)n1C1CCCCC1,2,-2.5008044778185026,-2.5008044778185026,-2.548960456373387,1,1,1,0.17515284830336997,0.17515284830336997,0.16899537013965293,0,0,0,1,0,0,0,0.25,0.0007499999999999963,0.003107189706309665,1,1
dev_b,173,CCOC(=O)C1CCCN(C(=O)c2cc(Nc3ccc(OC)cc3)nc3ccccc23)C1,0,-2.47121566389933,-2.709822232577766,-2.709822232577766,0,0,0,0.0,0.0,0.0,0,0,0,0,0,0,0,1.0,0.003000000000000007,0.008053968876299188,1,1
dev_b,173,CCOC(=O)C1CCCN(C(=O)c2cc(Nc3ccc(OC)cc3)nc3ccccc23)C1,1,-2.6510026247095864,-2.8443809694992916,-2.8443809694992916,0,0,0,0.0,0.0,0.0,0,0,0,0,0,0,0,1.0,0.0030000000000000204,0.009214577277132081,1,1
dev_b,173,CCOC(=O)C1CCCN(C(=O)c2cc(Nc3ccc(OC)cc3)nc3ccccc23)C1,2,-2.4454749765990518,-2.650176812714853,-2.650176812714853,0,0,0,0.0,0.0,0.0,0,0,0,0,0,0,1,1.0,0.002999999999999968,0.006516541361013147,1,1
dev_b,173,Cc1ccc(N(C)C(=O)CCNC(=O)Cn2cnc3ccccc3c2=O)cc1C,0,-2.4144087051332086,-2.6413440961013412,-2.6413440961013412,0,0,0,0.0,0.0,0.0,0,0,0,0,0,0,0,1.0,0.0029999999999999996,0.007437769806443121,1,1
dev_b,173,Cc1ccc(N(C)C(=O)CCNC(=O)Cn2cnc3ccccc3c2=O)cc1C,1,-2.560628900074297,-2.750681849920997,-2.750681849920997,0,0,0,0.0,0.0,0.0,0,0,0,0,0,0,0,1.0,0.0029999999999999844,0.0058513922018313845,1,1
dev_b,173,Cc1ccc(N(C)C(=O)CCNC(=O)Cn2cnc3ccccc3c2=O)cc1C,2,-2.6900117329221356,-2.817800985018323,-2.817800985018323,0,0,0,0.0,0.0,0.0,0,0,0,0,0,0,0,1.0,0.0030000000000000005,0.007907717221110595,1,1
dev_b,173,COc1ccccc1NC(=O)_C(C#N)=C_c1cc([N+](=O)[O-])ccc1N1CCCC1,0,-1.9254454274321324,-2.1456490244928252,-2.1456490244928252,0,0,0,0.0,0.0,0.0,0,0,0,0,0,0,0,1.0,0.0030000000000000343,0.00678312690822137,1,1
dev_b,173,COc1ccccc1NC(=O)_C(C#N)=C_c1cc([N+](=O)[O-])ccc1N1CCCC1,1,-2.348257036070125,-2.5677712327053066,-2.5677712327053066,0,0,0,0.0,0.0,0.0,0,0,0,0,0,0,0,1.0,0.0029999999999999953,0.007070246889226108,1,1
dev_b,173,COc1ccccc1NC(=O)_C(C#N)=C_c1cc([N+](=O)[O-])ccc1N1CCCC1,2,-2.2832372902157676,-2.515768972626332,-2.515768972626332,0,0,0,0.0,0.0,0.0,0,0,0,0,0,0,0,1.0,0.0030000000000000014,0.007585450299940481,1,1
dev_b,173,Cc1nn(C)cc1CN(C)C(=O)c1cc(COc2ccc(F)cc2F)on1,0,-2.6640401606536566,-2.797119104237641,-2.797119104237641,0,0,0,0.0,0.0,0.0,0,0,0,0,0,0,0,1.0,0.002999999999999972,0.007712599281820934,1,1
dev_b,173,Cc1nn(C)cc1CN(C)C(=O)c1cc(COc2ccc(F)cc2F)on1,1,-2.3568578627625407,-2.5003344200564905,-2.5003344200564905,0,0,0,0.0,0.0,0.0,0,0,0,0,0,0,0,1.0,0.00300000000000002,0.00769438702075606,1,1
dev_b,173,Cc1nn(C)cc1CN(C)C(=O)c1cc(COc2ccc(F)cc2F)on1,2,-2.492647619677183,-2.610298173965393,-2.610298173965393,0,0,0,0.0,0.0,0.0,0,0,0,0,0,0,1,1.0,0.0030000000000000243,0.008134319788433996,1,1
dev_b,173,COc1ccc(C(=O)NCc2nnc(SCC(=O)N3CCc4ccccc43)o2)cc1OC,0,-2.1835650616491318,-2.372833173333341,-2.372833173333341,0,0,0,0.0,0.0,0.0,0,0,0,0,0,0,1,1.0,0.0029999999999999875,0.00804858921958742,1,1
dev_b,173,COc1ccc(C(=O)NCc2nnc(SCC(=O)N3CCc4ccccc43)o2)cc1OC,1,-2.050087271870989,-2.2889146342672984,-2.2889146342672984,0,0,0,0.0,0.0,0.0,0,0,0,0,0,0,1,1.0,0.0029999999999999988,0.007339514211576254,1,1
dev_b,173,COc1ccc(C(=O)NCc2nnc(SCC(=O)N3CCc4ccccc43)o2)cc1OC,2,-2.0261230176691796,-2.2364815950417687,-2.2364815950417687,0,0,0,0.0,0.0,0.0,0,0,0,0,0,0,1,1.0,0.0029999999999999892,0.009476569007996295,1,1
dev_b,173,O=C(Nc1cccc2ncccc12)c1cc(Br)ccc1Cl,0,-2.7175217535033576,-2.8573917712402634,-2.8573917712402634,0,0,0,0.0,0.0,0.0,0,0,0,0,0,0,0,1.0,0.00299999999999998,0.007421902321827952,1,1
dev_b,173,O=C(Nc1cccc2ncccc12)c1cc(Br)ccc1Cl,1,-2.72800254628438,-2.9516738839736822,-2.9516738839736822,0,0,0,0.0,0.0,0.0,0,0,0,0,0,0,0,1.0,0.0030000000000000213,0.006974261752325317,1,1
dev_b,173,O=C(Nc1cccc2ncccc12)c1cc(Br)ccc1Cl,2,-2.6899289612681105,-2.905081016934372,-2.905081016934372,0,0,0,0.0,0.0,0.0,0,0,0,0,0,0,0,1.0,0.0029999999999999923,0.0072232426723239885,1,1
dev_b,173,O=c1c(_C=N_O)coc2ccc3ccccc3c12,0,-1.5444004374292981,-1.826143381204306,-1.826143381204306,0,0,0,0.0,0.0,0.0,0,0,0,0,0,0,1,1.0,0.003000000000000009,0.006842630128046674,1,1
dev_b,173,O=c1c(_C=N_O)coc2ccc3ccccc3c12,1,-1.31603480818911,-1.6703262590838832,-1.6703262590838832,0,0,0,0.0,0.0,0.0,0,0,0,0,0,0,0,1.0,0.003000000000000028,0.00831103679223551,1,1
dev_b,173,O=c1c(_C=N_O)coc2ccc3ccccc3c12,2,-1.6197352431577683,-1.848265715998103,-1.848265715998103,0,0,0,0.0,0.0,0.0,0,0,0,0,0,0,0,1.0,0.002999999999999985,0.0069103295751432375,1,1
dev_b,173,O=C(_C=C_c1ccccc1Cl)Nc1ccncc1,0,-2.880062653939453,-2.9820389809176664,-2.9820389809176664,0,0,0,0.0,0.0,0.0,0,0,0,0,0,0,1,1.0,0.0030000000000000274,0.007180538734484305,1,1
dev_b,173,O=C(_C=C_c1ccccc1Cl)Nc1ccncc1,1,-2.79926340911853,-2.8719605308184937,-2.8719605308184937,0,0,0,0.0,0.0,0.0,0,0,0,0,0,0,0,1.0,0.002999999999999964,0.00764258465317323,1,1
dev_b,173,O=C(_C=C_c1ccccc1Cl)Nc1ccncc1,2,-2.6317314648073244,-2.8068341081041437,-2.8068341081041437,0,0,0,0.0,0.0,0.0,0,0,0,0,0,0,1,1.0,0.0030000000000000044,0.007810329856587613,1,1
dev_b,173,CN(CCOc1ccc(C[C@H](Nc2ccccc2C(=O)c2ccccc2)C(=O)O)cc1)c1ccccn1,0,-2.612774138783283,-2.8000985705060115,-2.8000985705060115,0,0,0,0.0,0.0,0.0,0,0,0,0,0,0,1,1.0,0.0029999999999999884,0.00737377224858188,1,1
dev_b,173,CN(CCOc1ccc(C[C@H](Nc2ccccc2C(=O)c2ccccc2)C(=O)O)cc1)c1ccccn1,1,-2.1905697297412448,-2.49728184643081,-2.49728184643081,0,0,0,0.0,0.0,0.0,0,0,0,0,0,0,0,1.0,0.0030000000000000118,0.0077047622340899406,1,1
dev_b,173,CN(CCOc1ccc(C[C@H](Nc2ccccc2C(=O)c2ccccc2)C(=O)O)cc1)c1ccccn1,2,-2.6219088855317674,-2.8036053561399115,-2.8036053561399115,0,0,0,0.0,0.0,0.0,0,0,0,0,0,0,1,1.0,0.002999999999999996,0.006533834759359319,1,1
dev_b,173,CC(C)[C@@H]1C=C(C(=O)O)O[C@H](OCCCCO)C1,0,-2.089961403163729,-2.350033721509868,-2.350033721509868,0,0,0,0.0,0.0,0.0,0,0,0,0,0,0,0,1.0,0.003000000000000019,0.006855777018121825,1,1
dev_b,173,CC(C)[C@@H]1C=C(C(=O)O)O[C@H](OCCCCO)C1,1,-2.6392418464715934,-2.798703086363863,-2.798703086363863,0,0,0,0.0,0.0,0.0,0,0,0,0,0,0,1,1.0,0.002999999999999966,0.006868400392089773,1,1
dev_b,173,CC(C)[C@@H]1C=C(C(=O)O)O[C@H](OCCCCO)C1,2,-2.4881315363751515,-2.6835829809534584,-2.6835829809534584,0,0,0,0.0,0.0,0.0,0,0,0,0,0,0,0,1.0,0.0030000000000000157,0.010572017118532518,1,1
dev_b,173,O=C(CN1C(=O)c2cccc([N+](=O)[O-])c2C1=O)N1CCN(c2ccc(F)cc2)CC1,0,-1.9510908170206809,-2.192372187540925,-2.192372187540925,0,0,0,0.0,0.0,0.0,0,0,0,0,0,0,0,1.0,0.0030000000000000083,0.011371271391898597,1,1
dev_b,173,O=C(CN1C(=O)c2cccc([N+](=O)[O-])c2C1=O)N1CCN(c2ccc(F)cc2)CC1,1,-1.8472859252976332,-2.0957771957548483,-2.0957771957548488,0,0,0,0.0,0.0,0.0,0,0,0,0,0,0,1,1.0,0.00300000000000002,0.007400997967952346,1,1
dev_b,173,O=C(CN1C(=O)c2cccc([N+](=O)[O-])c2C1=O)N1CCN(c2ccc(F)cc2)CC1,2,-2.0849813989756694,-2.293846683969191,-2.293846683969191,0,0,0,0.0,0.0,0.0,0,0,0,0,0,0,0,1.0,0.003000000000000005,0.006476658469498229,1,1
dev_b,173,O=C(NC1CCCCC1)c1cc(-c2ccccn2)nc2ccccc12,0,-2.679892917704743,-2.8862478488644268,-2.8862478488644268,0,0,0,0.0,0.0,0.0,0,0,0,0,0,0,1,1.0,0.0029999999999999892,0.010423017024539172,1,1
dev_b,173,O=C(NC1CCCCC1)c1cc(-c2ccccn2)nc2ccccc12,1,-2.7611610800353925,-2.9447716293182866,-2.9447716293182866,0,0,0,0.0,0.0,0.0,0,0,0,0,0,0,1,1.0,0.0030000000000000096,0.007974352421040188,1,1
dev_b,173,O=C(NC1CCCCC1)c1cc(-c2ccccn2)nc2ccccc12,2,-2.709207049363753,-2.709207049363753,-2.7397310384583387,0,0,0,0.0,0.0,0.0,0,0,0,0,0,0,0,0.125,0.0003749999999999965,0.0011066689722680216,1,1
dev_b,173,Cn1cccc1Cc1nnc(SCC(=O)Nc2nc3ccccc3s2)n1CCc1ccccc1,0,-2.488731487301427,-2.6629390803706583,-2.6629390803706583,0,0,0,0.0,0.0,0.0,0,0,0,0,0,0,1,1.0,0.002999999999999998,0.009642576542770055,1,1
dev_b,173,Cn1cccc1Cc1nnc(SCC(=O)Nc2nc3ccccc3s2)n1CCc1ccccc1,1,-2.5017418218516094,-2.670127042434079,-2.670127042434079,0,0,0,0.0,0.0,0.0,0,0,0,0,0,0,0,1.0,0.003000000000000007,0.009297465286294913,1,1
dev_b,173,Cn1cccc1Cc1nnc(SCC(=O)Nc2nc3ccccc3s2)n1CCc1ccccc1,2,-2.358177887751168,-2.559020925981053,-2.559020925981053,0,0,0,0.0,0.0,0.0,0,0,0,0,0,0,1,1.0,0.0029999999999999966,0.009466306012824971,1,1
dev_b,173,CN=C1SC(CC(=O)Nc2ccc(N3CCOCC3)cc2)C(=O)N1C,0,-2.4608033385068615,-2.644574746655075,-2.644574746655075,0,0,0,0.0,0.0,0.0,0,0,0,0,0,0,0,1.0,0.0029999999999999858,0.005895759060231674,1,1
dev_b,173,CN=C1SC(CC(=O)Nc2ccc(N3CCOCC3)cc2)C(=O)N1C,1,-2.5174719608290834,-2.7319533107161824,-2.7319533107161824,0,0,0,0.0,0.0,0.0,0,0,0,0,0,0,1,1.0,0.0030000000000000083,0.00794673637992354,1,1
dev_b,173,CN=C1SC(CC(=O)Nc2ccc(N3CCOCC3)cc2)C(=O)N1C,2,-2.5237151872718755,-2.6822232239149435,-2.6822232239149435,0,0,0,0.0,0.0,0.0,0,0,0,0,0,0,1,1.0,0.002999999999999964,0.008327247610771357,1,1
dev_b,173,N#CCOc1ccc2oc(-c3ccco3)cc(=O)c2c1,0,-1.443899549302649,-1.7143632685271997,-1.7143632685271997,0,0,0,0.0,0.0,0.0,0,0,0,0,0,0,1,1.0,0.0029999999999999805,0.008985516553729977,1,1
dev_b,173,N#CCOc1ccc2oc(-c3ccco3)cc(=O)c2c1,1,-1.6425703392148139,-1.8845135444093293,-1.8845135444093293,0,0,0,0.0,0.0,0.0,0,0,0,0,0,0,1,1.0,0.003000000000000015,0.0058812264934862135,1,1
dev_b,173,N#CCOc1ccc2oc(-c3ccco3)cc(=O)c2c1,2,-1.8116204710396542,-1.9825062296164147,-1.9825062296164147,0,0,0,0.0,0.0,0.0,0,0,0,0,0,0,0,1.0,0.0030000000000000135,0.005857837516727942,1,1
dev_b,173,CCOC(=O)CSc1ccc2nnc(CCNS(=O)(=O)c3ccc(C)cc3)n2n1,0,-2.1064958565002443,-2.361148555261011,-2.361148555261011,0,0,0,0.0,0.0,0.0,0,0,0,0,0,0,0,1.0,0.0030000000000000165,0.011805784211007316,1,1
dev_b,173,CCOC(=O)CSc1ccc2nnc(CCNS(=O)(=O)c3ccc(C)cc3)n2n1,1,-2.2387800399390265,-2.438009777738105,-2.438009777738105,0,0,0,0.0,0.0,0.0,0,0,0,0,0,0,0,1.0,0.0029999999999999988,0.010986421612488032,1,1
dev_b,173,CCOC(=O)CSc1ccc2nnc(CCNS(=O)(=O)c3ccc(C)cc3)n2n1,2,-2.2579741109316416,-2.4424527827171456,-2.4424527827171456,0,0,0,0.0,0.0,0.0,0,0,0,0,0,0,0,1.0,0.0030000000000000313,0.009582893473239823,1,1
dev_b,173,O=C(_C=C_c1ccc(OCCCF)cc1)Nc1ccnc(-c2ccncc2)n1,0,-2.544587333333449,-2.705344572046384,-2.705344572046384,0,0,0,0.0,0.0,0.0,0,0,0,0,0,0,0,1.0,0.003000000000000062,0.008739957753621009,1,1
dev_b,173,O=C(_C=C_c1ccc(OCCCF)cc1)Nc1ccnc(-c2ccncc2)n1,1,-2.5270732363177357,-2.6997554341700782,-2.6997554341700782,0,0,0,0.0,0.0,0.0,0,0,0,0,0,0,0,1.0,0.002999999999999998,0.007284040018958959,1,1
dev_b,173,O=C(_C=C_c1ccc(OCCCF)cc1)Nc1ccnc(-c2ccncc2)n1,2,-2.4620937326243144,-2.6732132792139676,-2.6732132792139676,0,0,0,0.0,0.0,0.0,0,0,0,0,0,0,1,1.0,0.002999999999999977,0.009959910173034221,1,1
dev_b,173,CC(C)C(NC(=O)OCc1ccccc1)C(=O)OCC(=O)N1CCCCC1,0,-2.469890422450942,-2.691031382607612,-2.618853315221709,1,1,1,0.23572329510300838,0.24088936692965923,0.21538232834502224,0,0,0,1,0,0,0,1.0,0.0030000000000000044,0.012179264857677886,1,1
dev_b,173,CC(C)C(NC(=O)OCc1ccccc1)C(=O)OCC(=O)N1CCCCC1,1,-2.666102180526176,-2.8499967716554617,-2.8499967716554617,0,0,0,0.0,0.0,0.0,0,0,0,0,0,0,0,1.0,0.0029999999999999866,0.007913302305363464,1,1
dev_b,173,CC(C)C(NC(=O)OCc1ccccc1)C(=O)OCC(=O)N1CCCCC1,2,-2.518262751691088,-2.711957650257067,-2.667049666684129,1,1,1,0.10841758496191778,0.10798487226406639,0.08603661197304069,0,0,0,1,0,0,1,1.0,0.002999999999999971,0.011488080559471016,1,1
dev_b,173,CCCn1nc(C(=O)NCC(C)(C)N2CCOCC2)c2ccccc2c1=O,0,-2.5694078065771,-2.726201925449165,-2.726201925449165,0,0,0,0.0,0.0,0.0,0,0,0,0,0,0,0,1.0,0.0030000000000000157,0.007193083811610223,1,1
dev_b,173,CCCn1nc(C(=O)NCC(C)(C)N2CCOCC2)c2ccccc2c1=O,1,-2.6080042000273966,-2.766711799411488,-2.766711799411488,0,0,0,0.0,0.0,0.0,0,0,0,0,0,0,0,1.0,0.0030000000000000343,0.008031219639936811,1,1
dev_b,173,CCCn1nc(C(=O)NCC(C)(C)N2CCOCC2)c2ccccc2c1=O,2,-2.5742020922181785,-2.733124397759349,-2.733124397759349,0,0,0,0.0,0.0,0.0,0,0,0,0,0,0,0,1.0,0.0029999999999999827,0.00581928185290433,1,1
dev_b,173,CCN1CCN(Cc2nnc(-c3ccc(C)cc3)o2)CC1,0,-2.80953680306277,-2.9422410342081533,-2.9422410342081533,0,0,0,0.0,0.0,0.0,0,0,0,0,0,0,0,1.0,0.0030000000000000126,0.006843079195601162,1,1
dev_b,173,CCN1CCN(Cc2nnc(-c3ccc(C)cc3)o2)CC1,1,-2.779157084125412,-2.9300122596963707,-2.9300122596963707,0,0,0,0.0,0.0,0.0,0,0,0,0,0,0,0,1.0,0.003000000000000008,0.00639179859312352,1,1
dev_b,173,CCN1CCN(Cc2nnc(-c3ccc(C)cc3)o2)CC1,2,-2.819522055449956,-2.959033161439404,-2.959033161439404,0,0,0,0.0,0.0,0.0,0,0,0,0,0,0,0,1.0,0.002999999999999969,0.008509548343693775,1,1
dev_b,173,COc1cccc(Nc2nc(-c3cccs3)nc3ccccc23)c1,0,-2.6089913636663926,-2.765342189824506,-2.765342189824506,0,0,0,0.0,0.0,0.0,0,0,0,0,0,0,1,1.0,0.003000000000000007,0.007410076337630489,1,1
dev_b,173,COc1cccc(Nc2nc(-c3cccs3)nc3ccccc23)c1,1,-2.461325930177158,-2.6654397869689688,-2.6654397869689688,0,0,0,0.0,0.0,0.0,0,0,0,0,0,0,1,1.0,0.003000000000000001,0.006790841319124084,1,1
dev_b,173,COc1cccc(Nc2nc(-c3cccs3)nc3ccccc23)c1,2,-2.4580769947013685,-2.663008683079358,-2.663008683079358,0,0,0,0.0,0.0,0.0,0,0,0,0,0,0,1,1.0,0.0030000000000000152,0.006058139500501338,1,1
dev_b,173,COc1ccc(C(=O)N_N=C_c2ccc(OC)c(COc3ccccc3)c2)cc1,0,-2.5142881599950817,-2.68202651120283,-2.68202651120283,0,0,0,0.0,0.0,0.0,0,0,0,0,0,0,1,1.0,0.0030000000000000135,0.008068660428782105,1,1
dev_b,173,COc1ccc(C(=O)N_N=C_c2ccc(OC)c(COc3ccccc3)c2)cc1,1,-2.540209630247719,-2.704131599106434,-2.704131599106434,0,0,0,0.0,0.0,0.0,0,0,0,0,0,0,0,1.0,0.003000000000000007,0.0076463946030199325,1,1
dev_b,173,COc1ccc(C(=O)N_N=C_c2ccc(OC)c(COc3ccccc3)c2)cc1,2,-2.428739322768411,-2.5946430459166288,-2.5946430459166288,0,0,0,0.0,0.0,0.0,0,0,0,0,0,0,1,1.0,0.0030000000000000157,0.007530332965072805,1,1
dev_b,173,O=C(CN(C(=O)Cn1nnc(-c2cccs2)n1)c1ccc2c(c1)OCCO2)NC1CCCCC1,0,-2.3418155802947784,-2.3418155802947784,-2.4371394677072757,0,0,0,0.0,0.0,0.0,0,0,0,0,0,0,1,0.5,0.0015000000000000315,0.005036073168611974,1,1
dev_b,173,O=C(CN(C(=O)Cn1nnc(-c2cccs2)n1)c1ccc2c(c1)OCCO2)NC1CCCCC1,1,-2.2399547291098503,-2.4514584364915875,-2.4514584364915875,0,0,0,0.0,0.0,0.0,0,0,0,0,0,0,0,1.0,0.002999999999999988,0.007985572237459274,1,1
dev_b,173,O=C(CN(C(=O)Cn1nnc(-c2cccs2)n1)c1ccc2c(c1)OCCO2)NC1CCCCC1,2,-2.2501784536279916,-2.439630102910175,-2.439630102910175,0,0,0,0.0,0.0,0.0,0,0,0,0,0,0,1,1.0,0.0029999999999999966,0.008246286800652675,1,1
dev_b,173,O=[N+]([O-])c1ncccc1OCc1ccc(Br)cc1F,0,-2.0391622022070104,-2.250187067495483,-2.250187067495483,0,0,0,0.0,0.0,0.0,0,0,0,0,0,0,1,1.0,0.0029999999999999966,0.009195846903342122,1,1
dev_b,173,O=[N+]([O-])c1ncccc1OCc1ccc(Br)cc1F,1,-2.610005333411188,-2.832427649020596,-2.832427649020596,0,0,0,0.0,0.0,0.0,0,0,0,0,0,0,0,1.0,0.0030000000000000053,0.006281984662545024,1,1
dev_b,173,O=[N+]([O-])c1ncccc1OCc1ccc(Br)cc1F,2,-1.8924363522412957,-2.1607987852074872,-2.1607987852074872,0,0,0,0.0,0.0,0.0,0,0,0,0,0,0,1,1.0,0.0030000000000000096,0.009983212354443665,1,1
dev_b,173,Cc1ccc2cc3cc(C(=O)N4CC(C)CC(C)C4)oc3nc2c1,0,-2.504743153745765,-2.7335535178410577,-2.7335535178410577,0,0,0,0.0,0.0,0.0,0,0,0,0,0,0,1,1.0,0.0030000000000000335,0.008394706776224803,1,1
dev_b,173,Cc1ccc2cc3cc(C(=O)N4CC(C)CC(C)C4)oc3nc2c1,1,-2.4004184182955983,-2.672306349963349,-2.672306349963349,0,0,0,0.0,0.0,0.0,0,0,0,0,0,0,1,1.0,0.0029999999999999957,0.008823805331324333,1,1
dev_b,173,Cc1ccc2cc3cc(C(=O)N4CC(C)CC(C)C4)oc3nc2c1,2,-2.67764031871354,-2.67764031871354,-2.731367692187309,0,0,0,0.0,0.0,0.0,0,0,0,0,0,0,0,0.25,0.0007499999999999672,0.001992286986692832,1,1
dev_b,173,C[C@]12Cc3cn[nH]c3C[C@@H]1CC[C@@H]1[C@@H]2CC[C@@]2(C)[C@H]1CC[C@]2(C)O,0,-1.945254180402029,-2.163152668579244,-2.163152668579244,0,0,0,0.0,0.0,0.0,0,0,0,0,0,0,1,1.0,0.003000000000000016,0.007429155999682038,1,1
dev_b,173,C[C@]12Cc3cn[nH]c3C[C@@H]1CC[C@@H]1[C@@H]2CC[C@@]2(C)[C@H]1CC[C@]2(C)O,1,-1.8140437852213218,-2.0480094074803175,-2.0480094074803175,0,0,0,0.0,0.0,0.0,0,0,0,0,0,0,1,1.0,0.0029999999999999957,0.008095952121859828,1,1
dev_b,173,C[C@]12Cc3cn[nH]c3C[C@@H]1CC[C@@H]1[C@@H]2CC[C@@]2(C)[C@H]1CC[C@]2(C)O,2,-2.023473838763721,-2.2806325849453217,-2.2806325849453217,0,0,0,0.0,0.0,0.0,0,0,0,0,0,0,0,1.0,0.0029999999999999897,0.007545809053228313,1,1
dev_b,173,CC(C)CCN1CCN(Cc2c(F)cccc2Cl)CC1CCO,0,-2.786433543176969,-2.9204354132974126,-2.920435413297412,0,0,0,0.0,0.0,0.0,0,0,0,0,0,0,1,1.0,0.0029999999999999853,0.00930391302917991,1,1
dev_b,173,CC(C)CCN1CCN(Cc2c(F)cccc2Cl)CC1CCO,1,-2.579849540105772,-2.7493652974595615,-2.7493652974595615,0,0,0,0.0,0.0,0.0,0,0,0,0,0,0,0,1.0,0.0029999999999999892,0.010017818854239736,1,1
dev_b,173,CC(C)CCN1CCN(Cc2c(F)cccc2Cl)CC1CCO,2,-2.678223514590356,-2.8567859479410798,-2.8567859479410798,0,0,0,0.0,0.0,0.0,0,0,0,0,0,0,1,1.0,0.00299999999999998,0.007636277979024746,1,1
dev_b,173,CC(=O)N1N=C(c2ccco2)CC1c1ccco1,0,-2.4841600245314996,-2.6524611126499296,-2.6524611126499296,0,0,0,0.0,0.0,0.0,0,0,0,0,0,0,1,1.0,0.0030000000000000456,0.006475348752601382,1,1
dev_b,173,CC(=O)N1N=C(c2ccco2)CC1c1ccco1,1,-2.5864111557235288,-2.7148295238354416,-2.7148295238354416,0,0,0,0.0,0.0,0.0,0,0,0,0,0,0,1,1.0,0.003000000000000011,0.00648729594267383,1,1
dev_b,173,CC(=O)N1N=C(c2ccco2)CC1c1ccco1,2,-2.487839830051759,-2.6581006959605666,-2.6581006959605666,0,0,0,0.0,0.0,0.0,0,0,0,0,0,0,0,1.0,0.00300000000000003,0.0060459471298902135,1,1
dev_b,173,CCCS(=O)(=O)N1CCCC(C(=O)NCCCOC(C)C)C1,0,-2.692099849397911,-2.8578084509733266,-2.8578084509733266,0,0,0,0.0,0.0,0.0,0,0,0,0,0,0,0,1.0,0.003000000000000005,0.007706156477275728,1,1
dev_b,173,CCCS(=O)(=O)N1CCCC(C(=O)NCCCOC(C)C)C1,1,-2.635193943510999,-2.8066830066548722,-2.8066830066548722,0,0,0,0.0,0.0,0.0,0,0,0,0,0,0,0,1.0,0.0029999999999999914,0.006968941185140828,1,1
dev_b,173,CCCS(=O)(=O)N1CCCC(C(=O)NCCCOC(C)C)C1,2,-2.8151635002813524,-2.922668235948006,-2.922668235948006,0,0,0,0.0,0.0,0.0,0,0,0,0,0,0,0,1.0,0.0029999999999999753,0.006779244779726596,1,1
dev_b,173,O=C(_C=C_c1cccc([N+](=O)[O-])c1)Nc1cc(C(=O)O)cc(C(=O)O)c1,0,-2.709847331977524,-2.837962211714283,-2.837962211714283,0,0,0,0.0,0.0,0.0,0,0,0,0,0,0,1,1.0,0.0030000000000000187,0.006666647318988972,1,1
dev_b,173,O=C(_C=C_c1cccc([N+](=O)[O-])c1)Nc1cc(C(=O)O)cc(C(=O)O)c1,1,-2.7014916145118604,-2.845285729863713,-2.845285729863713,0,0,0,0.0,0.0,0.0,0,0,0,0,0,0,1,1.0,0.0030000000000000027,0.0065264283407810205,1,1
dev_b,173,O=C(_C=C_c1cccc([N+](=O)[O-])c1)Nc1cc(C(=O)O)cc(C(=O)O)c1,2,-2.6374487795479036,-2.8142573127178623,-2.8142573127178623,0,0,0,0.0,0.0,0.0,0,0,0,0,0,0,1,1.0,0.003000000000000043,0.005480834709340172,1,1
dev_b,173,COC(=O)[C@@H](NC(=O)NCc1ccc(F)cc1)C(C)C,0,-2.7170198471595657,-2.872390863915265,-2.872390863915265,0,0,0,0.0,0.0,0.0,0,0,0,0,0,0,0,1.0,0.003000000000000009,0.00826005353075409,1,1
dev_b,173,COC(=O)[C@@H](NC(=O)NCc1ccc(F)cc1)C(C)C,1,-2.7405184685706407,-2.882318048386306,-2.882318048386306,0,0,0,0.0,0.0,0.0,0,0,0,0,0,0,1,1.0,0.002999999999999993,0.007999362781451526,1,1
dev_b,173,COC(=O)[C@@H](NC(=O)NCc1ccc(F)cc1)C(C)C,2,-2.6374019035011314,-2.8284896205269296,-2.8284896205269296,0,0,0,0.0,0.0,0.0,0,0,0,0,0,0,0,1.0,0.00299999999999999,0.0068018673386264885,1,1
dev_b,173,O=C(c1cc([N+](=O)[O-])[nH]n1)N1CCSCC1,0,-2.5150093725536666,-2.6685606757878277,-2.6685606757878277,0,0,0,0.0,0.0,0.0,0,0,0,0,0,0,0,1.0,0.0029999999999999805,0.007155417927204872,1,1
dev_b,173,O=C(c1cc([N+](=O)[O-])[nH]n1)N1CCSCC1,1,-2.397916177566249,-2.5779110586378557,-2.5779110586378557,0,0,0,0.0,0.0,0.0,0,0,0,0,0,0,0,1.0,0.0030000000000000304,0.005848807368023174,1,1
dev_b,173,O=C(c1cc([N+](=O)[O-])[nH]n1)N1CCSCC1,2,-2.558849344431995,-2.697595215496011,-2.697595215496011,0,0,0,0.0,0.0,0.0,0,0,0,0,0,0,0,1.0,0.002999999999999978,0.008733327286843447,1,1
dev_b,173,COC(=O)NC(NC(=S)Nc1cccc(C)c1)C(Cl)(Cl)Cl,0,-2.469227153094268,-2.6399026208894405,-2.6399026208894405,0,0,0,0.0,0.0,0.0,0,0,0,0,0,0,0,1.0,0.0030000000000000387,0.00970505431330521,1,1
dev_b,173,COC(=O)NC(NC(=S)Nc1cccc(C)c1)C(Cl)(Cl)Cl,1,-2.567327556338056,-2.721172139311798,-2.721172139311798,0,0,0,0.0,0.0,0.0,0,0,0,0,0,0,0,1.0,0.0030000000000000256,0.007271398614918313,1,1
dev_b,173,COC(=O)NC(NC(=S)Nc1cccc(C)c1)C(Cl)(Cl)Cl,2,-2.486328801385389,-2.6630747030347215,-2.6630747030347215,0,0,0,0.0,0.0,0.0,0,0,0,0,0,0,0,1.0,0.0029999999999999875,0.007037003386762486,1,1
dev_b,173,COc1ccccc1CN(C)c1nnnn1-c1ccccc1,0,-2.736505334864908,-2.868791650172679,-2.868791650172679,0,0,0,0.0,0.0,0.0,0,0,0,0,0,0,1,1.0,0.0030000000000000126,0.008762059526912848,1,1
dev_b,173,COc1ccccc1CN(C)c1nnnn1-c1ccccc1,1,-2.6441878109990817,-2.8223888875572936,-2.8223888875572936,0,0,0,0.0,0.0,0.0,0,0,0,0,0,0,1,1.0,0.002999999999999957,0.00695390138741117,1,1
dev_b,173,COc1ccccc1CN(C)c1nnnn1-c1ccccc1,2,-2.739794472334027,-2.8731211932782785,-2.8731211932782785,0,0,0,0.0,0.0,0.0,0,0,0,0,0,0,1,1.0,0.0029999999999999784,0.006911582372514272,1,1
dev_b,173,C=CCN1CCN(C(=O)c2oc3ccccc3c2C)CC1,0,-2.5874319355597057,-2.76185796562614,-2.76185796562614,0,0,0,0.0,0.0,0.0,0,0,0,0,0,0,1,1.0,0.0029999999999999914,0.007313444486142626,1,1
dev_b,173,C=CCN1CCN(C(=O)c2oc3ccccc3c2C)CC1,1,-2.590146742338508,-2.783666174002371,-2.783666174002371,0,0,0,0.0,0.0,0.0,0,0,0,0,0,0,1,1.0,0.003000000000000035,0.008191594629174992,1,1
dev_b,173,C=CCN1CCN(C(=O)c2oc3ccccc3c2C)CC1,2,-2.6271088271694323,-2.782884691356232,-2.782884691356232,0,0,0,0.0,0.0,0.0,0,0,0,0,0,0,0,1.0,0.003000000000000028,0.006664721394272592,1,1
dev_b,173,CC(=O)N1c2ccc(S(=O)(=O)NCCC(=O)Nc3ccc(OC(F)(F)F)cc3)cc2CC1C,0,-2.226838773908463,-2.226838773908463,-2.3272168240985485,0,0,0,0.0,0.0,0.0,0,0,0,0,0,0,0,0.5,0.0015000000000000094,0.004066274302206005,1,1
dev_b,173,CC(=O)N1c2ccc(S(=O)(=O)NCCC(=O)Nc3ccc(OC(F)(F)F)cc3)cc2CC1C,1,-2.0715593810099064,-2.297155205384386,-2.297155205384386,0,0,0,0.0,0.0,0.0,0,0,0,0,0,0,0,1.0,0.003000000000000007,0.007062265158968454,1,1
dev_b,173,CC(=O)N1c2ccc(S(=O)(=O)NCCC(=O)Nc3ccc(OC(F)(F)F)cc3)cc2CC1C,2,-2.198921852566614,-2.410898401997691,-2.410898401997691,0,0,0,0.0,0.0,0.0,0,0,0,0,0,0,0,1.0,0.0029999999999999944,0.008978571542042863,1,1
dev_b,173,COCCCN1CC23C=CC(O2)C(C(=O)OC)C3C1=O,0,-0.6971292924223714,-0.9466572830391355,-0.9466572830391355,0,0,0,0.0,0.0,0.0,0,0,0,0,0,0,0,1.0,0.003000000000000017,0.009072927008801496,1,1
dev_b,173,COCCCN1CC23C=CC(O2)C(C(=O)OC)C3C1=O,1,-0.78024196339817,-0.9752598134019403,-0.9752598134019403,0,0,0,0.0,0.0,0.0,0,0,0,0,0,0,0,1.0,0.002999999999999996,0.00716262145555834,1,1
dev_b,173,COCCCN1CC23C=CC(O2)C(C(=O)OC)C3C1=O,2,-0.8074782191553329,-1.0284120261287988,-1.0284120261287988,0,0,0,0.0,0.0,0.0,0,0,0,0,0,0,0,1.0,0.003000000000000007,0.009952039876911945,1,1
dev_b,173,Cn1cc(C(=O)O)c(-c2ccncc2)n1,0,-2.4080930933643936,-2.5216112881963184,-2.5216112881963184,0,0,0,0.0,0.0,0.0,0,0,0,0,0,0,1,1.0,0.0030000000000000053,0.0074528326028527325,1,1
dev_b,173,Cn1cc(C(=O)O)c(-c2ccncc2)n1,1,-2.616640242066274,-2.744572411615981,-2.744572411615981,0,0,0,0.0,0.0,0.0,0,0,0,0,0,0,1,1.0,0.0029999999999999944,0.006624042335856114,1,1
dev_b,173,Cn1cc(C(=O)O)c(-c2ccncc2)n1,2,-2.5524726607674246,-2.661641884730515,-2.661641884730515,0,0,0,0.0,0.0,0.0,0,0,0,0,0,0,0,1.0,0.003000000000000004,0.007624851810310694,1,1
dev_b,173,COc1cc(C2_C(=C(_O)c3ccccc3)C(=O)C(=O)N2c2ccccn2)ccc1O,0,-2.6484638792462514,-2.8122559813753742,-2.8122559813753742,0,0,0,0.0,0.0,0.0,0,0,0,0,0,0,0,1.0,0.002999999999999993,0.008300437348707584,1,1
dev_b,173,COc1cc(C2_C(=C(_O)c3ccccc3)C(=O)C(=O)N2c2ccccn2)ccc1O,1,-2.623982507097275,-2.818502857726041,-2.818502857726041,0,0,0,0.0,0.0,0.0,0,0,0,0,0,0,1,1.0,0.0030000000000000022,0.00650229280362996,1,1
dev_b,173,COc1cc(C2_C(=C(_O)c3ccccc3)C(=O)C(=O)N2c2ccccn2)ccc1O,2,-2.5671373909733677,-2.787324424601427,-2.787324424601427,0,0,0,0.0,0.0,0.0,0,0,0,0,0,0,0,1.0,0.0029999999999999914,0.008249554496098079,1,1
dev_b,173,Cc1ccc(S(=O)(=O)CCc2nc3ccccc3[nH]2)cc1,0,-2.7062151649811232,-2.805682940226541,-2.805682940226541,0,0,0,0.0,0.0,0.0,0,0,0,0,0,0,0,1.0,0.0029999999999999853,0.005955165086457658,1,1
dev_b,173,Cc1ccc(S(=O)(=O)CCc2nc3ccccc3[nH]2)cc1,1,-2.6912186138831253,-2.838830500723085,-2.838830500723085,0,0,0,0.0,0.0,0.0,0,0,0,0,0,0,0,1.0,0.0029999999999999988,0.007107563927153362,1,1
dev_b,173,Cc1ccc(S(=O)(=O)CCc2nc3ccccc3[nH]2)cc1,2,-2.6940215671439294,-2.848955397186355,-2.848955397186355,0,0,0,0.0,0.0,0.0,0,0,0,0,0,0,0,1.0,0.0030000000000000174,0.0070817461270707305,1,1
dev_b,173,CCOc1ccc(CCNC(=O)c2cccc(NC3=NC4CS(=O)(=O)CC4S3)c2)cc1,0,-2.354861359419575,-2.5761804910736372,-2.5761804910736372,0,0,0,0.0,0.0,0.0,0,0,0,0,0,0,0,1.0,0.0029999999999999836,0.008852746954814807,1,1
dev_b,173,CCOc1ccc(CCNC(=O)c2cccc(NC3=NC4CS(=O)(=O)CC4S3)c2)cc1,1,-2.2683740916288113,-2.48161474297733,-2.48161474297733,0,0,0,0.0,0.0,0.0,0,0,0,0,0,0,1,1.0,0.0029999999999999745,0.007789545246018073,1,1
dev_b,173,CCOc1ccc(CCNC(=O)c2cccc(NC3=NC4CS(=O)(=O)CC4S3)c2)cc1,2,-2.549497743523262,-2.7234808889104105,-2.7234808889104105,0,0,0,0.0,0.0,0.0,0,0,0,0,0,0,1,1.0,0.0030000000000000126,0.008783112345053036,1,1
dev_b,173,COc1ccc(CCNC(=O)C2CCCN(Cc3nc(-c4ccccc4C)oc3C)C2)cc1OC,0,-2.4728092329766556,-2.695801078384615,-2.695801078384615,0,0,0,0.0,0.0,0.0,0,0,0,0,0,0,0,1.0,0.0030000000000000053,0.009110264285080792,1,1
dev_b,173,COc1ccc(CCNC(=O)C2CCCN(Cc3nc(-c4ccccc4C)oc3C)C2)cc1OC,1,-2.4201781271589202,-2.6411370493574915,-2.6411370493574915,0,0,0,0.0,0.0,0.0,0,0,0,0,0,0,0,1.0,0.0030000000000000287,0.006846197111098003,1,1
dev_b,173,COc1ccc(CCNC(=O)C2CCCN(Cc3nc(-c4ccccc4C)oc3C)C2)cc1OC,2,-2.3003423667410416,-2.567290046405019,-2.567290046405019,0,0,0,0.0,0.0,0.0,0,0,0,0,0,0,0,1.0,0.002999999999999997,0.010317843023611491,1,1
dev_b,173,Cc1ccc(S(=O)(=O)C2(S(=O)(=O)c3ccc(C)cc3)CC2)cc1,0,15.598679310217555,15.384172274556434,15.384172274556434,0,0,0,0.0,0.0,0.0,0,0,0,0,0,0,0,1.0,0.0029999999999999662,0.008531486245475537,1,1
dev_b,173,Cc1ccc(S(=O)(=O)C2(S(=O)(=O)c3ccc(C)cc3)CC2)cc1,1,19.05781703532996,18.78809784287332,18.78809784287332,0,0,0,0.0,0.0,0.0,0,0,0,0,0,0,1,1.0,0.002999999999999985,0.007732103992906137,1,1
dev_b,173,Cc1ccc(S(=O)(=O)C2(S(=O)(=O)c3ccc(C)cc3)CC2)cc1,2,15.581603553877578,15.34712765949847,15.34712765949847,0,0,0,0.0,0.0,0.0,0,0,0,0,0,0,0,1.0,0.003000000000000007,0.00783449807079426,1,1
dev_a,181,CCN1CCN(c2cc3c(cc2F)c(=O)c(S(=O)(=O)c2ccccc2)cn3C)CC1,0,-2.432337587754047,-2.6115019616005255,-2.6115019616005255,0,0,0,0.0,0.0,0.0,0,0,0,0,0,0,0,1.0,0.0030000000000000135,0.00777152556725131,1,1
dev_a,181,CCN1CCN(c2cc3c(cc2F)c(=O)c(S(=O)(=O)c2ccccc2)cn3C)CC1,1,-2.339064463682251,-2.550392808357973,-2.550392808357973,0,0,0,0.0,0.0,0.0,0,0,0,0,0,0,1,1.0,0.0030000000000000157,0.007913903723113598,1,1
dev_a,181,CCN1CCN(c2cc3c(cc2F)c(=O)c(S(=O)(=O)c2ccccc2)cn3C)CC1,2,-2.447099410244259,-2.6264188448453787,-2.6264188448453787,0,0,0,0.0,0.0,0.0,0,0,0,0,0,0,1,1.0,0.0029999999999999662,0.007032716696692109,1,1
dev_a,181,O=C1CCC(_C=C_c2ccccc2)=NN1Cc1ccc(Cl)c(Cl)c1,0,-2.7424880722260676,-2.898183890365625,-2.898183890365625,0,0,0,0.0,0.0,0.0,0,0,0,0,0,0,0,1.0,0.003000000000000028,0.007943023016394837,1,1
dev_a,181,O=C1CCC(_C=C_c2ccccc2)=NN1Cc1ccc(Cl)c(Cl)c1,1,-2.6864453644797086,-2.8600791706768764,-2.8600791706768764,0,0,0,0.0,0.0,0.0,0,0,0,0,0,0,0,1.0,0.0029999999999999792,0.007705118622206828,1,1
dev_a,181,O=C1CCC(_C=C_c2ccccc2)=NN1Cc1ccc(Cl)c(Cl)c1,2,-2.695650761433975,-2.86511701739817,-2.86511701739817,0,0,0,0.0,0.0,0.0,0,0,0,0,0,0,0,1.0,0.003000000000000014,0.007862546232611886,1,1
dev_a,181,CCc1nnc(NC(=O)CSc2nnc(Cc3cccn3C)n2CCOC)s1,0,-2.3827675352286257,-2.5303738198562393,-2.5303738198562393,0,0,0,0.0,0.0,0.0,0,0,0,0,0,0,0,1.0,0.00299999999999999,0.008767476725666867,1,1
dev_a,181,CCc1nnc(NC(=O)CSc2nnc(Cc3cccn3C)n2CCOC)s1,1,-2.4876602971241346,-2.6103861639505315,-2.6103861639505315,0,0,0,0.0,0.0,0.0,0,0,0,0,0,0,0,1.0,0.0030000000000000022,0.007810600800937938,1,1
dev_a,181,CCc1nnc(NC(=O)CSc2nnc(Cc3cccn3C)n2CCOC)s1,2,-2.353259463532925,-2.488503221333029,-2.488503221333029,0,0,0,0.0,0.0,0.0,0,0,0,0,0,0,0,1.0,0.0030000000000000027,0.007248367893662792,1,1
dev_a,181,Fc1ccc(CN2CCCCCCC2)c(F)c1,0,-2.3312490965532437,-2.3312490965532437,-2.3938677682479867,0,0,0,0.0,0.0,0.0,0,0,0,0,0,0,1,0.25,0.0007499999999999677,0.0016875579199864493,1,1
dev_a,181,Fc1ccc(CN2CCCCCCC2)c(F)c1,1,-2.464890565389783,-2.5921678136913693,-2.5921678136913693,0,0,0,0.0,0.0,0.0,0,0,0,0,0,0,0,1.0,0.0029999999999999923,0.006454454360710077,1,1
dev_a,181,Fc1ccc(CN2CCCCCCC2)c(F)c1,2,-2.5137684497341874,-2.7064465505328235,-2.7064465505328235,0,0,0,0.0,0.0,0.0,0,0,0,0,0,0,1,1.0,0.003000000000000006,0.006962121231395599,1,1
dev_a,181,O=C(O)CCc1ccc(-c2ccc(Br)cc2)n1NC(=O)c1ccc([N+](=O)[O-])cc1,0,-2.6859568767781665,-2.843081772108226,-2.843081772108226,0,0,0,0.0,0.0,0.0,0,0,0,0,0,0,0,1.0,0.003000000000000011,0.005810027830929732,1,1
dev_a,181,O=C(O)CCc1ccc(-c2ccc(Br)cc2)n1NC(=O)c1ccc([N+](=O)[O-])cc1,1,-2.7273545570909477,-2.8589058388115784,-2.8589058388115784,0,0,0,0.0,0.0,0.0,0,0,0,0,0,0,0,1.0,0.002999999999999977,0.008468105826373749,1,1
dev_a,181,O=C(O)CCc1ccc(-c2ccc(Br)cc2)n1NC(=O)c1ccc([N+](=O)[O-])cc1,2,-2.5403051169542055,-2.7270721950128163,-2.7270721950128163,0,0,0,0.0,0.0,0.0,0,0,0,0,0,0,0,1.0,0.0029999999999999667,0.009173784994918908,1,1
dev_a,181,Cc1ccc2oc(=O)c3cc(C(=O)NCCN4CCc5ccccc5C4)sc3c2c1,0,-2.2375430573267048,-2.46610464701594,-2.46610464701594,0,0,0,0.0,0.0,0.0,0,0,0,0,0,0,0,1.0,0.002999999999999998,0.008110092048842988,1,1
dev_a,181,Cc1ccc2oc(=O)c3cc(C(=O)NCCN4CCc5ccccc5C4)sc3c2c1,1,-2.3334357063663345,-2.537174456581668,-2.537174456581668,0,0,0,0.0,0.0,0.0,0,0,0,0,0,0,0,1.0,0.0030000000000000213,0.007976779303629302,1,1
dev_a,181,Cc1ccc2oc(=O)c3cc(C(=O)NCCN4CCc5ccccc5C4)sc3c2c1,2,-2.502702528122418,-2.6879157342177993,-2.6879157342177993,0,0,0,0.0,0.0,0.0,0,0,0,0,0,0,1,1.0,0.0029999999999999706,0.00952523652167597,1,1
dev_a,181,CC(C)(C)NC(=O)C(c1ccccn1)N(C(=O)c1csnn1)C1CCCC1,0,-2.5266308545853104,-2.5266308545853104,-2.606667172872132,0,0,0,0.0,0.0,0.0,0,0,0,0,0,0,0,0.5,0.0015000000000000033,0.004442688781906021,1,1
dev_a,181,CC(C)(C)NC(=O)C(c1ccccn1)N(C(=O)c1csnn1)C1CCCC1,1,-2.513683489331256,-2.656841719852067,-2.656841719852067,0,0,0,0.0,0.0,0.0,0,0,0,0,0,0,0,1.0,0.0029999999999999836,0.006754532401912648,1,1
dev_a,181,CC(C)(C)NC(=O)C(c1ccccn1)N(C(=O)c1csnn1)C1CCCC1,2,-2.4041214872396126,-2.579122687726298,-2.579122687726298,0,0,0,0.0,0.0,0.0,0,0,0,0,0,0,0,1.0,0.002999999999999997,0.007697439063622704,1,1
dev_a,181,CCCN(CCC)c1nc(N)nc(-c2cc(Cl)ccc2OC)n1,0,-2.519662654982266,-2.708304855134043,-2.708304855134043,0,0,0,0.0,0.0,0.0,0,0,0,0,0,0,1,1.0,0.0030000000000000087,0.007421870206525969,1,1
dev_a,181,CCCN(CCC)c1nc(N)nc(-c2cc(Cl)ccc2OC)n1,1,-2.590595653450834,-2.7550336574552623,-2.7550336574552623,0,0,0,0.0,0.0,0.0,0,0,0,0,0,0,1,1.0,0.0030000000000000014,0.007661552150432996,1,1
dev_a,181,CCCN(CCC)c1nc(N)nc(-c2cc(Cl)ccc2OC)n1,2,-1.9466526738266794,-2.1172944328264514,-2.1172944328264514,0,0,0,0.0,0.0,0.0,0,0,0,0,0,0,0,1.0,0.0029999999999999975,0.009338755760438173,1,1
dev_a,181,CSc1nc2ccc(NC(=O)CSc3nnc(N)s3)cc2s1,0,-2.39812961722651,-2.5455415213443215,-2.5455415213443215,0,0,0,0.0,0.0,0.0,0,0,0,0,0,0,1,1.0,0.003000000000000006,0.010136323839310861,1,1
dev_a,181,CSc1nc2ccc(NC(=O)CSc3nnc(N)s3)cc2s1,1,-2.489603122742923,-2.609896349524088,-2.609896349524088,0,0,0,0.0,0.0,0.0,0,0,0,0,0,0,1,1.0,0.0030000000000000105,0.008019980044128872,1,1
dev_a,181,CSc1nc2ccc(NC(=O)CSc3nnc(N)s3)cc2s1,2,-2.454459486711408,-2.5935040293099405,-2.5935040293099405,0,0,0,0.0,0.0,0.0,0,0,0,0,0,0,0,1.0,0.0030000000000000304,0.009023996050156791,1,1
dev_a,181,COc1cc(_C=C_C(=O)OCC(=O)N2CCCCCC2)ccc1OCC#N,0,-2.287133443131065,-2.4783435909058382,-2.4783435909058382,0,0,0,0.0,0.0,0.0,0,0,0,0,0,0,1,1.0,0.0029999999999999814,0.007719177198217871,1,1
dev_a,181,COc1cc(_C=C_C(=O)OCC(=O)N2CCCCCC2)ccc1OCC#N,1,-2.276503248392088,-2.4687894765568874,-2.4687894765568874,0,0,0,0.0,0.0,0.0,0,0,0,0,0,0,0,1.0,0.003000000000000023,0.007951930707710166,1,1
dev_a,181,COc1cc(_C=C_C(=O)OCC(=O)N2CCCCCC2)ccc1OCC#N,2,-2.312105412173965,-2.508998427899069,-2.508998427899069,0,0,0,0.0,0.0,0.0,0,0,0,0,0,0,0,1.0,0.0030000000000000265,0.007903368508187245,1,1
dev_a,181,Cc1cccc(NC(=S)NC2CC3C=CC2C3)c1,0,-1.339075137123969,-1.508327352881408,-1.508327352881408,0,0,0,0.0,0.0,0.0,0,0,0,0,0,0,0,1.0,0.002999999999999996,0.006728228928046937,1,1
dev_a,181,Cc1cccc(NC(=S)NC2CC3C=CC2C3)c1,1,-1.0289412807375797,-1.1979841205577757,-1.1979841205577757,0,0,0,0.0,0.0,0.0,0,0,0,0,0,0,1,1.0,0.003000000000000017,0.006297733172629434,1,1
dev_a,181,Cc1cccc(NC(=S)NC2CC3C=CC2C3)c1,2,-1.3019282290497598,-1.4709604952523017,-1.4709604952523017,0,0,0,0.0,0.0,0.0,0,0,0,0,0,0,1,1.0,0.003000000000000006,0.007802626223175233,1,1
dev_a,181,CC(C)Sc1ccc(C(=O)Nc2ccc(F)cc2F)cn1,0,-2.580787920479465,-2.799459132676342,-2.799459132676342,0,0,0,0.0,0.0,0.0,0,0,0,0,0,0,0,1.0,0.0029999999999999866,0.008290307503655406,1,1
dev_a,181,CC(C)Sc1ccc(C(=O)Nc2ccc(F)cc2F)cn1,1,-2.6342000475657867,-2.84136743482159,-2.84136743482159,0,0,0,0.0,0.0,0.0,0,0,0,0,0,0,1,1.0,0.003000000000000009,0.008459771996598893,1,1
dev_a,181,CC(C)Sc1ccc(C(=O)Nc2ccc(F)cc2F)cn1,2,-2.5740027472633953,-2.7911901287348626,-2.7911901287348626,0,0,0,0.0,0.0,0.0,0,0,0,0,0,0,1,1.0,0.0030000000000000053,0.006906193216950201,1,1
dev_a,181,CN1CCN(C(=O)c2ccccc2NC(=O)CCN2C(=O)c3ccccc3C2=O)CC1,0,-2.6506187415291933,-2.8158950613425597,-2.8158950613425597,0,0,0,0.0,0.0,0.0,0,0,0,0,0,0,1,1.0,0.002999999999999981,0.00686748569291514,1,1
dev_a,181,CN1CCN(C(=O)c2ccccc2NC(=O)CCN2C(=O)c3ccccc3C2=O)CC1,1,-2.587880847264789,-2.747665275631549,-2.747665275631549,0,0,0,0.0,0.0,0.0,0,0,0,0,0,0,0,1.0,0.003000000000000006,0.006755335103886734,1,1
dev_a,181,CN1CCN(C(=O)c2ccccc2NC(=O)CCN2C(=O)c3ccccc3C2=O)CC1,2,-2.528726844085739,-2.7470324609081067,-2.7470324609081067,0,0,0,0.0,0.0,0.0,0,0,0,0,0,0,0,1.0,0.002999999999999981,0.009111099871135652,1,1
dev_a,181,Cc1ccn2c(NCc3ccccc3)c(-c3cccs3)nc2c1,0,-2.3798063052925826,-2.5520885825397572,-2.5520885825397572,0,0,0,0.0,0.0,0.0,0,0,0,0,0,0,1,1.0,0.0030000000000000335,0.009031030039854027,1,1
dev_a,181,Cc1ccn2c(NCc3ccccc3)c(-c3cccs3)nc2c1,1,-2.4192580700858612,-2.580010749163072,-2.580010749163072,0,0,0,0.0,0.0,0.0,0,0,0,0,0,0,0,1.0,0.0030000000000000213,0.006447264550269007,1,1
dev_a,181,Cc1ccn2c(NCc3ccccc3)c(-c3cccs3)nc2c1,2,-2.365334057030796,-2.5447511372030087,-2.5447511372030087,0,0,0,0.0,0.0,0.0,0,0,0,0,0,0,0,1.0,0.0029999999999999884,0.006463574620840183,1,1
dev_a,181,C_C(CC(=O)NCc1ccco1)=N\NC(=O)CC#N,0,-2.6289677397557747,-2.7173640781831634,-2.7173640781831634,0,0,0,0.0,0.0,0.0,0,0,0,0,0,0,0,1.0,0.0030000000000000226,0.007020691161432835,1,1
dev_a,181,C_C(CC(=O)NCc1ccco1)=N\NC(=O)CC#N,1,-2.5592221790717353,-2.693549435418708,-2.693549435418708,0,0,0,0.0,0.0,0.0,0,0,0,0,0,0,1,1.0,0.0030000000000000274,0.008089602213275624,1,1
dev_a,181,C_C(CC(=O)NCc1ccco1)=N\NC(=O)CC#N,2,-2.6113404039018215,-2.7551597062703848,-2.7551597062703848,0,0,0,0.0,0.0,0.0,0,0,0,0,0,0,0,1.0,0.002999999999999985,0.007170850407691089,1,1
dev_a,181,Cc1ccccc1NC(=O)CN1C(=O)COc2ccc(S(=O)(=O)N3CCCC3)cc21,0,-2.5589992413091647,-2.70198658402313,-2.70198658402313,0,0,0,0.0,0.0,0.0,0,0,0,0,0,0,1,1.0,0.0029999999999999996,0.006588177099597308,1,1
dev_a,181,Cc1ccccc1NC(=O)CN1C(=O)COc2ccc(S(=O)(=O)N3CCCC3)cc21,1,-2.4250756448749,-2.6214063408026895,-2.6214063408026895,0,0,0,0.0,0.0,0.0,0,0,0,0,0,0,0,1.0,0.0029999999999999988,0.007731391815819574,1,1
dev_a,181,Cc1ccccc1NC(=O)CN1C(=O)COc2ccc(S(=O)(=O)N3CCCC3)cc21,2,-2.291699087742608,-2.542119102096808,-2.542119102096808,0,0,0,0.0,0.0,0.0,0,0,0,0,0,0,1,1.0,0.0029999999999999944,0.007723221556548407,1,1
dev_a,181,CN1C2C=C3C(C#N)=C(N)C(C#N)(C#N)[C@@H](c4ccc(Cl)cc4)[C@@H]3C1CC2,0,-1.8415922645622946,-2.0934738335588228,-2.0934738335588228,0,0,0,0.0,0.0,0.0,0,0,0,0,0,0,0,1.0,0.003000000000000004,0.007972072529227558,1,1
dev_a,181,CN1C2C=C3C(C#N)=C(N)C(C#N)(C#N)[C@@H](c4ccc(Cl)cc4)[C@@H]3C1CC2,1,-1.6705097256823787,-1.963728177010518,-1.963728177010518,0,0,0,0.0,0.0,0.0,0,0,0,0,0,0,0,1.0,0.0029999999999999966,0.007150986135629327,1,1
dev_a,181,CN1C2C=C3C(C#N)=C(N)C(C#N)(C#N)[C@@H](c4ccc(Cl)cc4)[C@@H]3C1CC2,2,-1.7854526945910432,-1.9761342788698855,-1.9761342788698855,0,0,0,0.0,0.0,0.0,0,0,0,0,0,0,1,1.0,0.0029999999999999884,0.008846739307401043,1,1
dev_a,181,CCOc1cc(NC(=S)NCCCN2CCOCC2)c(OCC)cc1NC(=O)C1CCCCC1,0,-2.545038756622896,-2.720795203747617,-2.720795203747617,0,0,0,0.0,0.0,0.0,0,0,0,0,0,0,0,1.0,0.003000000000000009,0.009280849659303411,1,1
dev_a,181,CCOc1cc(NC(=S)NCCCN2CCOCC2)c(OCC)cc1NC(=O)C1CCCCC1,1,-2.565814898256864,-2.7452905223251722,-2.7452905223251722,0,0,0,0.0,0.0,0.0,0,0,0,0,0,0,1,1.0,0.002999999999999991,0.010644812526345915,1,1
dev_a,181,CCOc1cc(NC(=S)NCCCN2CCOCC2)c(OCC)cc1NC(=O)C1CCCCC1,2,-2.4330308544769554,-2.6400521014892733,-2.6400521014892733,0,0,0,0.0,0.0,0.0,0,0,0,0,0,0,0,1.0,0.003000000000000011,0.011547168113900384,1,1
dev_a,181,O=C(CN1CCN(C(=O)C2CCCO2)CC1)Nc1ccc(Br)cc1,0,-2.4373540026628913,-2.4373540026628913,-2.553463971955609,0,0,0,0.0,0.0,0.0,0,0,0,0,0,0,0,0.5,0.0015000000000000063,0.0036741554926918215,1,1
dev_a,181,O=C(CN1CCN(C(=O)C2CCCO2)CC1)Nc1ccc(Br)cc1,1,-2.5335409341302517,-2.7301369980034362,-2.7301369980034362,0,0,0,0.0,0.0,0.0,0,0,0,0,0,0,0,1.0,0.003000000000000022,0.008165097981437377,1,1
dev_a,181,O=C(CN1CCN(C(=O)C2CCCO2)CC1)Nc1ccc(Br)cc1,2,-2.710090024999375,-2.8387535691691745,-2.8387535691691745,0,0,0,0.0,0.0,0.0,0,0,0,0,0,0,0,1.0,0.0029999999999999966,0.00577788808142083,1,1
dev_a,181,COc1ccc(C2[NH2+]C(c3ccc(OC)c(OC)c3OC)C(C)C(=O)C2C)c(OC)c1OC,0,-2.1041749546509068,-2.1041749546509068,-2.2458494380903327,0,0,0,0.0,0.0,0.0,0,0,0,0,0,0,0,0.5,0.0015000000000000018,0.004682014806532288,1,1
dev_a,181,COc1ccc(C2[NH2+]C(c3ccc(OC)c(OC)c3OC)C(C)C(=O)C2C)c(OC)c1OC,1,-2.211011137311491,-2.4376285290746775,-2.4376285290746775,0,0,0,0.0,0.0,0.0,0,0,0,0,0,0,1,1.0,0.0030000000000000083,0.009796135774119663,1,1
dev_a,181,COc1ccc(C2[NH2+]C(c3ccc(OC)c(OC)c3OC)C(C)C(=O)C2C)c(OC)c1OC,2,-2.2312762767350014,-2.2312762767350014,-2.3533681951553556,0,0,0,0.0,0.0,0.0,0,0,0,0,0,0,0,0.5,0.0015000000000000087,0.004563050469820412,1,1
dev_a,181,CCOC(=O)c1cnc2c(CC)cccc2c1NCCN1CCOCC1,0,-2.5405201015690264,-2.7541720669324823,-2.7541720669324823,0,0,0,0.0,0.0,0.0,0,0,0,0,0,0,0,1.0,0.0029999999999999905,0.00779124555891713,1,1
dev_a,181,CCOC(=O)c1cnc2c(CC)cccc2c1NCCN1CCOCC1,1,-2.39297127929722,-2.61805373494946,-2.61805373494946,0,0,0,0.0,0.0,0.0,0,0,0,0,0,0,0,1.0,0.003000000000000018,0.007279632135335414,1,1
dev_a,181,CCOC(=O)c1cnc2c(CC)cccc2c1NCCN1CCOCC1,2,-2.440481533402087,-2.695608205294496,-2.695608205294496,0,0,0,0.0,0.0,0.0,0,0,0,0,0,0,0,1.0,0.0030000000000000066,0.007932377689288514,1,1
dev_a,181,COc1ccc(CNC(=O)CN(c2cc(C)cc(C)c2)S(=O)(=O)c2c(C)noc2C)cc1,0,-2.6976384432222957,-2.839298878230364,-2.839298878230364,0,0,0,0.0,0.0,0.0,0,0,0,0,0,0,1,1.0,0.003000000000000016,0.00731862394614901,1,1
dev_a,181,COc1ccc(CNC(=O)CN(c2cc(C)cc(C)c2)S(=O)(=O)c2c(C)noc2C)cc1,1,-2.566269521637431,-2.7717873814476057,-2.7717873814476057,0,0,0,0.0,0.0,0.0,0,0,0,0,0,0,0,1.0,0.0030000000000000174,0.007917938740318521,1,1
dev_a,181,COc1ccc(CNC(=O)CN(c2cc(C)cc(C)c2)S(=O)(=O)c2c(C)noc2C)cc1,2,-2.6781620599330336,-2.8412619028558415,-2.8412619028558415,0,0,0,0.0,0.0,0.0,0,0,0,0,0,0,1,1.0,0.002999999999999998,0.00640489814547181,1,1
dev_a,181,COC(=O)c1cc(OC)c(OC)cc1NC(=O)CSc1ccccc1,0,-2.371039868886793,-2.5421768413054946,-2.5421768413054946,0,0,0,0.0,0.0,0.0,0,0,0,0,0,0,0,1.0,0.0029999999999999923,0.010884189069726668,1,1
dev_a,181,COC(=O)c1cc(OC)c(OC)cc1NC(=O)CSc1ccccc1,1,-2.328269038542186,-2.5374154377845035,-2.5374154377845035,0,0,0,0.0,0.0,0.0,0,0,0,0,0,0,1,1.0,0.0029999999999999827,0.006907414048477518,1,1
dev_a,181,COC(=O)c1cc(OC)c(OC)cc1NC(=O)CSc1ccccc1,2,-2.3349969508205075,-2.5568605702619287,-2.5568605702619287,0,0,0,0.0,0.0,0.0,0,0,0,0,0,0,0,1.0,0.0030000000000000035,0.008707338502093867,1,1
dev_a,181,CCOC(=O)c1sc(NC(=O)CCC(=O)O)nc1C,0,-2.5884403230122035,-2.721754456041041,-2.721754456041041,0,0,0,0.0,0.0,0.0,0,0,0,0,0,0,0,1.0,0.0029999999999999914,0.006688271187642876,1,1
dev_a,181,CCOC(=O)c1sc(NC(=O)CCC(=O)O)nc1C,1,-2.643069334317596,-2.7511710201253026,-2.7511710201253026,0,0,0,0.0,0.0,0.0,0,0,0,0,0,0,1,1.0,0.002999999999999998,0.006134541198067789,1,1
dev_a,181,CCOC(=O)c1sc(NC(=O)CCC(=O)O)nc1C,2,-2.68716630509515,-2.777427389230846,-2.777427389230846,0,0,0,0.0,0.0,0.0,0,0,0,0,0,0,0,1.0,0.0029999999999999654,0.007968611582302436,1,1
dev_a,181,CC(_C=C1\SC(=S)N(c2ccc(C(=O)O)cc2)C1=O)=C\c1ccccc1,0,-2.7220556041583137,-2.844050192857531,-2.844050192857531,0,0,0,0.0,0.0,0.0,0,0,0,0,0,0,0,1.0,0.003000000000000019,0.0076812122366797485,1,1
dev_a,181,CC(_C=C1\SC(=S)N(c2ccc(C(=O)O)cc2)C1=O)=C\c1ccccc1,1,-2.7619977234468394,-2.910479697780249,-2.910479697780249,0,0,0,0.0,0.0,0.0,0,0,0,0,0,0,1,1.0,0.0029999999999999727,0.007324360755931637,1,1
dev_a,181,CC(_C=C1\SC(=S)N(c2ccc(C(=O)O)cc2)C1=O)=C\c1ccccc1,2,-2.677036604666484,-2.855908773903854,-2.855908773903854,0,0,0,0.0,0.0,0.0,0,0,0,0,0,0,0,1.0,0.0029999999999999923,0.006439013854319758,1,1
dev_a,181,CC(C(=O)NCC1CCCCC1)N1CCN(S(=O)(=O)_C=C_c2ccccc2)CC1,0,-2.542493796342591,-2.7419823597091044,-2.7419823597091044,0,0,0,0.0,0.0,0.0,0,0,0,0,0,0,1,1.0,0.003000000000000008,0.006530093405536059,1,1
dev_a,181,CC(C(=O)NCC1CCCCC1)N1CCN(S(=O)(=O)_C=C_c2ccccc2)CC1,1,-2.6519387741109544,-2.825132959433403,-2.825132959433403,0,0,0,0.0,0.0,0.0,0,0,0,0,0,0,0,1.0,0.0030000000000000105,0.008157103929253413,1,1
dev_a,181,CC(C(=O)NCC1CCCCC1)N1CCN(S(=O)(=O)_C=C_c2ccccc2)CC1,2,-2.7748455065092528,-2.9045468146287057,-2.9045468146287057,0,0,0,0.0,0.0,0.0,0,0,0,0,0,0,1,1.0,0.0029999999999999875,0.007045635470143201,1,1
dev_a,181,Cc1c(Cc2ccc3c(c2)OCO3)sc(NC(=O)c2cccc3ccccc23)c1C(N)=O,0,-2.5101391027998714,-2.7662445487453504,-2.7111787843596744,1,0,0,0.002485643637746282,0.0,0.0,0,0,0,1,0,0,0,1.0,0.0030000000000000174,0.01232354494683161,1,1
dev_a,181,Cc1c(Cc2ccc3c(c2)OCO3)sc(NC(=O)c2cccc3ccccc23)c1C(N)=O,1,-2.526463274560712,-2.770351713678905,-2.7144634334273525,1,1,1,0.025338302978592075,0.023737937225620342,0.003146309509900469,0,0,0,1,0,0,0,1.0,0.002999999999999995,0.011725882802518359,1,1
dev_a,181,Cc1c(Cc2ccc3c(c2)OCO3)sc(NC(=O)c2cccc3ccccc23)c1C(N)=O,2,-2.6337788544045786,-2.843478016024248,-2.843478016024248,0,0,0,0.0,0.0,0.0,0,0,0,0,0,0,0,1.0,0.0030000000000000118,0.007868945303652227,1,1
dev_a,181,COc1ccccc1N(C(=O)c1snc(C(N)=O)c1N)C(C(=O)NCc1ccccc1)c1ccc(O)cc1,0,-2.4080883878190935,-2.648099676049581,-2.648099676049581,0,0,0,0.0,0.0,0.0,0,0,0,0,0,0,1,1.0,0.0030000000000000014,0.007020790782680242,1,1
dev_a,181,COc1ccccc1N(C(=O)c1snc(C(N)=O)c1N)C(C(=O)NCc1ccccc1)c1ccc(O)cc1,1,-2.3498823012707737,-2.5665619576343977,-2.5665619576343977,0,0,0,0.0,0.0,0.0,0,0,0,0,0,0,0,1.0,0.002999999999999969,0.008174082505911782,1,1
dev_a,181,COc1ccccc1N(C(=O)c1snc(C(N)=O)c1N)C(C(=O)NCc1ccccc1)c1ccc(O)cc1,2,-2.448764679182983,-2.658370658725108,-2.658370658725108,0,0,0,0.0,0.0,0.0,0,0,0,0,0,0,1,1.0,0.0030000000000000165,0.007987072341916647,1,1
dev_a,181,O=[N+]([O-])C(Br)(CO)CO,0,-1.7180946989883437,-2.0181414751591538,-2.0181414751591538,0,0,0,0.0,0.0,0.0,0,0,0,0,0,0,0,1.0,0.00300000000000005,0.007816924555310571,1,1
dev_a,181,O=[N+]([O-])C(Br)(CO)CO,1,-1.1359692614012262,-1.5868787166874163,-1.5868787166874163,0,0,0,0.0,0.0,0.0,0,0,0,0,0,0,1,1.0,0.0030000000000000165,0.007881972397821272,1,1
dev_a,181,O=[N+]([O-])C(Br)(CO)CO,2,-0.19513485935372588,-0.7962453560023257,-0.7962453560023257,0,0,0,0.0,0.0,0.0,0,0,0,0,0,0,1,1.0,0.0029999999999999953,0.007777920270564965,1,1
dev_a,181,COc1ccc2c(OCc3nnc4ccc(-c5ccccc5)nn34)ccnc2c1,0,-2.382834051756563,-2.5805980224875853,-2.5805980224875853,0,0,0,0.0,0.0,0.0,0,0,0,0,0,0,1,1.0,0.0030000000000000118,0.008718805732782536,1,1
dev_a,181,COc1ccc2c(OCc3nnc4ccc(-c5ccccc5)nn34)ccnc2c1,1,-2.3764698770692303,-2.545979943543739,-2.545979943543739,0,0,0,0.0,0.0,0.0,0,0,0,0,0,0,0,1.0,0.0029999999999999966,0.00731201834419439,1,1
dev_a,181,COc1ccc2c(OCc3nnc4ccc(-c5ccccc5)nn34)ccnc2c1,2,-2.158170081391556,-2.430729376613681,-2.430729376613681,0,0,0,0.0,0.0,0.0,0,0,0,0,0,0,1,1.0,0.0029999999999999897,0.007556667967600878,1,1
dev_a,181,CC(C)CC(NS(=O)(=O)c1ccc2c(c1)oc(=O)n2C)C(=O)N1CC=C(c2ccccc2)CC1,0,-2.310867092799545,-2.5800586741858877,-2.5800586741858877,0,0,0,0.0,0.0,0.0,0,0,0,0,0,0,0,1.0,0.0029999999999999875,0.00794101118808266,1,1
dev_a,181,CC(C)CC(NS(=O)(=O)c1ccc2c(c1)oc(=O)n2C)C(=O)N1CC=C(c2ccccc2)CC1,1,-2.3442908275615544,-2.5695210367014507,-2.5695210367014507,0,0,0,0.0,0.0,0.0,0,0,0,0,0,0,1,1.0,0.002999999999999997,0.007580692659908029,1,1
dev_a,181,CC(C)CC(NS(=O)(=O)c1ccc2c(c1)oc(=O)n2C)C(=O)N1CC=C(c2ccccc2)CC1,2,-2.4775548930601774,-2.653001682719271,-2.653001682719271,0,0,0,0.0,0.0,0.0,0,0,0,0,0,0,1,1.0,0.003000000000000006,0.008312387287618158,1,1
dev_a,181,O=C(NCCc1ccccc1)C1CCCN(S(=O)(=O)c2cccs2)C1,0,-2.5431512522062163,-2.729307321073398,-2.729307321073398,0,0,0,0.0,0.0,0.0,0,0,0,0,0,0,1,1.0,0.0029999999999999927,0.009710953203919773,1,1
dev_a,181,O=C(NCCc1ccccc1)C1CCCN(S(=O)(=O)c2cccs2)C1,1,-2.5513060974502952,-2.5513060974502952,-2.61528229301679,0,0,0,0.0,0.0,0.0,0,0,0,0,0,0,0,0.25,0.0007499999999999911,0.0023742807457266687,1,1
dev_a,181,O=C(NCCc1ccccc1)C1CCCN(S(=O)(=O)c2cccs2)C1,2,-2.59339158530629,-2.8106366721205855,-2.8106366721205855,0,0,0,0.0,0.0,0.0,0,0,0,0,0,0,0,1.0,0.002999999999999993,0.011716579894238934,1,1
dev_a,181,COc1cc(C(=O)OCC(=O)N2CCOCC2)c([N+](=O)[O-])cc1OC,0,-2.347964317936131,-2.5744217489587307,-2.5744217489587307,0,0,0,0.0,0.0,0.0,0,0,0,0,0,0,0,1.0,0.0030000000000000118,0.007193852968991739,1,1
dev_a,181,COc1cc(C(=O)OCC(=O)N2CCOCC2)c([N+](=O)[O-])cc1OC,1,-2.4196294296551404,-2.62833256124482,-2.62833256124482,0,0,0,0.0,0.0,0.0,0,0,0,0,0,0,0,1.0,0.0030000000000000248,0.009813568102071608,1,1
dev_a,181,COc1cc(C(=O)OCC(=O)N2CCOCC2)c([N+](=O)[O-])cc1OC,2,-2.324001571245931,-2.4926976760754296,-2.4926976760754296,0,0,0,0.0,0.0,0.0,0,0,0,0,0,0,0,1.0,0.0029999999999999736,0.008483873503555138,1,1
dev_a,181,CCC1(C)Cc2c(sc3[nH]c(=O)[nH]c(=O)c23)CS1,0,-2.271568500741871,-2.4092748168526428,-2.4092748168526428,0,0,0,0.0,0.0,0.0,0,0,0,0,0,0,1,1.0,0.0030000000000000213,0.006756812490513849,1,1
dev_a,181,CCC1(C)Cc2c(sc3[nH]c(=O)[nH]c(=O)c23)CS1,1,-2.331405677508677,-2.4637710289954433,-2.4637710289954433,0,0,0,0.0,0.0,0.0,0,0,0,0,0,0,1,1.0,0.0029999999999999897,0.006137944842801131,1,1
dev_a,181,CCC1(C)Cc2c(sc3[nH]c(=O)[nH]c(=O)c23)CS1,2,-2.312424887353015,-2.4409610710030183,-2.4409610710030183,0,0,0,0.0,0.0,0.0,0,0,0,0,0,0,1,1.0,0.0029999999999999714,0.006010238866164979,1,1
dev_a,181,COc1ccc([N+](=O)[O-])cc1N(CC(=O)N1CCCCC1)S(C)(=O)=O,0,-2.6235765321120965,-2.7819383255372725,-2.7819383255372725,0,0,0,0.0,0.0,0.0,0,0,0,0,0,0,1,1.0,0.0030000000000000096,0.00960463072797213,1,1
dev_a,181,COc1ccc([N+](=O)[O-])cc1N(CC(=O)N1CCCCC1)S(C)(=O)=O,1,-2.6361976906170206,-2.7971274223899236,-2.7971274223899236,0,0,0,0.0,0.0,0.0,0,0,0,0,0,0,0,1.0,0.0029999999999999905,0.006447357418654711,1,1
dev_a,181,COc1ccc([N+](=O)[O-])cc1N(CC(=O)N1CCCCC1)S(C)(=O)=O,2,-2.4749181061721224,-2.4749181061721224,-2.5049574174710605,0,0,0,0.0,0.0,0.0,0,0,0,0,0,0,0,0.125,0.00037500000000002223,0.0010742295794982277,1,1
dev_a,181,Cc1cc(NC(=O)CN2C(=O)CC(c3ccco3)Sc3ccccc32)no1,0,-2.6930354901800415,-2.7978844960911706,-2.7978844960911706,0,0,0,0.0,0.0,0.0,0,0,0,0,0,0,0,1.0,0.0030000000000000144,0.006113458359978442,1,1
dev_a,181,Cc1cc(NC(=O)CN2C(=O)CC(c3ccco3)Sc3ccccc32)no1,1,-2.4241197229421756,-2.587108072608137,-2.587108072608137,0,0,0,0.0,0.0,0.0,0,0,0,0,0,0,0,1.0,0.002999999999999995,0.007226780408299524,1,1
dev_a,181,Cc1cc(NC(=O)CN2C(=O)CC(c3ccco3)Sc3ccccc32)no1,2,-2.548741360131836,-2.715698044149086,-2.715698044149086,0,0,0,0.0,0.0,0.0,0,0,0,0,0,0,1,1.0,0.003000000000000009,0.009181363601084404,1,1
dev_a,181,CC1(C)C2([N+](=O)[O-])CN3CC1([N+](=O)[O-])CN(C2)C3c1ccccc1,0,-2.388957530864631,-2.619267640641962,-2.619267640641962,0,0,0,0.0,0.0,0.0,0,0,0,0,0,0,0,1.0,0.0029999999999999775,0.008614851945999098,1,1
dev_a,181,CC1(C)C2([N+](=O)[O-])CN3CC1([N+](=O)[O-])CN(C2)C3c1ccccc1,1,-2.34580784410465,-2.5920893456310283,-2.5920893456310283,0,0,0,0.0,0.0,0.0,0,0,0,0,0,0,1,1.0,0.002999999999999991,0.007972201314002114,1,1
dev_a,181,CC1(C)C2([N+](=O)[O-])CN3CC1([N+](=O)[O-])CN(C2)C3c1ccccc1,2,-2.487657266604606,-2.713950323369273,-2.713950323369273,0,0,0,0.0,0.0,0.0,0,0,0,0,0,0,0,1.0,0.002999999999999991,0.006789522183624549,1,1
dev_a,181,Cc1ccnc(N=Cc2nc(-c3ccccc3Br)oc2O)c1,0,-1.9746798325471153,-2.2975046957410727,-2.2975046957410727,0,0,0,0.0,0.0,0.0,0,0,0,0,0,0,0,1.0,0.0030000000000000035,0.012241591241660472,1,1
dev_a,181,Cc1ccnc(N=Cc2nc(-c3ccccc3Br)oc2O)c1,1,-2.0249722368210126,-2.3047626156043943,-2.3047626156043943,0,0,0,0.0,0.0,0.0,0,0,0,0,0,0,0,1.0,0.0030000000000000204,0.006423457904169324,1,1
dev_a,181,Cc1ccnc(N=Cc2nc(-c3ccccc3Br)oc2O)c1,2,-2.079079383544878,-2.3176417184433262,-2.3176417184433262,0,0,0,0.0,0.0,0.0,0,0,0,0,0,0,1,1.0,0.0029999999999999723,0.009370364782478477,1,1
dev_a,181,C=CCN1CC[NH+](C(c2ccc(Cl)cc2)c2nnnn2CCc2ccc(OC)c(OC)c2)CC1,0,-2.588292330937617,-2.759594560964671,-2.759594560964671,0,0,0,0.0,0.0,0.0,0,0,0,0,0,0,0,1.0,0.003000000000000006,0.007581549775906429,1,1
dev_a,181,C=CCN1CC[NH+](C(c2ccc(Cl)cc2)c2nnnn2CCc2ccc(OC)c(OC)c2)CC1,1,-2.5281369168984993,-2.70757686835446,-2.70757686835446,0,0,0,0.0,0.0,0.0,0,0,0,0,0,0,0,1.0,0.003000000000000019,0.008425382214703398,1,1
dev_a,181,C=CCN1CC[NH+](C(c2ccc(Cl)cc2)c2nnnn2CCc2ccc(OC)c(OC)c2)CC1,2,-2.532622649912722,-2.721384244730393,-2.721384244730393,0,0,0,0.0,0.0,0.0,0,0,0,0,0,0,1,1.0,0.0030000000000000144,0.007485547024767181,1,1
dev_a,181,O=C(COc1ccccc1[N+](=O)[O-])Nc1ccc2oc(=O)ccc2c1,0,-1.9356343090478298,-2.1538098350252097,-2.1538098350252097,0,0,0,0.0,0.0,0.0,0,0,0,0,0,0,1,1.0,0.0029999999999999957,0.006414012112324109,1,1
dev_a,181,O=C(COc1ccccc1[N+](=O)[O-])Nc1ccc2oc(=O)ccc2c1,1,-2.1743526155881034,-2.381647977426866,-2.381647977426866,0,0,0,0.0,0.0,0.0,0,0,0,0,0,0,1,1.0,0.003000000000000015,0.006382702883024844,1,1
dev_a,181,O=C(COc1ccccc1[N+](=O)[O-])Nc1ccc2oc(=O)ccc2c1,2,-1.9894907341455226,-2.2590486282901034,-2.2590486282901034,0,0,0,0.0,0.0,0.0,0,0,0,0,0,0,1,1.0,0.003000000000000024,0.0074106814019965946,1,1
dev_a,181,Cc1ccnc(N2CCC(C(=O)Nc3nnc(C)s3)CC2)n1,0,-2.4521203582135906,-2.5742385619720967,-2.5742385619720967,0,0,0,0.0,0.0,0.0,0,0,0,0,0,0,1,1.0,0.0030000000000000165,0.006799121720898864,1,1
dev_a,181,Cc1ccnc(N2CCC(C(=O)Nc3nnc(C)s3)CC2)n1,1,-2.624087701513603,-2.749574526883702,-2.749574526883702,0,0,0,0.0,0.0,0.0,0,0,0,0,0,0,1,1.0,0.0030000000000000066,0.007420985580951393,1,1
dev_a,181,Cc1ccnc(N2CCC(C(=O)Nc3nnc(C)s3)CC2)n1,2,-2.6330146569817248,-2.7899868432925965,-2.7899868432925965,0,0,0,0.0,0.0,0.0,0,0,0,0,0,0,0,1.0,0.0029999999999999966,0.008483684299461596,1,1
dev_a,181,O=C(CN1C(=O)COc2ccc(Cl)cc21)Nc1ccc(N2CCOCC2)cc1,0,-2.511174846394264,-2.7170312341284295,-2.7170312341284295,0,0,0,0.0,0.0,0.0,0,0,0,0,0,0,0,1.0,0.002999999999999983,0.006977382474511199,1,1
dev_a,181,O=C(CN1C(=O)COc2ccc(Cl)cc21)Nc1ccc(N2CCOCC2)cc1,1,-2.6101165310480443,-2.800256378459351,-2.800256378459351,0,0,0,0.0,0.0,0.0,0,0,0,0,0,0,1,1.0,0.0030000000000000473,0.008300224987350202,1,1
dev_a,181,O=C(CN1C(=O)COc2ccc(Cl)cc21)Nc1ccc(N2CCOCC2)cc1,2,-2.46034027503653,-2.6893146711399796,-2.6893146711399796,0,0,0,0.0,0.0,0.0,0,0,0,0,0,0,0,1.0,0.002999999999999992,0.007272667242512318,1,1
dev_a,181,O=C(NNC(=O)c1cc2ccccc2cc1O)Nc1ccc(F)cc1F,0,-2.395481386245932,-2.6660736084366006,-2.6660736084366006,0,0,0,0.0,0.0,0.0,0,0,0,0,0,0,0,1.0,0.003000000000000023,0.007199641890976739,1,1
dev_a,181,O=C(NNC(=O)c1cc2ccccc2cc1O)Nc1ccc(F)cc1F,1,-2.514789104773315,-2.7333144652018,-2.7333144652018,0,0,0,0.0,0.0,0.0,0,0,0,0,0,0,1,1.0,0.002999999999999966,0.007679278263331993,1,1
dev_a,181,O=C(NNC(=O)c1cc2ccccc2cc1O)Nc1ccc(F)cc1F,2,-2.6113831796234472,-2.8233019173893825,-2.8233019173893825,0,0,0,0.0,0.0,0.0,0,0,0,0,0,0,1,1.0,0.002999999999999996,0.009655741874335069,1,1
dev_a,181,CN(C)C(CNC(=O)c1cnc(Cl)c(Cl)c1)c1ccccc1,0,-2.7220590612451954,-2.8578514965493476,-2.8578514965493476,0,0,0,0.0,0.0,0.0,0,0,0,0,0,0,1,1.0,0.002999999999999984,0.0068691665330424066,1,1
dev_a,181,CN(C)C(CNC(=O)c1cnc(Cl)c(Cl)c1)c1ccccc1,1,-2.4385275324634748,-2.625932246777313,-2.625932246777313,0,0,0,0.0,0.0,0.0,0,0,0,0,0,0,0,1.0,0.0030000000000000027,0.008869791710667459,1,1
dev_a,181,CN(C)C(CNC(=O)c1cnc(Cl)c(Cl)c1)c1ccccc1,2,-2.6587621481684565,-2.82020851876519,-2.82020851876519,0,0,0,0.0,0.0,0.0,0,0,0,0,0,0,0,1.0,0.002999999999999993,0.006839162206195617,1,1
dev_a,181,N#CCN1CCN(c2ccc(C(F)(F)F)cc2)CC1,0,-2.8454546927480773,-2.993323109813147,-2.993323109813147,0,0,0,0.0,0.0,0.0,0,0,0,0,0,0,0,1.0,0.00299999999999998,0.010458944343231892,1,1
dev_a,181,N#CCN1CCN(c2ccc(C(F)(F)F)cc2)CC1,1,-2.6213508155022005,-2.8296589756080137,-2.8296589756080137,0,0,0,0.0,0.0,0.0,0,0,0,0,0,0,1,1.0,0.003000000000000032,0.007481362784585197,1,1
dev_a,181,N#CCN1CCN(c2ccc(C(F)(F)F)cc2)CC1,2,-2.8492298202191626,-2.8492298202191626,-2.9184750064442015,0,0,0,0.0,0.0,0.0,0,0,0,0,0,0,1,0.5,0.0014999999999999966,0.0037288473735316244,1,1
dev_a,181,CCOC(=O)N1CCN(S(=O)(=O)c2ccc([N+](=O)[O-])cc2)CC1,0,-2.6855487296850966,-2.8720967015457592,-2.8720967015457592,0,0,0,0.0,0.0,0.0,0,0,0,0,0,0,0,1.0,0.003000000000000024,0.006653551536223841,1,1
dev_a,181,CCOC(=O)N1CCN(S(=O)(=O)c2ccc([N+](=O)[O-])cc2)CC1,1,-2.5217640309577183,-2.72555019335815,-2.72555019335815,0,0,0,0.0,0.0,0.0,0,0,0,0,0,0,0,1.0,0.003000000000000036,0.008943056288116313,1,1
dev_a,181,CCOC(=O)N1CCN(S(=O)(=O)c2ccc([N+](=O)[O-])cc2)CC1,2,-2.6214593059790863,-2.8176289153202356,-2.8176289153202356,0,0,0,0.0,0.0,0.0,0,0,0,0,0,0,0,1.0,0.0030000000000000235,0.009155815967023525,1,1
dev_a,181,O=C(O)_C=C_c1ccc2c(c1)OCCO2,0,-2.310235722732455,-2.502302091173896,-2.502302091173896,0,0,0,0.0,0.0,0.0,0,0,0,0,0,0,1,1.0,0.0029999999999999923,0.007235470682676358,1,1
dev_a,181,O=C(O)_C=C_c1ccc2c(c1)OCCO2,1,-2.3807401589822046,-2.540061317926798,-2.540061317926798,0,0,0,0.0,0.0,0.0,0,0,0,0,0,0,0,1.0,0.0029999999999999836,0.006572831180375101,1,1
dev_a,181,O=C(O)_C=C_c1ccc2c(c1)OCCO2,2,-2.407298980636342,-2.5606898325334453,-2.5606898325334453,0,0,0,0.0,0.0,0.0,0,0,0,0,0,0,0,1.0,0.0029999999999999866,0.007703137677050416,1,1
dev_a,181,COc1ccc(-c2nc([NH2+]CCCN(C)C)c3ccccc3n2)cc1,0,-2.357291343006929,-2.5554136996472026,-2.5554136996472026,0,0,0,0.0,0.0,0.0,0,0,0,0,0,0,1,1.0,0.002999999999999985,0.0068072571140540125,1,1
dev_a,181,COc1ccc(-c2nc([NH2+]CCCN(C)C)c3ccccc3n2)cc1,1,-2.268334929290005,-2.5325432336876434,-2.5325432336876434,0,0,0,0.0,0.0,0.0,0,0,0,0,0,0,0,1.0,0.003000000000000022,0.009931630715425794,1,1
dev_a,181,COc1ccc(-c2nc([NH2+]CCCN(C)C)c3ccccc3n2)cc1,2,-2.3150746750131304,-2.5440069600592903,-2.5440069600592903,0,0,0,0.0,0.0,0.0,0,0,0,0,0,0,0,1.0,0.0030000000000000135,0.010054533711657683,1,1
dev_b,181,COc1ccc(NC(=O)C(F)(F)F)cc1OC,0,-2.056776823289665,-2.273590796570743,-2.273590796570743,0,0,0,0.0,0.0,0.0,0,0,0,0,0,0,0,1.0,0.0029999999999999957,0.00723524776508462,1,1
dev_b,181,COc1ccc(NC(=O)C(F)(F)F)cc1OC,1,-2.182488596338838,-2.3357677295352337,-2.3357677295352337,0,0,0,0.0,0.0,0.0,0,0,0,0,0,0,0,1.0,0.0029999999999999914,0.0076096377544470125,1,1
dev_b,181,COc1ccc(NC(=O)C(F)(F)F)cc1OC,2,-2.1852331365256825,-2.352530926468453,-2.352530926468453,0,0,0,0.0,0.0,0.0,0,0,0,0,0,0,0,1.0,0.0030000000000000027,0.009401541977537052,1,1
dev_b,181,c1cc2c(cc1-c1csc(N[NH2+]C3=NCCCCC3)n1)OCCO2,0,-1.2117845155185327,-1.5320043183975578,-1.5320043183975578,0,0,0,0.0,0.0,0.0,0,0,0,0,0,0,0,1.0,0.00299999999999998,0.00795537852422445,1,1
dev_b,181,c1cc2c(cc1-c1csc(N[NH2+]C3=NCCCCC3)n1)OCCO2,1,-2.064196940321282,-2.2659468262280056,-2.2659468262280056,0,0,0,0.0,0.0,0.0,0,0,0,0,0,0,0,1.0,0.0030000000000000235,0.007198872085137617,1,1
dev_b,181,c1cc2c(cc1-c1csc(N[NH2+]C3=NCCCCC3)n1)OCCO2,2,-1.9235627947471357,-2.183937668684466,-2.183937668684466,0,0,0,0.0,0.0,0.0,0,0,0,0,0,0,1,1.0,0.003000000000000002,0.009739062183806508,1,1
dev_b,181,O=C(N_N=C_c1cccc2ccccc12)c1cc2ccccc2o1,0,-2.616735904645097,-2.8312554247230786,-2.8312554247230786,0,0,0,0.0,0.0,0.0,0,0,0,0,0,0,1,1.0,0.0029999999999999766,0.007590681852753264,1,1
dev_b,181,O=C(N_N=C_c1cccc2ccccc12)c1cc2ccccc2o1,1,-2.73469468791306,-2.883126977616979,-2.883126977616979,0,0,0,0.0,0.0,0.0,0,0,0,0,0,0,0,1.0,0.0029999999999999936,0.006260552210080124,1,1
dev_b,181,O=C(N_N=C_c1cccc2ccccc12)c1cc2ccccc2o1,2,-2.551047425779386,-2.7439591375268053,-2.7439591375268053,0,0,0,0.0,0.0,0.0,0,0,0,0,0,0,0,1.0,0.0030000000000000144,0.007075348955200344,1,1
dev_b,181,CCCCNc1nc2ccccc2n1CC(=O)Nc1c(C)cccc1CC,0,-2.666702639669025,-2.8220477515963056,-2.8220477515963056,0,0,0,0.0,0.0,0.0,0,0,0,0,0,0,0,1.0,0.003000000000000004,0.008823025412082188,1,1
dev_b,181,CCCCNc1nc2ccccc2n1CC(=O)Nc1c(C)cccc1CC,1,-2.7051924143373665,-2.839965351735324,-2.839965351735324,0,0,0,0.0,0.0,0.0,0,0,0,0,0,0,0,1.0,0.002999999999999971,0.008180690132077858,1,1
dev_b,181,CCCCNc1nc2ccccc2n1CC(=O)Nc1c(C)cccc1CC,2,-2.7212485337856935,-2.8425083777107885,-2.8425083777107885,0,0,0,0.0,0.0,0.0,0,0,0,0,0,0,1,1.0,0.0029999999999999753,0.007230825792005052,1,1
dev_b,181,CCOC(=O)CSc1nc2cc(C(=O)N3CCC(C(N)=O)CC3)ccc2c(=O)n1C1CCCCC1,0,-2.4822380593400935,-2.4822380593400935,-2.5366794300904143,0,0,0,0.0,0.0,0.0,0,0,0,0,0,0,1,0.25,0.0007499999999999901,0.00213062694824541,1,1
dev_b,181,CCOC(=O)CSc1nc2cc(C(=O)N3CCC(C(N)=O)CC3)ccc2c(=O)n1C1CCCCC1,1,-2.665524282744966,-2.665524282744966,-2.798325710847678,1,1,1,0.10520807394297904,0.10520807394297904,0.08074870072702822,0,0,0,1,0,0,0,1.0,0.0030000000000000083,0.01267345425696548,1,1
dev_b,181,CCOC(=O)CSc1nc2cc(C(=O)N3CCC(C(N)=O)CC3)ccc2c(=O)n1C1CCCCC1,2,-2.519687101759147,-2.519687101759147,-2.5670799055598716,1,1,1,0.17515284830336997,0.17515284830336997,0.1689781324989621,0,0,0,1,0,0,0,0.25,0.0007499999999999921,0.0030973068554584274,1,1
dev_b,181,CCOC(=O)C1CCCN(C(=O)c2cc(Nc3ccc(OC)cc3)nc3ccccc23)C1,0,-2.484019215352416,-2.718096434190886,-2.718096434190886,0,0,0,0.0,0.0,0.0,0,0,0,0,0,0,0,1.0,0.003000000000000027,0.008015333546789776,1,1
dev_b,181,CCOC(=O)C1CCCN(C(=O)c2cc(Nc3ccc(OC)cc3)nc3ccccc23)C1,1,-2.6719945329117962,-2.860771423326394,-2.860771423326394,0,0,0,0.0,0.0,0.0,0,0,0,0,0,0,1,1.0,0.0029999999999999936,0.009057722320110408,1,1
dev_b,181,CCOC(=O)C1CCCN(C(=O)c2cc(Nc3ccc(OC)cc3)nc3ccccc23)C1,2,-2.4730247759370947,-2.672394386818026,-2.672394386818026,0,0,0,0.0,0.0,0.0,0,0,0,0,0,0,0,1.0,0.0030000000000000044,0.006572710837316651,1,1
dev_b,181,Cc1ccc(N(C)C(=O)CCNC(=O)Cn2cnc3ccccc3c2=O)cc1C,0,-2.42544953129056,-2.6480918590242686,-2.6480918590242686,0,0,0,0.0,0.0,0.0,0,0,0,0,0,0,0,1.0,0.0030000000000000053,0.007500455061356688,1,1
dev_b,181,Cc1ccc(N(C)C(=O)CCNC(=O)Cn2cnc3ccccc3c2=O)cc1C,1,-2.565399115405217,-2.7537062760097264,-2.7537062760097264,0,0,0,0.0,0.0,0.0,0,0,0,0,0,0,1,1.0,0.0030000000000000187,0.00611301606898815,1,1
dev_b,181,Cc1ccc(N(C)C(=O)CCNC(=O)Cn2cnc3ccccc3c2=O)cc1C,2,-2.704455893496369,-2.823460267106782,-2.823460267106782,0,0,0,0.0,0.0,0.0,0,0,0,0,0,0,0,1.0,0.003000000000000008,0.007808777154883129,1,1
dev_b,181,COc1ccccc1NC(=O)_C(C#N)=C_c1cc([N+](=O)[O-])ccc1N1CCCC1,0,-1.9328035171529223,-2.1553396518180126,-2.1553396518180126,0,0,0,0.0,0.0,0.0,0,0,0,0,0,0,0,1.0,0.0030000000000000157,0.007055661030540954,1,1
dev_b,181,COc1ccccc1NC(=O)_C(C#N)=C_c1cc([N+](=O)[O-])ccc1N1CCCC1,1,-2.3576669434800586,-2.576285919192808,-2.576285919192808,0,0,0,0.0,0.0,0.0,0,0,0,0,0,0,0,1.0,0.002999999999999994,0.0072173221020501496,1,1
dev_b,181,COc1ccccc1NC(=O)_C(C#N)=C_c1cc([N+](=O)[O-])ccc1N1CCCC1,2,-2.269488584322376,-2.50507939073319,-2.50507939073319,0,0,0,0.0,0.0,0.0,0,0,0,0,0,0,1,1.0,0.0029999999999999905,0.007702361419823261,1,1
dev_b,181,Cc1nn(C)cc1CN(C)C(=O)c1cc(COc2ccc(F)cc2F)on1,0,-2.6469444398130015,-2.7812158357267185,-2.7812158357267185,0,0,0,0.0,0.0,0.0,0,0,0,0,0,0,0,1.0,0.0030000000000000053,0.006821196270001935,1,1
dev_b,181,Cc1nn(C)cc1CN(C)C(=O)c1cc(COc2ccc(F)cc2F)on1,1,-2.384284912736928,-2.528766192214085,-2.528766192214085,0,0,0,0.0,0.0,0.0,0,0,0,0,0,0,0,1.0,0.0030000000000000204,0.00795426106311411,1,1
dev_b,181,Cc1nn(C)cc1CN(C)C(=O)c1cc(COc2ccc(F)cc2F)on1,2,-2.5464126960728324,-2.659195652077666,-2.659195652077666,0,0,0,0.0,0.0,0.0,0,0,0,0,0,0,0,1.0,0.0029999999999999766,0.0066827203350520205,1,1
dev_b,181,COc1ccc(C(=O)NCc2nnc(SCC(=O)N3CCc4ccccc43)o2)cc1OC,0,-2.2979927019116353,-2.477108535057846,-2.477108535057846,0,0,0,0.0,0.0,0.0,0,0,0,0,0,0,0,1.0,0.002999999999999991,0.008086075316543413,1,1
dev_b,181,COc1ccc(C(=O)NCc2nnc(SCC(=O)N3CCc4ccccc43)o2)cc1OC,1,-2.177700226697363,-2.409511460296395,-2.409511460296395,0,0,0,0.0,0.0,0.0,0,0,0,0,0,0,0,1.0,0.002999999999999982,0.00736231544003854,1,1
dev_b,181,COc1ccc(C(=O)NCc2nnc(SCC(=O)N3CCc4ccccc43)o2)cc1OC,2,-2.158256487101801,-2.3612414832923365,-2.3612414832923365,0,0,0,0.0,0.0,0.0,0,0,0,0,0,0,0,1.0,0.002999999999999982,0.009573572976874082,1,1
dev_b,181,O=C(Nc1cccc2ncccc12)c1cc(Br)ccc1Cl,0,-2.733396557827173,-2.878545987834917,-2.878545987834917,0,0,0,0.0,0.0,0.0,0,0,0,0,0,0,1,1.0,0.0030000000000000044,0.007336563032862149,1,1
dev_b,181,O=C(Nc1cccc2ncccc12)c1cc(Br)ccc1Cl,1,-2.7329214679987777,-2.951498180968345,-2.951498180968345,0,0,0,0.0,0.0,0.0,0,0,0,0,0,0,1,1.0,0.0030000000000000135,0.007043564479654196,1,1
dev_b,181,O=C(Nc1cccc2ncccc12)c1cc(Br)ccc1Cl,2,-2.680402296801579,-2.8951303325949294,-2.8951303325949294,0,0,0,0.0,0.0,0.0,0,0,0,0,0,0,0,1.0,0.0030000000000000005,0.007134577158490727,1,1
dev_b,181,O=c1c(_C=N_O)coc2ccc3ccccc3c12,0,-1.585049201511236,-1.8602374254493115,-1.8602374254493115,0,0,0,0.0,0.0,0.0,0,0,0,0,0,0,0,1.0,0.002999999999999994,0.006530660183248651,1,1
dev_b,181,O=c1c(_C=N_O)coc2ccc3ccccc3c12,1,-1.3578411514083113,-1.7004291888161867,-1.7004291888161867,0,0,0,0.0,0.0,0.0,0,0,0,0,0,0,0,1.0,0.0030000000000000217,0.007713147822887361,1,1
dev_b,181,O=c1c(_C=N_O)coc2ccc3ccccc3c12,2,-1.6697879060463179,-1.8820987332070798,-1.8820987332070798,0,0,0,0.0,0.0,0.0,0,0,0,0,0,0,1,1.0,0.0030000000000000287,0.00604095493362062,1,1
dev_b,181,O=C(_C=C_c1ccccc1Cl)Nc1ccncc1,0,-2.875930615693675,-2.978378365946317,-2.978378365946317,0,0,0,0.0,0.0,0.0,0,0,0,0,0,0,1,1.0,0.0029999999999999936,0.00812510864034755,1,1
dev_b,181,O=C(_C=C_c1ccccc1Cl)Nc1ccncc1,1,-2.796684380422187,-2.8771117813262554,-2.8771117813262554,0,0,0,0.0,0.0,0.0,0,0,0,0,0,0,0,1.0,0.002999999999999998,0.007411652912073418,1,1
dev_b,181,O=C(_C=C_c1ccccc1Cl)Nc1ccncc1,2,-2.6543188604751893,-2.82170815638768,-2.82170815638768,0,0,0,0.0,0.0,0.0,0,0,0,0,0,0,1,1.0,0.0030000000000000005,0.007671299770067106,1,1
dev_b,181,CN(CCOc1ccc(C[C@H](Nc2ccccc2C(=O)c2ccccc2)C(=O)O)cc1)c1ccccn1,0,-2.6100696770096166,-2.8000330562886004,-2.8000330562886004,0,0,0,0.0,0.0,0.0,0,0,0,0,0,0,0,1.0,0.0029999999999999975,0.008067347316919665,1,1
dev_b,181,CN(CCOc1ccc(C[C@H](Nc2ccccc2C(=O)c2ccccc2)C(=O)O)cc1)c1ccccn1,1,-2.2080637714304037,-2.5112780528834646,-2.5112780528834646,0,0,0,0.0,0.0,0.0,0,0,0,0,0,0,0,1.0,0.002999999999999994,0.007764194717045563,1,1
dev_b,181,CN(CCOc1ccc(C[C@H](Nc2ccccc2C(=O)c2ccccc2)C(=O)O)cc1)c1ccccn1,2,-2.617523777908163,-2.801137870484636,-2.801137870484636,0,0,0,0.0,0.0,0.0,0,0,0,0,0,0,0,1.0,0.0029999999999999914,0.0065242119292857935,1,1
dev_b,181,CC(C)[C@@H]1C=C(C(=O)O)O[C@H](OCCCCO)C1,0,-2.140752755135343,-2.400220874842363,-2.400220874842363,0,0,0,0.0,0.0,0.0,0,0,0,0,0,0,0,1.0,0.0029999999999999892,0.00687738596845553,1,1
dev_b,181,CC(C)[C@@H]1C=C(C(=O)O)O[C@H](OCCCCO)C1,1,-2.6390525241556277,-2.802106847258538,-2.802106847258538,0,0,0,0.0,0.0,0.0,0,0,0,0,0,0,1,1.0,0.0029999999999999805,0.006815214241183941,1,1
dev_b,181,CC(C)[C@@H]1C=C(C(=O)O)O[C@H](OCCCCO)C1,2,-2.495669247257642,-2.699791882125568,-2.6997918821255684,0,0,0,0.0,0.0,0.0,0,0,0,0,0,0,1,1.0,0.00299999999999999,0.010859694362753806,1,1
dev_b,181,O=C(CN1C(=O)c2cccc([N+](=O)[O-])c2C1=O)N1CCN(c2ccc(F)cc2)CC1,0,-2.2476296115840833,-2.4608754962649213,-2.4608754962649213,0,0,0,0.0,0.0,0.0,0,0,0,0,0,0,0,1.0,0.0030000000000000152,0.010540827467100144,1,1
dev_b,181,O=C(CN1C(=O)c2cccc([N+](=O)[O-])c2C1=O)N1CCN(c2ccc(F)cc2)CC1,1,-2.111382032299309,-2.3576707671166197,-2.3576707671166197,0,0,0,0.0,0.0,0.0,0,0,0,0,0,0,0,1.0,0.0030000000000000096,0.0075115446098151925,1,1
dev_b,181,O=C(CN1C(=O)c2cccc([N+](=O)[O-])c2C1=O)N1CCN(c2ccc(F)cc2)CC1,2,-2.3494880551904638,-2.5453662489667996,-2.5453662489667996,0,0,0,0.0,0.0,0.0,0,0,0,0,0,0,0,1.0,0.002999999999999982,0.006226975234802367,1,1
dev_b,181,O=C(NC1CCCCC1)c1cc(-c2ccccn2)nc2ccccc12,0,-2.704186695095421,-2.9064487059956363,-2.9064487059956363,0,0,0,0.0,0.0,0.0,0,0,0,0,0,0,1,1.0,0.0030000000000000044,0.010219838066724534,1,1
dev_b,181,O=C(NC1CCCCC1)c1cc(-c2ccccn2)nc2ccccc12,1,-2.777388835136001,-2.9578067453228503,-2.9578067453228503,0,0,0,0.0,0.0,0.0,0,0,0,0,0,0,1,1.0,0.0030000000000000165,0.007774999313425116,1,1
dev_b,181,O=C(NC1CCCCC1)c1cc(-c2ccccn2)nc2ccccc12,2,-2.7418460766621946,-2.7418460766621946,-2.7713931422210796,0,0,0,0.0,0.0,0.0,0,0,0,0,0,0,0,0.125,0.0003750000000000227,0.0011211471200103075,1,1
dev_b,181,Cn1cccc1Cc1nnc(SCC(=O)Nc2nc3ccccc3s2)n1CCc1ccccc1,0,-2.512354585283454,-2.6823681760638802,-2.6823681760638802,0,0,0,0.0,0.0,0.0,0,0,0,0,0,0,0,1.0,0.0030000000000000118,0.009473344015690086,1,1
dev_b,181,Cn1cccc1Cc1nnc(SCC(=O)Nc2nc3ccccc3s2)n1CCc1ccccc1,1,-2.5265766524436764,-2.691261241973187,-2.691261241973187,0,0,0,0.0,0.0,0.0,0,0,0,0,0,0,1,1.0,0.0029999999999999923,0.009353524910583295,1,1
dev_b,181,Cn1cccc1Cc1nnc(SCC(=O)Nc2nc3ccccc3s2)n1CCc1ccccc1,2,-2.3686745687966244,-2.567149751003063,-2.567149751003063,0,0,0,0.0,0.0,0.0,0,0,0,0,0,0,0,1.0,0.002999999999999998,0.009341085146191187,1,1
dev_b,181,CN=C1SC(CC(=O)Nc2ccc(N3CCOCC3)cc2)C(=O)N1C,0,-2.474980427814545,-2.6573324014640427,-2.6573324014640427,0,0,0,0.0,0.0,0.0,0,0,0,0,0,0,0,1.0,0.0030000000000000118,0.006400716029394534,1,1
dev_b,181,CN=C1SC(CC(=O)Nc2ccc(N3CCOCC3)cc2)C(=O)N1C,1,-2.5063136149944274,-2.7214112493278186,-2.7214112493278186,0,0,0,0.0,0.0,0.0,0,0,0,0,0,0,1,1.0,0.002999999999999966,0.007677162250048774,1,1
dev_b,181,CN=C1SC(CC(=O)Nc2ccc(N3CCOCC3)cc2)C(=O)N1C,2,-2.5212146699479567,-2.6878346558506214,-2.6878346558506214,0,0,0,0.0,0.0,0.0,0,0,0,0,0,0,0,1.0,0.003000000000000027,0.007927818819803707,1,1
dev_b,181,N#CCOc1ccc2oc(-c3ccco3)cc(=O)c2c1,0,-1.3319133710403326,-1.5875745210795784,-1.5875745210795784,0,0,0,0.0,0.0,0.0,0,0,0,0,0,0,1,1.0,0.0030000000000000144,0.007934980204944785,1,1
dev_b,181,N#CCOc1ccc2oc(-c3ccco3)cc(=O)c2c1,1,-1.4923370294829474,-1.7470481283576818,-1.7470481283576818,0,0,0,0.0,0.0,0.0,0,0,0,0,0,0,1,1.0,0.002999999999999995,0.00551384560727707,1,1
dev_b,181,N#CCOc1ccc2oc(-c3ccco3)cc(=O)c2c1,2,-1.6225498300928538,-1.8194934728917167,-1.8194934728917167,0,0,0,0.0,0.0,0.0,0,0,0,0,0,0,1,1.0,0.003000000000000006,0.007540153196141631,1,1
dev_b,181,CCOC(=O)CSc1ccc2nnc(CCNS(=O)(=O)c3ccc(C)cc3)n2n1,0,-2.226352459054413,-2.458402018493436,-2.458402018493436,0,0,0,0.0,0.0,0.0,0,0,0,0,0,0,1,1.0,0.0029999999999999797,0.01075620848016977,1,1
dev_b,181,CCOC(=O)CSc1ccc2nnc(CCNS(=O)(=O)c3ccc(C)cc3)n2n1,1,-2.3704312418545648,-2.545451317667975,-2.545451317667975,0,0,0,0.0,0.0,0.0,0,0,0,0,0,0,0,1.0,0.003000000000000006,0.009558363064621543,1,1
dev_b,181,CCOC(=O)CSc1ccc2nnc(CCNS(=O)(=O)c3ccc(C)cc3)n2n1,2,-2.3760028406071214,-2.541869244724206,-2.541869244724206,0,0,0,0.0,0.0,0.0,0,0,0,0,0,0,0,1.0,0.003000000000000009,0.007285808040617657,1,1
dev_b,181,O=C(_C=C_c1ccc(OCCCF)cc1)Nc1ccnc(-c2ccncc2)n1,0,-2.5538941983930203,-2.7123368212107435,-2.7123368212107435,0,0,0,0.0,0.0,0.0,0,0,0,0,0,0,0,1.0,0.0030000000000000005,0.007797781997712817,1,1
dev_b,181,O=C(_C=C_c1ccc(OCCCF)cc1)Nc1ccnc(-c2ccncc2)n1,1,-2.536892740701059,-2.706627027427227,-2.706627027427227,0,0,0,0.0,0.0,0.0,0,0,0,0,0,0,0,1.0,0.00299999999999999,0.007331231120347034,1,1
dev_b,181,O=C(_C=C_c1ccc(OCCCF)cc1)Nc1ccnc(-c2ccncc2)n1,2,-2.491561433296906,-2.6985452887127463,-2.6985452887127463,0,0,0,0.0,0.0,0.0,0,0,0,0,0,0,0,1.0,0.0029999999999999875,0.010419641677620679,1,1
dev_b,181,CC(C)C(NC(=O)OCc1ccccc1)C(=O)OCC(=O)N1CCCCC1,0,-2.464132921140223,-2.686950756649389,-2.6143548355736703,1,1,1,0.23572329510300838,0.24081603471186153,0.2153540195558561,0,0,0,1,0,0,0,1.0,0.0029999999999999836,0.012146687394699481,1,1
dev_b,181,CC(C)C(NC(=O)OCc1ccccc1)C(=O)OCC(=O)N1CCCCC1,1,-2.665618135407694,-2.8501217281826126,-2.8501217281826126,0,0,0,0.0,0.0,0.0,0,0,0,0,0,0,0,1.0,0.0029999999999999996,0.007891789911681124,1,1
dev_b,181,CC(C)C(NC(=O)OCc1ccccc1)C(=O)OCC(=O)N1CCCCC1,2,-2.5045261587695924,-2.7012005838252193,-2.655289324469331,1,1,1,0.10841758496191778,0.10800128484814842,0.08604174357786976,0,0,0,1,0,0,1,1.0,0.0029999999999999966,0.011544247803017918,1,1
dev_b,181,CCCn1nc(C(=O)NCC(C)(C)N2CCOCC2)c2ccccc2c1=O,0,-2.5548041055765327,-2.712088327577516,-2.712088327577516,0,0,0,0.0,0.0,0.0,0,0,0,0,0,0,0,1.0,0.0030000000000000126,0.007146617072783717,1,1
dev_b,181,CCCn1nc(C(=O)NCC(C)(C)N2CCOCC2)c2ccccc2c1=O,1,-2.5906030119847028,-2.748292750928547,-2.748292750928547,0,0,0,0.0,0.0,0.0,0,0,0,0,0,0,1,1.0,0.0029999999999999983,0.008069006368070052,1,1
dev_b,181,CCCn1nc(C(=O)NCC(C)(C)N2CCOCC2)c2ccccc2c1=O,2,-2.5403299485931004,-2.7038469190454615,-2.7038469190454615,0,0,0,0.0,0.0,0.0,0,0,0,0,0,0,0,1.0,0.0030000000000000204,0.005733584868740823,1,1
dev_b,181,CCN1CCN(Cc2nnc(-c3ccc(C)cc3)o2)CC1,0,-2.8122829726703253,-2.94932060155159,-2.94932060155159,0,0,0,0.0,0.0,0.0,0,0,0,0,0,0,0,1.0,0.0030000000000000174,0.006793952155216232,1,1
dev_b,181,CCN1CCN(Cc2nnc(-c3ccc(C)cc3)o2)CC1,1,-2.782821499146364,-2.938001948795237,-2.938001948795237,0,0,0,0.0,0.0,0.0,0,0,0,0,0,0,0,1.0,0.0029999999999999836,0.006440447627614766,1,1
dev_b,181,CCN1CCN(Cc2nnc(-c3ccc(C)cc3)o2)CC1,2,-2.8126033950642606,-2.9549364097440094,-2.9549364097440094,0,0,0,0.0,0.0,0.0,0,0,0,0,0,0,1,1.0,0.0029999999999999736,0.008025784694316529,1,1
dev_b,181,COc1cccc(Nc2nc(-c3cccs3)nc3ccccc23)c1,0,-2.6276121392836083,-2.7793605821100322,-2.7793605821100322,0,0,0,0.0,0.0,0.0,0,0,0,0,0,0,0,1.0,0.0030000000000000335,0.007294562854790541,1,1
dev_b,181,COc1cccc(Nc2nc(-c3cccs3)nc3ccccc23)c1,1,-2.461689223839236,-2.6683310684612707,-2.6683310684612707,0,0,0,0.0,0.0,0.0,0,0,0,0,0,0,1,1.0,0.0030000000000000187,0.007025661804758253,1,1
dev_b,181,COc1cccc(Nc2nc(-c3cccs3)nc3ccccc23)c1,2,-2.469778974452124,-2.6755394538492694,-2.6755394538492694,0,0,0,0.0,0.0,0.0,0,0,0,0,0,0,0,1.0,0.003000000000000028,0.006128837470140341,1,1
dev_b,181,COc1ccc(C(=O)N_N=C_c2ccc(OC)c(COc3ccccc3)c2)cc1,0,-2.5111477190276856,-2.6821621772590536,-2.6821621772590536,0,0,0,0.0,0.0,0.0,0,0,0,0,0,0,0,1.0,0.0030000000000000083,0.008177367317370888,1,1
dev_b,181,COc1ccc(C(=O)N_N=C_c2ccc(OC)c(COc3ccccc3)c2)cc1,1,-2.5457454776852018,-2.7082973721369616,-2.708297372136961,0,0,0,0.0,0.0,0.0,0,0,0,0,0,0,1,1.0,0.00299999999999998,0.0077539102377349066,1,1
dev_b,181,COc1ccc(C(=O)N_N=C_c2ccc(OC)c(COc3ccccc3)c2)cc1,2,-2.417913467799254,-2.587020922592518,-2.587020922592518,0,0,0,0.0,0.0,0.0,0,0,0,0,0,0,0,1.0,0.0029999999999999944,0.007781741591934535,1,1
dev_b,181,O=C(CN(C(=O)Cn1nnc(-c2cccs2)n1)c1ccc2c(c1)OCCO2)NC1CCCCC1,0,-2.4242032687722714,-2.4242032687722714,-2.5157400594242496,0,0,0,0.0,0.0,0.0,0,0,0,0,0,0,0,0.5,0.0015000000000000252,0.005504134779795663,1,1
dev_b,181,O=C(CN(C(=O)Cn1nnc(-c2cccs2)n1)c1ccc2c(c1)OCCO2)NC1CCCCC1,1,-2.3388090742463543,-2.5461265963524937,-2.5461265963524937,0,0,0,0.0,0.0,0.0,0,0,0,0,0,0,1,1.0,0.0030000000000000035,0.008011690716122588,1,1
dev_b,181,O=C(CN(C(=O)Cn1nnc(-c2cccs2)n1)c1ccc2c(c1)OCCO2)NC1CCCCC1,2,-2.311692824392455,-2.496840088680213,-2.496840088680213,0,0,0,0.0,0.0,0.0,0,0,0,0,0,0,0,1.0,0.0029999999999999923,0.008082186612910469,1,1
dev_b,181,O=[N+]([O-])c1ncccc1OCc1ccc(Br)cc1F,0,-2.149382680680878,-2.3464046594620283,-2.3464046594620283,0,0,0,0.0,0.0,0.0,0,0,0,0,0,0,0,1.0,0.0030000000000000044,0.009001414791637618,1,1
dev_b,181,O=[N+]([O-])c1ncccc1OCc1ccc(Br)cc1F,1,-2.663666456392042,-2.8638301402835413,-2.8638301402835413,0,0,0,0.0,0.0,0.0,0,0,0,0,0,0,0,1.0,0.00299999999999999,0.0055554924227322715,1,1
dev_b,181,O=[N+]([O-])c1ncccc1OCc1ccc(Br)cc1F,2,-2.000916782690611,-2.253412167603993,-2.253412167603993,0,0,0,0.0,0.0,0.0,0,0,0,0,0,0,0,1.0,0.002999999999999977,0.009987579996992658,1,1
dev_b,181,Cc1ccc2cc3cc(C(=O)N4CC(C)CC(C)C4)oc3nc2c1,0,-2.5128011222590185,-2.7409849753997597,-2.7409849753997597,0,0,0,0.0,0.0,0.0,0,0,0,0,0,0,0,1.0,0.0029999999999999914,0.008349553642766775,1,1
dev_b,181,Cc1ccc2cc3cc(C(=O)N4CC(C)CC(C)C4)oc3nc2c1,1,-2.441460926332309,-2.705071713815608,-2.705071713815608,0,0,0,0.0,0.0,0.0,0,0,0,0,0,0,0,1.0,0.0029999999999999983,0.008358728737867733,1,1
dev_b,181,Cc1ccc2cc3cc(C(=O)N4CC(C)CC(C)C4)oc3nc2c1,2,-2.695157007034834,-2.695157007034834,-2.7481803888389726,0,0,0,0.0,0.0,0.0,0,0,0,0,0,0,1,0.25,0.0007500000000000096,0.002029890599508843,1,1
dev_b,181,C[C@]12Cc3cn[nH]c3C[C@@H]1CC[C@@H]1[C@@H]2CC[C@@]2(C)[C@H]1CC[C@]2(C)O,0,-2.024501966107457,-2.2509073568700964,-2.2509073568700964,0,0,0,0.0,0.0,0.0,0,0,0,0,0,0,0,1.0,0.0029999999999999975,0.007810750669371527,1,1
dev_b,181,C[C@]12Cc3cn[nH]c3C[C@@H]1CC[C@@H]1[C@@H]2CC[C@@]2(C)[C@H]1CC[C@]2(C)O,1,-1.8876345367487322,-2.1281477914641234,-2.1281477914641234,0,0,0,0.0,0.0,0.0,0,0,0,0,0,0,0,1.0,0.0029999999999999996,0.0077189872909232396,1,1
dev_b,181,C[C@]12Cc3cn[nH]c3C[C@@H]1CC[C@@H]1[C@@H]2CC[C@@]2(C)[C@H]1CC[C@]2(C)O,2,-2.0967841585304137,-2.354693123912369,-2.354693123912369,0,0,0,0.0,0.0,0.0,0,0,0,0,0,0,1,1.0,0.0030000000000000135,0.007570128423958197,1,1
dev_b,181,CC(C)CCN1CCN(Cc2c(F)cccc2Cl)CC1CCO,0,-2.807437806199393,-2.9361724675629683,-2.9361724675629683,0,0,0,0.0,0.0,0.0,0,0,0,0,0,0,0,1.0,0.0030000000000000126,0.009628065904823117,1,1
dev_b,181,CC(C)CCN1CCN(Cc2c(F)cccc2Cl)CC1CCO,1,-2.5905011301788248,-2.7615820457558558,-2.7615820457558558,0,0,0,0.0,0.0,0.0,0,0,0,0,0,0,0,1.0,0.002999999999999977,0.009963679442442757,1,1
dev_b,181,CC(C)CCN1CCN(Cc2c(F)cccc2Cl)CC1CCO,2,-2.6982511948736962,-2.8704618660144914,-2.8704618660144914,0,0,0,0.0,0.0,0.0,0,0,0,0,0,0,1,1.0,0.0030000000000000317,0.007638396692833429,1,1
dev_b,181,CC(=O)N1N=C(c2ccco2)CC1c1ccco1,0,-2.4729167798830844,-2.6468250716499417,-2.6468250716499417,0,0,0,0.0,0.0,0.0,0,0,0,0,0,0,0,1.0,0.0029999999999999996,0.007284037170713946,1,1
dev_b,181,CC(=O)N1N=C(c2ccco2)CC1c1ccco1,1,-2.590535362810529,-2.724698152735221,-2.724698152735221,0,0,0,0.0,0.0,0.0,0,0,0,0,0,0,0,1.0,0.003000000000000001,0.005736241393548128,1,1
dev_b,181,CC(=O)N1N=C(c2ccco2)CC1c1ccco1,2,-2.4789185559347873,-2.650037019762092,-2.650037019762092,0,0,0,0.0,0.0,0.0,0,0,0,0,0,0,1,1.0,0.0030000000000000113,0.006490383120975482,1,1
dev_b,181,CCCS(=O)(=O)N1CCCC(C(=O)NCCCOC(C)C)C1,0,-2.7086146824739066,-2.87559136005782,-2.87559136005782,0,0,0,0.0,0.0,0.0,0,0,0,0,0,0,0,1.0,0.0029999999999999593,0.007648783747090847,1,1
dev_b,181,CCCS(=O)(=O)N1CCCC(C(=O)NCCCOC(C)C)C1,1,-2.65736575706695,-2.826522793787671,-2.826522793787671,0,0,0,0.0,0.0,0.0,0,0,0,0,0,0,0,1.0,0.0030000000000000196,0.0066948588534446254,1,1
dev_b,181,CCCS(=O)(=O)N1CCCC(C(=O)NCCCOC(C)C)C1,2,-2.812988773225264,-2.9194413312913596,-2.9194413312913596,0,0,0,0.0,0.0,0.0,0,0,0,0,0,0,0,1.0,0.0030000000000000248,0.007090914634390686,1,1
dev_b,181,O=C(_C=C_c1cccc([N+](=O)[O-])c1)Nc1cc(C(=O)O)cc(C(=O)O)c1,0,-2.7051774230912793,-2.8352974836379516,-2.8352974836379516,0,0,0,0.0,0.0,0.0,0,0,0,0,0,0,1,1.0,0.003000000000000042,0.006726788893658533,1,1
dev_b,181,O=C(_C=C_c1cccc([N+](=O)[O-])c1)Nc1cc(C(=O)O)cc(C(=O)O)c1,1,-2.6888155527179083,-2.837032021945822,-2.837032021945822,0,0,0,0.0,0.0,0.0,0,0,0,0,0,0,0,1.0,0.003000000000000026,0.006525409688436579,1,1
dev_b,181,O=C(_C=C_c1cccc([N+](=O)[O-])c1)Nc1cc(C(=O)O)cc(C(=O)O)c1,2,-2.6393725176010365,-2.815352205214401,-2.815352205214401,0,0,0,0.0,0.0,0.0,0,0,0,0,0,0,0,1.0,0.002999999999999987,0.0060615377216777615,1,1
dev_b,181,COC(=O)[C@@H](NC(=O)NCc1ccc(F)cc1)C(C)C,0,-2.7153237483131285,-2.8685442095820353,-2.8685442095820353,0,0,0,0.0,0.0,0.0,0,0,0,0,0,0,0,1.0,0.0030000000000000204,0.008292014948245274,1,1
dev_b,181,COC(=O)[C@@H](NC(=O)NCc1ccc(F)cc1)C(C)C,1,-2.7393677332249506,-2.879889619015766,-2.879889619015766,0,0,0,0.0,0.0,0.0,0,0,0,0,0,0,1,1.0,0.0030000000000000183,0.008102555156798233,1,1
dev_b,181,COC(=O)[C@@H](NC(=O)NCc1ccc(F)cc1)C(C)C,2,-2.6426060690960584,-2.832870793334018,-2.832870793334018,0,0,0,0.0,0.0,0.0,0,0,0,0,0,0,1,1.0,0.003000000000000023,0.006905981995734666,1,1
dev_b,181,O=C(c1cc([N+](=O)[O-])[nH]n1)N1CCSCC1,0,-2.4912987161724893,-2.644351486062365,-2.644351486062365,0,0,0,0.0,0.0,0.0,0,0,0,0,0,0,0,1.0,0.0029999999999999858,0.007661089586897778,1,1
dev_b,181,O=C(c1cc([N+](=O)[O-])[nH]n1)N1CCSCC1,1,-2.354568403993995,-2.5275866032596803,-2.5275866032596803,0,0,0,0.0,0.0,0.0,0,0,0,0,0,0,1,1.0,0.0030000000000000165,0.006098483602686678,1,1
dev_b,181,O=C(c1cc([N+](=O)[O-])[nH]n1)N1CCSCC1,2,-2.5230255645475856,-2.6640838192181877,-2.6640838192181877,0,0,0,0.0,0.0,0.0,0,0,0,0,0,0,1,1.0,0.0030000000000000074,0.008386781686154591,1,1
dev_b,181,COC(=O)NC(NC(=S)Nc1cccc(C)c1)C(Cl)(Cl)Cl,0,-2.556249083580705,-2.721716202809208,-2.721716202809208,0,0,0,0.0,0.0,0.0,0,0,0,0,0,0,1,1.0,0.0030000000000000157,0.009969982491901851,1,1
dev_b,181,COC(=O)NC(NC(=S)Nc1cccc(C)c1)C(Cl)(Cl)Cl,1,-2.6779576269746865,-2.8199190597123724,-2.8199190597123724,0,0,0,0.0,0.0,0.0,0,0,0,0,0,0,1,1.0,0.0030000000000000053,0.007797227941033181,1,1
dev_b,181,COC(=O)NC(NC(=S)Nc1cccc(C)c1)C(Cl)(Cl)Cl,2,-2.6035662854807393,-2.7679966982440805,-2.7679966982440805,0,0,0,0.0,0.0,0.0,0,0,0,0,0,0,1,1.0,0.0030000000000000174,0.006352601574343182,1,1
dev_b,181,COc1ccccc1CN(C)c1nnnn1-c1ccccc1,0,-2.7316166777083426,-2.864276153122576,-2.864276153122576,0,0,0,0.0,0.0,0.0,0,0,0,0,0,0,0,1.0,0.0030000000000000165,0.008878838599470392,1,1
dev_b,181,COc1ccccc1CN(C)c1nnnn1-c1ccccc1,1,-2.6375981380488156,-2.819919818557952,-2.819919818557952,0,0,0,0.0,0.0,0.0,0,0,0,0,0,0,0,1.0,0.0029999999999999753,0.006910321018444414,1,1
dev_b,181,COc1ccccc1CN(C)c1nnnn1-c1ccccc1,2,-2.743999544246603,-2.8772101780452557,-2.8772101780452557,0,0,0,0.0,0.0,0.0,0,0,0,0,0,0,1,1.0,0.0030000000000000213,0.007026116189571809,1,1
dev_b,181,C=CCN1CCN(C(=O)c2oc3ccccc3c2C)CC1,0,-2.6130166578753906,-2.7756365450808644,-2.7756365450808644,0,0,0,0.0,0.0,0.0,0,0,0,0,0,0,1,1.0,0.003000000000000009,0.006654032792139564,1,1
dev_b,181,C=CCN1CCN(C(=O)c2oc3ccccc3c2C)CC1,1,-2.6247294473177276,-2.80476797368768,-2.80476797368768,0,0,0,0.0,0.0,0.0,0,0,0,0,0,0,1,1.0,0.0029999999999999827,0.007559141706360883,1,1
dev_b,181,C=CCN1CCN(C(=O)c2oc3ccccc3c2C)CC1,2,-2.628107972302178,-2.779239600731403,-2.779239600731403,0,0,0,0.0,0.0,0.0,0,0,0,0,0,0,0,1.0,0.00300000000000001,0.006277419651509342,1,1
dev_b,181,CC(=O)N1c2ccc(S(=O)(=O)NCCC(=O)Nc3ccc(OC(F)(F)F)cc3)cc2CC1C,0,-2.352646655745605,-2.352646655745605,-2.4474100198918802,0,0,0,0.0,0.0,0.0,0,0,0,0,0,0,1,0.5,0.0015000000000000022,0.004173615557256542,1,1
dev_b,181,CC(=O)N1c2ccc(S(=O)(=O)NCCC(=O)Nc3ccc(OC(F)(F)F)cc3)cc2CC1C,1,-2.1932742660243973,-2.4084919897050896,-2.4084919897050896,0,0,0,0.0,0.0,0.0,0,0,0,0,0,0,0,1.0,0.0029999999999999827,0.006284310440683805,1,1
dev_b,181,CC(=O)N1c2ccc(S(=O)(=O)NCCC(=O)Nc3ccc(OC(F)(F)F)cc3)cc2CC1C,2,-2.327913309748523,-2.527098716144947,-2.527098716144947,0,0,0,0.0,0.0,0.0,0,0,0,0,0,0,0,1.0,0.0029999999999999805,0.008091209527393856,1,1
dev_b,181,COCCCN1CC23C=CC(O2)C(C(=O)OC)C3C1=O,0,-1.0660905837277312,-1.3167145392598516,-1.3167145392598516,0,0,0,0.0,0.0,0.0,0,0,0,0,0,0,1,1.0,0.003000000000000015,0.008733143938003582,1,1
dev_b,181,COCCCN1CC23C=CC(O2)C(C(=O)OC)C3C1=O,1,-1.1609909435911523,-1.352822729152217,-1.352822729152217,0,0,0,0.0,0.0,0.0,0,0,0,0,0,0,1,1.0,0.002999999999999995,0.0069258992542250266,1,1
dev_b,181,COCCCN1CC23C=CC(O2)C(C(=O)OC)C3C1=O,2,-1.2050294531122678,-1.4157228014336534,-1.4157228014336534,0,0,0,0.0,0.0,0.0,0,0,0,0,0,0,1,1.0,0.003000000000000007,0.009904931801040446,1,1
dev_b,181,Cn1cc(C(=O)O)c(-c2ccncc2)n1,0,-2.3717311733330924,-2.4766547242446877,-2.4766547242446877,0,0,0,0.0,0.0,0.0,0,0,0,0,0,0,0,1.0,0.0029999999999999493,0.006273506810478235,1,1
dev_b,181,Cn1cc(C(=O)O)c(-c2ccncc2)n1,1,-2.6059926789618,-2.734448313186348,-2.734448313186348,0,0,0,0.0,0.0,0.0,0,0,0,0,0,0,0,1.0,0.0029999999999999927,0.0060530921966117,1,1
dev_b,181,Cn1cc(C(=O)O)c(-c2ccncc2)n1,2,-2.50877328856546,-2.62011555249442,-2.62011555249442,0,0,0,0.0,0.0,0.0,0,0,0,0,0,0,1,1.0,0.003000000000000006,0.00624847850151973,1,1
dev_b,181,COc1cc(C2_C(=C(_O)c3ccccc3)C(=O)C(=O)N2c2ccccn2)ccc1O,0,-2.604358558406338,-2.767596168508307,-2.767596168508307,0,0,0,0.0,0.0,0.0,0,0,0,0,0,0,1,1.0,0.0029999999999999844,0.008153306774296603,1,1
dev_b,181,COc1cc(C2_C(=C(_O)c3ccccc3)C(=O)C(=O)N2c2ccccn2)ccc1O,1,-2.5854301126045005,-2.7862515400355896,-2.7862515400355896,0,0,0,0.0,0.0,0.0,0,0,0,0,0,0,1,1.0,0.002999999999999974,0.006390655544489162,1,1
dev_b,181,COc1cc(C2_C(=C(_O)c3ccccc3)C(=O)C(=O)N2c2ccccn2)ccc1O,2,-2.5569708164095273,-2.7705041337056575,-2.7705041337056575,0,0,0,0.0,0.0,0.0,0,0,0,0,0,0,0,1.0,0.002999999999999993,0.007988302973508549,1,1
dev_b,181,Cc1ccc(S(=O)(=O)CCc2nc3ccccc3[nH]2)cc1,0,-2.7322504777387593,-2.823628280446825,-2.823628280446825,0,0,0,0.0,0.0,0.0,0,0,0,0,0,0,0,1.0,0.003000000000000008,0.005849132295003027,1,1
dev_b,181,Cc1ccc(S(=O)(=O)CCc2nc3ccccc3[nH]2)cc1,1,-2.702872559000853,-2.8421405261845747,-2.8421405261845747,0,0,0,0.0,0.0,0.0,0,0,0,0,0,0,1,1.0,0.0029999999999999957,0.007171884227927656,1,1
dev_b,181,Cc1ccc(S(=O)(=O)CCc2nc3ccccc3[nH]2)cc1,2,-2.713941038695302,-2.8634670879579547,-2.8634670879579547,0,0,0,0.0,0.0,0.0,0,0,0,0,0,0,0,1.0,0.0029999999999999823,0.007124993775310428,1,1
dev_b,181,CCOc1ccc(CCNC(=O)c2cccc(NC3=NC4CS(=O)(=O)CC4S3)c2)cc1,0,-2.3506477141525037,-2.5810184723093332,-2.5810184723093332,0,0,0,0.0,0.0,0.0,0,0,0,0,0,0,0,1.0,0.0029999999999999706,0.009056151897785414,1,1
dev_b,181,CCOc1ccc(CCNC(=O)c2cccc(NC3=NC4CS(=O)(=O)CC4S3)c2)cc1,1,-2.2775399303242794,-2.4933656984027284,-2.4933656984027284,0,0,0,0.0,0.0,0.0,0,0,0,0,0,0,0,1.0,0.0029999999999999927,0.008005049780659659,1,1
dev_b,181,CCOc1ccc(CCNC(=O)c2cccc(NC3=NC4CS(=O)(=O)CC4S3)c2)cc1,2,-2.5660034651479036,-2.736360948330659,-2.736360948330659,0,0,0,0.0,0.0,0.0,0,0,0,0,0,0,0,1.0,0.002999999999999982,0.008714187151138385,1,1
dev_b,181,COc1ccc(CCNC(=O)C2CCCN(Cc3nc(-c4ccccc4C)oc3C)C2)cc1OC,0,-2.478110256079435,-2.703061970542712,-2.703061970542712,0,0,0,0.0,0.0,0.0,0,0,0,0,0,0,1,1.0,0.002999999999999998,0.009080967032142758,1,1
dev_b,181,COc1ccc(CCNC(=O)C2CCCN(Cc3nc(-c4ccccc4C)oc3C)C2)cc1OC,1,-2.4242718219091968,-2.6430316866334516,-2.6430316866334516,0,0,0,0.0,0.0,0.0,0,0,0,0,0,0,1,1.0,0.002999999999999995,0.006844660160205591,1,1
dev_b,181,COc1ccc(CCNC(=O)C2CCCN(Cc3nc(-c4ccccc4C)oc3C)C2)cc1OC,2,-2.3066874953598946,-2.5712266727550377,-2.5712266727550377,0,0,0,0.0,0.0,0.0,0,0,0,0,0,0,0,1.0,0.0029999999999999766,0.01050669042705419,1,1
dev_b,181,Cc1ccc(S(=O)(=O)C2(S(=O)(=O)c3ccc(C)cc3)CC2)cc1,0,15.023853868687876,14.8181789721347,14.8181789721347,0,0,0,0.0,0.0,0.0,0,0,0,0,0,0,1,1.0,0.002999999999999989,0.008756887969861711,1,1
dev_b,181,Cc1ccc(S(=O)(=O)C2(S(=O)(=O)c3ccc(C)cc3)CC2)cc1,1,18.473840607811038,18.20954262127947,18.20954262127947,0,0,0,0.0,0.0,0.0,0,0,0,0,0,0,1,1.0,0.002999999999999989,0.0077716433923987055,1,1
dev_b,181,Cc1ccc(S(=O)(=O)C2(S(=O)(=O)c3ccc(C)cc3)CC2)cc1,2,15.069096130673408,14.837217544891544,14.837217544891544,0,0,0,0.0,0.0,0.0,0,0,0,0,0,0,1,1.0,0.003000000000000013,0.007865617466436532,1,1
dev_a,193,CCN1CCN(c2cc3c(cc2F)c(=O)c(S(=O)(=O)c2ccccc2)cn3C)CC1,0,-2.3421874666775535,-2.5257910167055857,-2.5257910167055857,0,0,0,0.0,0.0,0.0,0,0,0,0,0,0,1,1.0,0.0029999999999999844,0.007653435384037314,1,1
dev_a,193,CCN1CCN(c2cc3c(cc2F)c(=O)c(S(=O)(=O)c2ccccc2)cn3C)CC1,1,-2.285363060334097,-2.4914314902110712,-2.4914314902110712,0,0,0,0.0,0.0,0.0,0,0,0,0,0,0,1,1.0,0.003000000000000008,0.008012757832093612,1,1
dev_a,193,CCN1CCN(c2cc3c(cc2F)c(=O)c(S(=O)(=O)c2ccccc2)cn3C)CC1,2,-2.3731402058102335,-2.555316236591391,-2.555316236591391,0,0,0,0.0,0.0,0.0,0,0,0,0,0,0,0,1.0,0.003000000000000042,0.007372266574269295,1,1
dev_a,193,O=C1CCC(_C=C_c2ccccc2)=NN1Cc1ccc(Cl)c(Cl)c1,0,-2.736390809955375,-2.8885625907614196,-2.8885625907614196,0,0,0,0.0,0.0,0.0,0,0,0,0,0,0,0,1.0,0.0029999999999999953,0.007668860489584132,1,1
dev_a,193,O=C1CCC(_C=C_c2ccccc2)=NN1Cc1ccc(Cl)c(Cl)c1,1,-2.6901754825740927,-2.8589459405632405,-2.8589459405632405,0,0,0,0.0,0.0,0.0,0,0,0,0,0,0,1,1.0,0.003000000000000004,0.007918081720765401,1,1
dev_a,193,O=C1CCC(_C=C_c2ccccc2)=NN1Cc1ccc(Cl)c(Cl)c1,2,-2.6617313504339726,-2.84573149616055,-2.84573149616055,0,0,0,0.0,0.0,0.0,0,0,0,0,0,0,1,1.0,0.003000000000000015,0.00776878363641337,1,1
dev_a,193,CCc1nnc(NC(=O)CSc2nnc(Cc3cccn3C)n2CCOC)s1,0,-2.372118459670413,-2.518711782195994,-2.518711782195994,0,0,0,0.0,0.0,0.0,0,0,0,0,0,0,1,1.0,0.002999999999999996,0.008707866492556088,1,1
dev_a,193,CCc1nnc(NC(=O)CSc2nnc(Cc3cccn3C)n2CCOC)s1,1,-2.4709339360772207,-2.595877784777441,-2.595877784777441,0,0,0,0.0,0.0,0.0,0,0,0,0,0,0,1,1.0,0.002999999999999967,0.007904581043196001,1,1
dev_a,193,CCc1nnc(NC(=O)CSc2nnc(Cc3cccn3C)n2CCOC)s1,2,-2.3303342333711714,-2.4709059417095203,-2.4709059417095203,0,0,0,0.0,0.0,0.0,0,0,0,0,0,0,0,1.0,0.0030000000000000027,0.006793138508175732,1,1
dev_a,193,Fc1ccc(CN2CCCCCCC2)c(F)c1,0,-2.2894984138062164,-2.4946594516475455,-2.4946594516475455,0,0,0,0.0,0.0,0.0,0,0,0,0,0,0,1,1.0,0.002999999999999995,0.006964370426102107,1,1
dev_a,193,Fc1ccc(CN2CCCCCCC2)c(F)c1,1,-2.3968200619066087,-2.5265130422963074,-2.5265130422963074,0,0,0,0.0,0.0,0.0,0,0,0,0,0,0,0,1.0,0.0030000000000000083,0.006596234915442032,1,1
dev_a,193,Fc1ccc(CN2CCCCCCC2)c(F)c1,2,-2.46527535482967,-2.6590422407166248,-2.6590422407166248,0,0,0,0.0,0.0,0.0,0,0,0,0,0,0,1,1.0,0.0030000000000000135,0.007018729673082668,1,1
dev_a,193,O=C(O)CCc1ccc(-c2ccc(Br)cc2)n1NC(=O)c1ccc([N+](=O)[O-])cc1,0,-2.579385145357836,-2.737625104009293,-2.737625104009293,0,0,0,0.0,0.0,0.0,0,0,0,0,0,0,0,1.0,0.003000000000000036,0.005774862308606712,1,1
dev_a,193,O=C(O)CCc1ccc(-c2ccc(Br)cc2)n1NC(=O)c1ccc([N+](=O)[O-])cc1,1,-2.6271335087241123,-2.759251830966228,-2.759251830966228,0,0,0,0.0,0.0,0.0,0,0,0,0,0,0,1,1.0,0.0029999999999999836,0.008475749284350279,1,1
dev_a,193,O=C(O)CCc1ccc(-c2ccc(Br)cc2)n1NC(=O)c1ccc([N+](=O)[O-])cc1,2,-2.4671519886502424,-2.642746458968083,-2.642746458968083,0,0,0,0.0,0.0,0.0,0,0,0,0,0,0,1,1.0,0.0029999999999999853,0.009092599585728967,1,1
dev_a,193,Cc1ccc2oc(=O)c3cc(C(=O)NCCN4CCc5ccccc5C4)sc3c2c1,0,-2.133066620244311,-2.3735870220482536,-2.3735870220482536,0,0,0,0.0,0.0,0.0,0,0,0,0,0,0,0,1.0,0.0029999999999999714,0.007627354614256108,1,1
dev_a,193,Cc1ccc2oc(=O)c3cc(C(=O)NCCN4CCc5ccccc5C4)sc3c2c1,1,-2.297024788592222,-2.506732559439066,-2.506732559439066,0,0,0,0.0,0.0,0.0,0,0,0,0,0,0,0,1.0,0.002999999999999993,0.007763268550107932,1,1
dev_a,193,Cc1ccc2oc(=O)c3cc(C(=O)NCCN4CCc5ccccc5C4)sc3c2c1,2,-2.4427216483919945,-2.639847767496584,-2.639847767496584,0,0,0,0.0,0.0,0.0,0,0,0,0,0,0,1,1.0,0.0030000000000000434,0.009770207234752323,1,1
dev_a,193,CC(C)(C)NC(=O)C(c1ccccn1)N(C(=O)c1csnn1)C1CCCC1,0,-2.5319285654812616,-2.5319285654812616,-2.613307995352289,0,0,0,0.0,0.0,0.0,0,0,0,0,0,0,1,0.5,0.0015000000000000044,0.004293681014158334,1,1
dev_a,193,CC(C)(C)NC(=O)C(c1ccccn1)N(C(=O)c1csnn1)C1CCCC1,1,-2.5332598789212595,-2.6740629389543056,-2.6740629389543056,0,0,0,0.0,0.0,0.0,0,0,0,0,0,0,0,1.0,0.003000000000000012,0.006791776946162255,1,1
dev_a,193,CC(C)(C)NC(=O)C(c1ccccn1)N(C(=O)c1csnn1)C1CCCC1,2,-2.427304031825149,-2.5968216588089965,-2.5968216588089965,0,0,0,0.0,0.0,0.0,0,0,0,0,0,0,0,1.0,0.003000000000000022,0.007656767317287281,1,1
dev_a,193,CCCN(CCC)c1nc(N)nc(-c2cc(Cl)ccc2OC)n1,0,-2.5130764410069704,-2.7007206839355686,-2.7007206839355686,0,0,0,0.0,0.0,0.0,0,0,0,0,0,0,1,1.0,0.0029999999999999966,0.007508714534776807,1,1
dev_a,193,CCCN(CCC)c1nc(N)nc(-c2cc(Cl)ccc2OC)n1,1,-2.5853191047112922,-2.7498278497404414,-2.7498278497404414,0,0,0,0.0,0.0,0.0,0,0,0,0,0,0,1,1.0,0.0029999999999999844,0.00793881300872652,1,1
dev_a,193,CCCN(CCC)c1nc(N)nc(-c2cc(Cl)ccc2OC)n1,2,-1.9358249649737995,-2.1062443298462226,-2.1062443298462226,0,0,0,0.0,0.0,0.0,0,0,0,0,0,0,0,1.0,0.002999999999999995,0.009355759609120341,1,1
dev_a,193,CSc1nc2ccc(NC(=O)CSc3nnc(N)s3)cc2s1,0,-2.369654329209196,-2.520877587420559,-2.520877587420559,0,0,0,0.0,0.0,0.0,0,0,0,0,0,0,1,1.0,0.0030000000000000083,0.00990733207493403,1,1
dev_a,193,CSc1nc2ccc(NC(=O)CSc3nnc(N)s3)cc2s1,1,-2.4624061873329963,-2.5840280008723466,-2.5840280008723466,0,0,0,0.0,0.0,0.0,0,0,0,0,0,0,0,1.0,0.002999999999999993,0.008298211719622308,1,1
dev_a,193,CSc1nc2ccc(NC(=O)CSc3nnc(N)s3)cc2s1,2,-2.4230280853091424,-2.5660967181546406,-2.5660967181546406,0,0,0,0.0,0.0,0.0,0,0,0,0,0,0,0,1.0,0.003000000000000014,0.009099194840522637,1,1
dev_a,193,COc1cc(_C=C_C(=O)OCC(=O)N2CCCCCC2)ccc1OCC#N,0,-2.263098634997196,-2.4507926433585907,-2.4507926433585907,0,0,0,0.0,0.0,0.0,0,0,0,0,0,0,0,1.0,0.0030000000000000443,0.007300204406881174,1,1
dev_a,193,COc1cc(_C=C_C(=O)OCC(=O)N2CCCCCC2)ccc1OCC#N,1,-2.2298333989515067,-2.4278528978527336,-2.4278528978527336,0,0,0,0.0,0.0,0.0,0,0,0,0,0,0,1,1.0,0.0029999999999999944,0.007741284165225037,1,1
dev_a,193,COc1cc(_C=C_C(=O)OCC(=O)N2CCCCCC2)ccc1OCC#N,2,-2.27665913736903,-2.479376268520455,-2.479376268520455,0,0,0,0.0,0.0,0.0,0,0,0,0,0,0,0,1.0,0.0030000000000000057,0.007931915373400043,1,1
dev_a,193,Cc1cccc(NC(=S)NC2CC3C=CC2C3)c1,0,-1.390083607847058,-1.5550669784473896,-1.5550669784473896,0,0,0,0.0,0.0,0.0,0,0,0,0,0,0,1,1.0,0.003000000000000003,0.00688396967399751,1,1
dev_a,193,Cc1cccc(NC(=S)NC2CC3C=CC2C3)c1,1,-1.0629936734524281,-1.230443901339323,-1.230443901339323,0,0,0,0.0,0.0,0.0,0,0,0,0,0,0,1,1.0,0.002999999999999982,0.0064760681618527645,1,1
dev_a,193,Cc1cccc(NC(=S)NC2CC3C=CC2C3)c1,2,-1.36906262842918,-1.528946661313259,-1.528946661313259,0,0,0,0.0,0.0,0.0,0,0,0,0,0,0,0,1.0,0.00299999999999998,0.0077067580819068435,1,1
dev_a,193,CC(C)Sc1ccc(C(=O)Nc2ccc(F)cc2F)cn1,0,-2.5925074043412395,-2.798897726333981,-2.798897726333981,0,0,0,0.0,0.0,0.0,0,0,0,0,0,0,0,1.0,0.0029999999999999884,0.008541378237888538,1,1
dev_a,193,CC(C)Sc1ccc(C(=O)Nc2ccc(F)cc2F)cn1,1,-2.5994342762329072,-2.8095270352666644,-2.8095270352666644,0,0,0,0.0,0.0,0.0,0,0,0,0,0,0,1,1.0,0.002999999999999977,0.008041561653783048,1,1
dev_a,193,CC(C)Sc1ccc(C(=O)Nc2ccc(F)cc2F)cn1,2,-2.549945576375775,-2.7683176721098683,-2.7683176721098683,0,0,0,0.0,0.0,0.0,0,0,0,0,0,0,0,1.0,0.003,0.006683981439601474,1,1
dev_a,193,CN1CCN(C(=O)c2ccccc2NC(=O)CCN2C(=O)c3ccccc3C2=O)CC1,0,-2.476287253493998,-2.6441503975813907,-2.6441503975813907,0,0,0,0.0,0.0,0.0,0,0,0,0,0,0,0,1.0,0.0030000000000000014,0.007627179551507294,1,1
dev_a,193,CN1CCN(C(=O)c2ccccc2NC(=O)CCN2C(=O)c3ccccc3C2=O)CC1,1,-2.4172325764437645,-2.577590315263961,-2.577590315263961,0,0,0,0.0,0.0,0.0,0,0,0,0,0,0,0,1.0,0.002999999999999994,0.0068071672396158075,1,1
dev_a,193,CN1CCN(C(=O)c2ccccc2NC(=O)CCN2C(=O)c3ccccc3C2=O)CC1,2,-2.364679495946408,-2.57375653762567,-2.57375653762567,0,0,0,0.0,0.0,0.0,0,0,0,0,0,0,0,1.0,0.003000000000000006,0.008042469980059011,1,1
dev_a,193,Cc1ccn2c(NCc3ccccc3)c(-c3cccs3)nc2c1,0,-2.2874030966162344,-2.461138141159829,-2.461138141159829,0,0,0,0.0,0.0,0.0,0,0,0,0,0,0,1,1.0,0.0030000000000000014,0.00955027911055142,1,1
dev_a,193,Cc1ccn2c(NCc3ccccc3)c(-c3cccs3)nc2c1,1,-2.3551982172777253,-2.522625401466505,-2.522625401466505,0,0,0,0.0,0.0,0.0,0,0,0,0,0,0,1,1.0,0.002999999999999994,0.0058682450269614325,1,1
dev_a,193,Cc1ccn2c(NCc3ccccc3)c(-c3cccs3)nc2c1,2,-2.2798132929549824,-2.4675090284987786,-2.4675090284987786,0,0,0,0.0,0.0,0.0,0,0,0,0,0,0,1,1.0,0.0029999999999999858,0.007155588874733787,1,1
dev_a,193,C_C(CC(=O)NCc1ccco1)=N\NC(=O)CC#N,0,-2.635424387051888,-2.723116963184247,-2.723116963184247,0,0,0,0.0,0.0,0.0,0,0,0,0,0,0,1,1.0,0.0030000000000000348,0.006947927502883282,1,1
dev_a,193,C_C(CC(=O)NCc1ccco1)=N\NC(=O)CC#N,1,-2.568116234988488,-2.7004781170553698,-2.7004781170553698,0,0,0,0.0,0.0,0.0,0,0,0,0,0,0,0,1.0,0.002999999999999976,0.008458715587295513,1,1
dev_a,193,C_C(CC(=O)NCc1ccco1)=N\NC(=O)CC#N,2,-2.612660735867497,-2.755195449095429,-2.755195449095429,0,0,0,0.0,0.0,0.0,0,0,0,0,0,0,0,1.0,0.0030000000000000087,0.007265397537491003,1,1
dev_a,193,Cc1ccccc1NC(=O)CN1C(=O)COc2ccc(S(=O)(=O)N3CCCC3)cc21,0,-2.56311143333997,-2.709027690717959,-2.709027690717959,0,0,0,0.0,0.0,0.0,0,0,0,0,0,0,1,1.0,0.0030000000000000066,0.00688245301658179,1,1
dev_a,193,Cc1ccccc1NC(=O)CN1C(=O)COc2ccc(S(=O)(=O)N3CCCC3)cc21,1,-2.4073146829677743,-2.6079555306614983,-2.6079555306614983,0,0,0,0.0,0.0,0.0,0,0,0,0,0,0,0,1.0,0.002999999999999986,0.00812629570890198,1,1
dev_a,193,Cc1ccccc1NC(=O)CN1C(=O)COc2ccc(S(=O)(=O)N3CCCC3)cc21,2,-2.2848722371957235,-2.538552245974491,-2.538552245974491,0,0,0,0.0,0.0,0.0,0,0,0,0,0,0,0,1.0,0.0029999999999999988,0.00794349271338312,1,1
dev_a,193,CN1C2C=C3C(C#N)=C(N)C(C#N)(C#N)[C@@H](c4ccc(Cl)cc4)[C@@H]3C1CC2,0,-1.794930971314479,-2.0423675261133494,-2.0423675261133494,0,0,0,0.0,0.0,0.0,0,0,0,0,0,0,1,1.0,0.0029999999999999996,0.00804941881503586,1,1
dev_a,193,CN1C2C=C3C(C#N)=C(N)C(C#N)(C#N)[C@@H](c4ccc(Cl)cc4)[C@@H]3C1CC2,1,-1.599267406733357,-1.894375379241098,-1.894375379241098,0,0,0,0.0,0.0,0.0,0,0,0,0,0,0,0,1.0,0.0030000000000000165,0.007366369435571993,1,1
dev_a,193,CN1C2C=C3C(C#N)=C(N)C(C#N)(C#N)[C@@H](c4ccc(Cl)cc4)[C@@H]3C1CC2,2,-1.737820698585547,-1.9233857111389767,-1.9233857111389767,0,0,0,0.0,0.0,0.0,0,0,0,0,0,0,0,1.0,0.003000000000000001,0.008031184459555646,1,1
dev_a,193,CCOc1cc(NC(=S)NCCCN2CCOCC2)c(OCC)cc1NC(=O)C1CCCCC1,0,-2.5230452928243983,-2.7010711035768593,-2.7010711035768593,0,0,0,0.0,0.0,0.0,0,0,0,0,0,0,1,1.0,0.0029999999999999858,0.00936605768081117,1,1
dev_a,193,CCOc1cc(NC(=S)NCCCN2CCOCC2)c(OCC)cc1NC(=O)C1CCCCC1,1,-2.5493623483837995,-2.7326783924533906,-2.7326783924533906,0,0,0,0.0,0.0,0.0,0,0,0,0,0,0,1,1.0,0.0029999999999999966,0.010480517866511932,1,1
dev_a,193,CCOc1cc(NC(=S)NCCCN2CCOCC2)c(OCC)cc1NC(=O)C1CCCCC1,2,-2.4261714397054273,-2.634254867502273,-2.634254867502273,0,0,0,0.0,0.0,0.0,0,0,0,0,0,0,1,1.0,0.002999999999999999,0.011651804690239699,1,1
dev_a,193,O=C(CN1CCN(C(=O)C2CCCO2)CC1)Nc1ccc(Br)cc1,0,-2.4366680928868036,-2.4366680928868036,-2.551020209021135,0,0,0,0.0,0.0,0.0,0,0,0,0,0,0,1,0.5,0.0015000000000000011,0.003769549582652523,1,1
dev_a,193,O=C(CN1CCN(C(=O)C2CCCO2)CC1)Nc1ccc(Br)cc1,1,-2.5428707194514213,-2.735550054981527,-2.735550054981527,0,0,0,0.0,0.0,0.0,0,0,0,0,0,0,1,1.0,0.0030000000000000105,0.008289597267082572,1,1
dev_a,193,O=C(CN1CCN(C(=O)C2CCCO2)CC1)Nc1ccc(Br)cc1,2,-2.7046071035081765,-2.833872330885992,-2.833872330885992,0,0,0,0.0,0.0,0.0,0,0,0,0,0,0,1,1.0,0.0029999999999999706,0.006382488948845002,1,1
dev_a,193,COc1ccc(C2[NH2+]C(c3ccc(OC)c(OC)c3OC)C(C)C(=O)C2C)c(OC)c1OC,0,-2.0545850811648343,-2.3185335380172667,-2.3185335380172667,0,0,0,0.0,0.0,0.0,0,0,0,0,0,0,0,1.0,0.002999999999999994,0.009252312957481985,1,1
dev_a,193,COc1ccc(C2[NH2+]C(c3ccc(OC)c(OC)c3OC)C(C)C(=O)C2C)c(OC)c1OC,1,-2.143673284836761,-2.375635741402601,-2.375635741402601,0,0,0,0.0,0.0,0.0,0,0,0,0,0,0,0,1.0,0.002999999999999993,0.009281264963095774,1,1
dev_a,193,COc1ccc(C2[NH2+]C(c3ccc(OC)c(OC)c3OC)C(C)C(=O)C2C)c(OC)c1OC,2,-2.1675439200311453,-2.393152528375275,-2.393152528375275,0,0,0,0.0,0.0,0.0,0,0,0,0,0,0,0,1.0,0.0030000000000000183,0.009054257733402364,1,1
dev_a,193,CCOC(=O)c1cnc2c(CC)cccc2c1NCCN1CCOCC1,0,-2.5184898229963526,-2.7351642109070324,-2.7351642109070324,0,0,0,0.0,0.0,0.0,0,0,0,0,0,0,0,1.0,0.0029999999999999975,0.007713185049893999,1,1
dev_a,193,CCOC(=O)c1cnc2c(CC)cccc2c1NCCN1CCOCC1,1,-2.400199603366036,-2.620329783596726,-2.620329783596726,0,0,0,0.0,0.0,0.0,0,0,0,0,0,0,0,1.0,0.003000000000000008,0.007032085666397151,1,1
dev_a,193,CCOC(=O)c1cnc2c(CC)cccc2c1NCCN1CCOCC1,2,-2.43117854338234,-2.6842312856365433,-2.6842312856365433,0,0,0,0.0,0.0,0.0,0,0,0,0,0,0,0,1.0,0.0029999999999999975,0.00798486489157601,1,1
dev_a,193,COc1ccc(CNC(=O)CN(c2cc(C)cc(C)c2)S(=O)(=O)c2c(C)noc2C)cc1,0,-2.6782858466241035,-2.8263957691220716,-2.8263957691220716,0,0,0,0.0,0.0,0.0,0,0,0,0,0,0,0,1.0,0.0030000000000000283,0.007193874249922083,1,1
dev_a,193,COc1ccc(CNC(=O)CN(c2cc(C)cc(C)c2)S(=O)(=O)c2c(C)noc2C)cc1,1,-2.5620032426098316,-2.766821524767748,-2.766821524767748,0,0,0,0.0,0.0,0.0,0,0,0,0,0,0,0,1.0,0.0029999999999999953,0.007974223999344906,1,1
dev_a,193,COc1ccc(CNC(=O)CN(c2cc(C)cc(C)c2)S(=O)(=O)c2c(C)noc2C)cc1,2,-2.677390433113395,-2.841726853742139,-2.841726853742139,0,0,0,0.0,0.0,0.0,0,0,0,0,0,0,0,1.0,0.0029999999999999884,0.006319903545617523,1,1
dev_a,193,COC(=O)c1cc(OC)c(OC)cc1NC(=O)CSc1ccccc1,0,-2.333764473333514,-2.5116975098783465,-2.5116975098783465,0,0,0,0.0,0.0,0.0,0,0,0,0,0,0,0,1.0,0.003000000000000023,0.010670079313045602,1,1
dev_a,193,COC(=O)c1cc(OC)c(OC)cc1NC(=O)CSc1ccccc1,1,-2.3019081656218017,-2.5156360667124487,-2.5156360667124487,0,0,0,0.0,0.0,0.0,0,0,0,0,0,0,0,1.0,0.002999999999999997,0.006856109190818935,1,1
dev_a,193,COC(=O)c1cc(OC)c(OC)cc1NC(=O)CSc1ccccc1,2,-2.267130552211666,-2.4989923576924893,-2.4989923576924893,0,0,0,0.0,0.0,0.0,0,0,0,0,0,0,1,1.0,0.0030000000000000053,0.009628045950242912,1,1
dev_a,193,CCOC(=O)c1sc(NC(=O)CCC(=O)O)nc1C,0,-2.583777715802855,-2.711596761793499,-2.711596761793499,0,0,0,0.0,0.0,0.0,0,0,0,0,0,0,1,1.0,0.003000000000000008,0.006857942564438243,1,1
dev_a,193,CCOC(=O)c1sc(NC(=O)CCC(=O)O)nc1C,1,-2.6379542281647232,-2.744598235288742,-2.744598235288742,0,0,0,0.0,0.0,0.0,0,0,0,0,0,0,0,1.0,0.003000000000000026,0.006377016524912361,1,1
dev_a,193,CCOC(=O)c1sc(NC(=O)CCC(=O)O)nc1C,2,-2.6738806397632406,-2.7687670363055616,-2.7687670363055616,0,0,0,0.0,0.0,0.0,0,0,0,0,0,0,0,1.0,0.0030000000000000304,0.007676224820872968,1,1
dev_a,193,CC(_C=C1\SC(=S)N(c2ccc(C(=O)O)cc2)C1=O)=C\c1ccccc1,0,-2.7140278076513553,-2.823462100548084,-2.823462100548084,0,0,0,0.0,0.0,0.0,0,0,0,0,0,0,1,1.0,0.00300000000000001,0.008150192237870264,1,1
dev_a,193,CC(_C=C1\SC(=S)N(c2ccc(C(=O)O)cc2)C1=O)=C\c1ccccc1,1,-2.745262075688479,-2.882870964595058,-2.882870964595058,0,0,0,0.0,0.0,0.0,0,0,0,0,0,0,1,1.0,0.003000000000000031,0.007299428891903619,1,1
dev_a,193,CC(_C=C1\SC(=S)N(c2ccc(C(=O)O)cc2)C1=O)=C\c1ccccc1,2,-2.6431465818769997,-2.8228544563616085,-2.8228544563616085,0,0,0,0.0,0.0,0.0,0,0,0,0,0,0,0,1.0,0.002999999999999968,0.00661820826950487,1,1
dev_a,193,CC(C(=O)NCC1CCCCC1)N1CCN(S(=O)(=O)_C=C_c2ccccc2)CC1,0,-2.511014312323711,-2.71408933717061,-2.71408933717061,0,0,0,0.0,0.0,0.0,0,0,0,0,0,0,0,1.0,0.002999999999999998,0.006549901962185741,1,1
dev_a,193,CC(C(=O)NCC1CCCCC1)N1CCN(S(=O)(=O)_C=C_c2ccccc2)CC1,1,-2.608737731583447,-2.7868721401603187,-2.7868721401603187,0,0,0,0.0,0.0,0.0,0,0,0,0,0,0,1,1.0,0.003000000000000003,0.00787334229713394,1,1
dev_a,193,CC(C(=O)NCC1CCCCC1)N1CCN(S(=O)(=O)_C=C_c2ccccc2)CC1,2,-2.73798972708721,-2.870699887027281,-2.870699887027281,0,0,0,0.0,0.0,0.0,0,0,0,0,0,0,1,1.0,0.0030000000000000057,0.0071391057701486755,1,1
dev_a,193,Cc1c(Cc2ccc3c(c2)OCO3)sc(NC(=O)c2cccc3ccccc23)c1C(N)=O,0,-2.4280035652879146,-2.6926632771072705,-2.637755916282879,1,0,0,0.002485643637746282,0.0,0.0,0,0,0,1,0,0,0,1.0,0.003000000000000013,0.012609553195923223,1,1
dev_a,193,Cc1c(Cc2ccc3c(c2)OCO3)sc(NC(=O)c2cccc3ccccc23)c1C(N)=O,1,-2.4449445409971284,-2.694297010968924,-2.639609116705544,1,1,1,0.025338302978592075,0.022990198177283094,0.0028900841840009406,0,0,0,1,0,0,0,1.0,0.0029999999999999792,0.012056379073088843,1,1
dev_a,193,Cc1c(Cc2ccc3c(c2)OCO3)sc(NC(=O)c2cccc3ccccc23)c1C(N)=O,2,-2.5706524957864048,-2.7850698260257736,-2.7850698260257736,0,0,0,0.0,0.0,0.0,0,0,0,0,0,0,0,1.0,0.002999999999999991,0.007834211278659737,1,1
dev_a,193,COc1ccccc1N(C(=O)c1snc(C(N)=O)c1N)C(C(=O)NCc1ccccc1)c1ccc(O)cc1,0,-2.377199307432189,-2.6244240072162492,-2.6244240072162492,0,0,0,0.0,0.0,0.0,0,0,0,0,0,0,1,1.0,0.002999999999999978,0.006769704609509342,1,1
dev_a,193,COc1ccccc1N(C(=O)c1snc(C(N)=O)c1N)C(C(=O)NCc1ccccc1)c1ccc(O)cc1,1,-2.3548115308187763,-2.5733729773951044,-2.5733729773951044,0,0,0,0.0,0.0,0.0,0,0,0,0,0,0,1,1.0,0.0030000000000000118,0.008299499115024318,1,1
dev_a,193,COc1ccccc1N(C(=O)c1snc(C(N)=O)c1N)C(C(=O)NCc1ccccc1)c1ccc(O)cc1,2,-2.4622199367097526,-2.6683573419809727,-2.6683573419809727,0,0,0,0.0,0.0,0.0,0,0,0,0,0,0,0,1.0,0.002999999999999993,0.007894395370510584,1,1
dev_a,193,O=[N+]([O-])C(Br)(CO)CO,0,3.4343358360647116,2.417450825682476,2.417450825682476,0,0,0,0.0,0.0,0.0,0,0,0,0,0,0,1,1.0,0.0030000000000000304,0.008170819941522214,1,1
dev_a,193,O=[N+]([O-])C(Br)(CO)CO,1,5.090083790161582,3.9088955998391235,3.9088955998391235,0,0,0,0.0,0.0,0.0,0,0,0,0,0,0,1,1.0,0.0030000000000000044,0.008245515224225041,1,1
dev_a,193,O=[N+]([O-])C(Br)(CO)CO,2,7.291780403862997,5.961929150300246,5.961929150300246,0,0,0,0.0,0.0,0.0,0,0,0,0,0,0,0,1.0,0.0029999999999999866,0.008160154913793622,1,1
dev_a,193,COc1ccc2c(OCc3nnc4ccc(-c5ccccc5)nn34)ccnc2c1,0,-2.3847071963908846,-2.5848636724912897,-2.5848636724912897,0,0,0,0.0,0.0,0.0,0,0,0,0,0,0,1,1.0,0.0029999999999999957,0.009022223945888384,1,1
dev_a,193,COc1ccc2c(OCc3nnc4ccc(-c5ccccc5)nn34)ccnc2c1,1,-2.401195397817648,-2.5670770625056294,-2.5670770625056294,0,0,0,0.0,0.0,0.0,0,0,0,0,0,0,1,1.0,0.002999999999999992,0.007300735707302649,1,1
dev_a,193,COc1ccc2c(OCc3nnc4ccc(-c5ccccc5)nn34)ccnc2c1,2,-2.191711458995447,-2.4593781496713296,-2.4593781496713296,0,0,0,0.0,0.0,0.0,0,0,0,0,0,0,1,1.0,0.0029999999999999923,0.007971486657909164,1,1
dev_a,193,CC(C)CC(NS(=O)(=O)c1ccc2c(c1)oc(=O)n2C)C(=O)N1CC=C(c2ccccc2)CC1,0,-2.3213155395050937,-2.5866321441022575,-2.5866321441022575,0,0,0,0.0,0.0,0.0,0,0,0,0,0,0,0,1.0,0.002999999999999975,0.007889177470028978,1,1
dev_a,193,CC(C)CC(NS(=O)(=O)c1ccc2c(c1)oc(=O)n2C)C(=O)N1CC=C(c2ccccc2)CC1,1,-2.3448219202198146,-2.5705291203114524,-2.5705291203114524,0,0,0,0.0,0.0,0.0,0,0,0,0,0,0,0,1.0,0.0030000000000000226,0.007912612524787388,1,1
dev_a,193,CC(C)CC(NS(=O)(=O)c1ccc2c(c1)oc(=O)n2C)C(=O)N1CC=C(c2ccccc2)CC1,2,-2.471775257918846,-2.647579566350072,-2.647579566350072,0,0,0,0.0,0.0,0.0,0,0,0,0,0,0,0,1.0,0.002999999999999989,0.008360134778972276,1,1
dev_a,193,O=C(NCCc1ccccc1)C1CCCN(S(=O)(=O)c2cccs2)C1,0,-2.501267601262425,-2.693402132235792,-2.693402132235792,0,0,0,0.0,0.0,0.0,0,0,0,0,0,0,1,1.0,0.002999999999999997,0.009790354477697707,1,1
dev_a,193,O=C(NCCc1ccccc1)C1CCCN(S(=O)(=O)c2cccs2)C1,1,-2.5568916231841134,-2.5568916231841134,-2.5895859837963293,0,0,0,0.0,0.0,0.0,0,0,0,0,0,0,1,0.125,0.00037500000000000814,0.0012061991358885567,1,1
dev_a,193,O=C(NCCc1ccccc1)C1CCCN(S(=O)(=O)c2cccs2)C1,2,-2.5742814164056407,-2.7951494808355273,-2.7951494808355273,0,0,0,0.0,0.0,0.0,0,0,0,0,0,0,1,1.0,0.003000000000000015,0.01170902230360531,1,1
dev_a,193,COc1cc(C(=O)OCC(=O)N2CCOCC2)c([N+](=O)[O-])cc1OC,0,-2.323677012194198,-2.55713565721603,-2.55713565721603,0,0,0,0.0,0.0,0.0,0,0,0,0,0,0,0,1.0,0.0029999999999999736,0.00702404102093945,1,1
dev_a,193,COc1cc(C(=O)OCC(=O)N2CCOCC2)c([N+](=O)[O-])cc1OC,1,-2.4178046352123865,-2.6279270597530235,-2.6279270597530235,0,0,0,0.0,0.0,0.0,0,0,0,0,0,0,1,1.0,0.002999999999999981,0.009516741305880514,1,1
dev_a,193,COc1cc(C(=O)OCC(=O)N2CCOCC2)c([N+](=O)[O-])cc1OC,2,-2.2720924331994974,-2.447155576518062,-2.447155576518062,0,0,0,0.0,0.0,0.0,0,0,0,0,0,0,0,1.0,0.0030000000000000057,0.008056297923462906,1,1
dev_a,193,CCC1(C)Cc2c(sc3[nH]c(=O)[nH]c(=O)c23)CS1,0,-2.0292626921585772,-2.173045436216327,-2.173045436216327,0,0,0,0.0,0.0,0.0,0,0,0,0,0,0,0,1.0,0.002999999999999982,0.0066482503344522095,1,1
dev_a,193,CCC1(C)Cc2c(sc3[nH]c(=O)[nH]c(=O)c23)CS1,1,-2.271509127536498,-2.405644879234755,-2.405644879234755,0,0,0,0.0,0.0,0.0,0,0,0,0,0,0,0,1.0,0.0029999999999999892,0.006066131806987093,1,1
dev_a,193,CCC1(C)Cc2c(sc3[nH]c(=O)[nH]c(=O)c23)CS1,2,-2.1788686979876246,-2.3249153315832087,-2.3249153315832087,0,0,0,0.0,0.0,0.0,0,0,0,0,0,0,0,1.0,0.0029999999999999966,0.006612733825736095,1,1
dev_a,193,COc1ccc([N+](=O)[O-])cc1N(CC(=O)N1CCCCC1)S(C)(=O)=O,0,-2.6095240366914396,-2.768197720383518,-2.768197720383518,0,0,0,0.0,0.0,0.0,0,0,0,0,0,0,0,1.0,0.0029999999999999923,0.009622139197477389,1,1
dev_a,193,COc1ccc([N+](=O)[O-])cc1N(CC(=O)N1CCCCC1)S(C)(=O)=O,1,-2.6215709794462856,-2.7835715404205956,-2.7835715404205956,0,0,0,0.0,0.0,0.0,0,0,0,0,0,0,1,1.0,0.0030000000000000005,0.006595604644319732,1,1
dev_a,193,COc1ccc([N+](=O)[O-])cc1N(CC(=O)N1CCCCC1)S(C)(=O)=O,2,-2.4452861678268745,-2.4452861678268745,-2.4757957071140826,0,0,0,0.0,0.0,0.0,0,0,0,0,0,0,1,0.125,0.0003749999999999998,0.0010629515398307488,1,1
dev_a,193,Cc1cc(NC(=O)CN2C(=O)CC(c3ccco3)Sc3ccccc32)no1,0,-2.71365046670938,-2.8217268514358347,-2.8217268514358347,0,0,0,0.0,0.0,0.0,0,0,0,0,0,0,0,1.0,0.0030000000000000014,0.006383960445441224,1,1
dev_a,193,Cc1cc(NC(=O)CN2C(=O)CC(c3ccco3)Sc3ccccc32)no1,1,-2.4591299103404096,-2.62276656585541,-2.62276656585541,0,0,0,0.0,0.0,0.0,0,0,0,0,0,0,0,1.0,0.0030000000000000096,0.006868307262913394,1,1
dev_a,193,Cc1cc(NC(=O)CN2C(=O)CC(c3ccco3)Sc3ccccc32)no1,2,-2.6058044077149374,-2.7655633478199007,-2.7655633478199007,0,0,0,0.0,0.0,0.0,0,0,0,0,0,0,0,1.0,0.0030000000000000183,0.008649457080741557,1,1
dev_a,193,CC1(C)C2([N+](=O)[O-])CN3CC1([N+](=O)[O-])CN(C2)C3c1ccccc1,0,-2.422231241206506,-2.6576198120457706,-2.6576198120457706,0,0,0,0.0,0.0,0.0,0,0,0,0,0,0,1,1.0,0.002999999999999993,0.0083079206891684,1,1
dev_a,193,CC1(C)C2([N+](=O)[O-])CN3CC1([N+](=O)[O-])CN(C2)C3c1ccccc1,1,-2.443372835680095,-2.6739107335572796,-2.6739107335572796,0,0,0,0.0,0.0,0.0,0,0,0,0,0,0,1,1.0,0.0029999999999999814,0.0076385888000217676,1,1
dev_a,193,CC1(C)C2([N+](=O)[O-])CN3CC1([N+](=O)[O-])CN(C2)C3c1ccccc1,2,-2.517908287107689,-2.745107432521692,-2.745107432521692,0,0,0,0.0,0.0,0.0,0,0,0,0,0,0,1,1.0,0.0029999999999999836,0.006411359728125308,1,1
dev_a,193,Cc1ccnc(N=Cc2nc(-c3ccccc3Br)oc2O)c1,0,-1.8507425534778839,-2.1851138773341225,-2.1851138773341225,0,0,0,0.0,0.0,0.0,0,0,0,0,0,0,0,1.0,0.002999999999999982,0.011697328895792215,1,1
dev_a,193,Cc1ccnc(N=Cc2nc(-c3ccccc3Br)oc2O)c1,1,-1.8655005014709762,-2.161678458776706,-2.161678458776706,0,0,0,0.0,0.0,0.0,0,0,0,0,0,0,1,1.0,0.0030000000000000152,0.0072175147721268065,1,1
dev_a,193,Cc1ccnc(N=Cc2nc(-c3ccccc3Br)oc2O)c1,2,-2.0425130450422952,-2.2685091307560388,-2.2685091307560388,0,0,0,0.0,0.0,0.0,0,0,0,0,0,0,0,1.0,0.003000000000000025,0.009261825907465777,1,1
dev_a,193,C=CCN1CC[NH+](C(c2ccc(Cl)cc2)c2nnnn2CCc2ccc(OC)c(OC)c2)CC1,0,-2.587292689736016,-2.7598232189089815,-2.7598232189089815,0,0,0,0.0,0.0,0.0,0,0,0,0,0,0,0,1.0,0.0030000000000000144,0.007411734191667756,1,1
dev_a,193,C=CCN1CC[NH+](C(c2ccc(Cl)cc2)c2nnnn2CCc2ccc(OC)c(OC)c2)CC1,1,-2.5287754666581383,-2.7103084669557154,-2.7103084669557154,0,0,0,0.0,0.0,0.0,0,0,0,0,0,0,0,1.0,0.0029999999999999957,0.00842204342001599,1,1
dev_a,193,C=CCN1CC[NH+](C(c2ccc(Cl)cc2)c2nnnn2CCc2ccc(OC)c(OC)c2)CC1,2,-2.5485422964298476,-2.737782439861516,-2.737782439861516,0,0,0,0.0,0.0,0.0,0,0,0,0,0,0,0,1.0,0.003000000000000004,0.00764305625734605,1,1
dev_a,193,O=C(COc1ccccc1[N+](=O)[O-])Nc1ccc2oc(=O)ccc2c1,0,-1.871231059146653,-2.0994311790007463,-2.0994311790007463,0,0,0,0.0,0.0,0.0,0,0,0,0,0,0,1,1.0,0.0029999999999999836,0.006535063412109827,1,1
dev_a,193,O=C(COc1ccccc1[N+](=O)[O-])Nc1ccc2oc(=O)ccc2c1,1,-2.120446794382436,-2.335369951130132,-2.335369951130132,0,0,0,0.0,0.0,0.0,0,0,0,0,0,0,0,1.0,0.003000000000000045,0.006467329540678126,1,1
dev_a,193,O=C(COc1ccccc1[N+](=O)[O-])Nc1ccc2oc(=O)ccc2c1,2,-1.9264186293272756,-2.2064356410527792,-2.2064356410527792,0,0,0,0.0,0.0,0.0,0,0,0,0,0,0,0,1.0,0.0029999999999999905,0.008189346539840905,1,1
dev_a,193,Cc1ccnc(N2CCC(C(=O)Nc3nnc(C)s3)CC2)n1,0,-2.4314385280134863,-2.5560050535498933,-2.5560050535498933,0,0,0,0.0,0.0,0.0,0,0,0,0,0,0,0,1.0,0.0029999999999999953,0.006662571419502244,1,1
dev_a,193,Cc1ccnc(N2CCC(C(=O)Nc3nnc(C)s3)CC2)n1,1,-2.6126126163985166,-2.7416531382648515,-2.7416531382648515,0,0,0,0.0,0.0,0.0,0,0,0,0,0,0,1,1.0,0.0030000000000000096,0.006890422946058222,1,1
dev_a,193,Cc1ccnc(N2CCC(C(=O)Nc3nnc(C)s3)CC2)n1,2,-2.593910126396529,-2.7535088558105825,-2.7535088558105825,0,0,0,0.0,0.0,0.0,0,0,0,0,0,0,0,1.0,0.0030000000000000035,0.008444948321275597,1,1
dev_a,193,O=C(CN1C(=O)COc2ccc(Cl)cc21)Nc1ccc(N2CCOCC2)cc1,0,-2.4751898013295572,-2.6854156790868644,-2.6854156790868644,0,0,0,0.0,0.0,0.0,0,0,0,0,0,0,1,1.0,0.0030000000000000183,0.006915009538010134,1,1
dev_a,193,O=C(CN1C(=O)COc2ccc(Cl)cc21)Nc1ccc(N2CCOCC2)cc1,1,-2.612947950408085,-2.7988941336743998,-2.7988941336743998,0,0,0,0.0,0.0,0.0,0,0,0,0,0,0,1,1.0,0.0030000000000000126,0.008353944060148307,1,1
dev_a,193,O=C(CN1C(=O)COc2ccc(Cl)cc21)Nc1ccc(N2CCOCC2)cc1,2,-2.4612817165997303,-2.693762163478997,-2.693762163478997,0,0,0,0.0,0.0,0.0,0,0,0,0,0,0,0,1.0,0.002999999999999993,0.006882143844524919,1,1
dev_a,193,O=C(NNC(=O)c1cc2ccccc2cc1O)Nc1ccc(F)cc1F,0,-2.45018876235984,-2.7106491210193226,-2.7106491210193226,0,0,0,0.0,0.0,0.0,0,0,0,0,0,0,1,1.0,0.0030000000000000014,0.00738839895831659,1,1
dev_a,193,O=C(NNC(=O)c1cc2ccccc2cc1O)Nc1ccc(F)cc1F,1,-2.487155425947726,-2.7021663061216232,-2.7021663061216232,0,0,0,0.0,0.0,0.0,0,0,0,0,0,0,1,1.0,0.0029999999999999866,0.007825649173564613,1,1
dev_a,193,O=C(NNC(=O)c1cc2ccccc2cc1O)Nc1ccc(F)cc1F,2,-2.6657147853852967,-2.8628352623111946,-2.8628352623111946,0,0,0,0.0,0.0,0.0,0,0,0,0,0,0,1,1.0,0.0029999999999999953,0.009010619449797539,1,1
dev_a,193,CN(C)C(CNC(=O)c1cnc(Cl)c(Cl)c1)c1ccccc1,0,-2.719935902198627,-2.865711824969556,-2.865711824969556,0,0,0,0.0,0.0,0.0,0,0,0,0,0,0,1,1.0,0.0029999999999999745,0.007126015253084459,1,1
dev_a,193,CN(C)C(CNC(=O)c1cnc(Cl)c(Cl)c1)c1ccccc1,1,-2.4555604694982627,-2.641854662025094,-2.641854662025094,0,0,0,0.0,0.0,0.0,0,0,0,0,0,0,1,1.0,0.0030000000000000022,0.008773994685052912,1,1
dev_a,193,CN(C)C(CNC(=O)c1cnc(Cl)c(Cl)c1)c1ccccc1,2,-2.6660732395188527,-2.8279931768558773,-2.8279931768558773,0,0,0,0.0,0.0,0.0,0,0,0,0,0,0,0,1.0,0.003000000000000009,0.007050340212905418,1,1
dev_a,193,N#CCN1CCN(c2ccc(C(F)(F)F)cc2)CC1,0,-2.828342830089737,-2.9759184104332537,-2.9759184104332537,0,0,0,0.0,0.0,0.0,0,0,0,0,0,0,0,1.0,0.0029999999999999914,0.010680541610477441,1,1
dev_a,193,N#CCN1CCN(c2ccc(C(F)(F)F)cc2)CC1,1,-2.5759711775931065,-2.7831817874988714,-2.7831817874988714,0,0,0,0.0,0.0,0.0,0,0,0,0,0,0,1,1.0,0.002999999999999981,0.007693226154243357,1,1
dev_a,193,N#CCN1CCN(c2ccc(C(F)(F)F)cc2)CC1,2,-2.86500960612008,-2.86500960612008,-2.9309387176666997,0,0,0,0.0,0.0,0.0,0,0,0,0,0,0,0,0.5,0.001500000000000011,0.0038493510975504746,1,1
dev_a,193,CCOC(=O)N1CCN(S(=O)(=O)c2ccc([N+](=O)[O-])cc2)CC1,0,-2.699111727241462,-2.883213834574736,-2.883213834574736,0,0,0,0.0,0.0,0.0,0,0,0,0,0,0,0,1.0,0.0029999999999999988,0.006742244068070804,1,1
dev_a,193,CCOC(=O)N1CCN(S(=O)(=O)c2ccc([N+](=O)[O-])cc2)CC1,1,-2.51606179594724,-2.7204705683181594,-2.7204705683181594,0,0,0,0.0,0.0,0.0,0,0,0,0,0,0,1,1.0,0.002999999999999997,0.008942241646270646,1,1
dev_a,193,CCOC(=O)N1CCN(S(=O)(=O)c2ccc([N+](=O)[O-])cc2)CC1,2,-2.6301986388117404,-2.825218760194972,-2.825218760194972,0,0,0,0.0,0.0,0.0,0,0,0,0,0,0,0,1.0,0.0030000000000000204,0.009126886425943672,1,1
dev_a,193,O=C(O)_C=C_c1ccc2c(c1)OCCO2,0,-2.0359765089775363,-2.24662217085993,-2.24662217085993,0,0,0,0.0,0.0,0.0,0,0,0,0,0,0,0,1.0,0.0029999999999999936,0.006715769235885539,1,1
dev_a,193,O=C(O)_C=C_c1ccc2c(c1)OCCO2,1,-2.131299945357953,-2.2960417803148867,-2.2960417803148867,0,0,0,0.0,0.0,0.0,0,0,0,0,0,0,0,1.0,0.0029999999999999792,0.006119971763412064,1,1
dev_a,193,O=C(O)_C=C_c1ccc2c(c1)OCCO2,2,-2.1615409774058105,-2.3119944508844927,-2.3119944508844927,0,0,0,0.0,0.0,0.0,0,0,0,0,0,0,0,1.0,0.0029999999999999858,0.006805072213454302,1,1
dev_a,193,COc1ccc(-c2nc([NH2+]CCCN(C)C)c3ccccc3n2)cc1,0,-2.4211608589010423,-2.6103908321122793,-2.6103908321122793,0,0,0,0.0,0.0,0.0,0,0,0,0,0,0,0,1.0,0.002999999999999997,0.0068359752505052305,1,1
dev_a,193,COc1ccc(-c2nc([NH2+]CCCN(C)C)c3ccccc3n2)cc1,1,-2.2930616156898855,-2.5390849478851947,-2.5390849478851947,0,0,0,0.0,0.0,0.0,0,0,0,0,0,0,0,1.0,0.002999999999999986,0.008943265939470079,1,1
dev_a,193,COc1ccc(-c2nc([NH2+]CCCN(C)C)c3ccccc3n2)cc1,2,-2.3643488550431098,-2.586926128599368,-2.586926128599368,0,0,0,0.0,0.0,0.0,0,0,0,0,0,0,0,1.0,0.0029999999999999966,0.009960324024254324,1,1
dev_b,193,COc1ccc(NC(=O)C(F)(F)F)cc1OC,0,-2.0389238804646084,-2.255506688640003,-2.255506688640003,0,0,0,0.0,0.0,0.0,0,0,0,0,0,0,0,1.0,0.002999999999999994,0.007358830381523094,1,1
dev_b,193,COc1ccc(NC(=O)C(F)(F)F)cc1OC,1,-2.1650127862791186,-2.318849991632807,-2.318849991632807,0,0,0,0.0,0.0,0.0,0,0,0,0,0,0,0,1.0,0.003000000000000009,0.007594141153545343,1,1
dev_b,193,COc1ccc(NC(=O)C(F)(F)F)cc1OC,2,-2.1811463268498494,-2.3517003207062137,-2.3517003207062137,0,0,0,0.0,0.0,0.0,0,0,0,0,0,0,1,1.0,0.003000000000000009,0.00942335199378269,1,1
dev_b,193,c1cc2c(cc1-c1csc(N[NH2+]C3=NCCCCC3)n1)OCCO2,0,-0.9260771979156575,-1.2601577821956762,-1.2601577821956762,0,0,0,0.0,0.0,0.0,0,0,0,0,0,0,0,1.0,0.0029999999999999996,0.007412167791433599,1,1
dev_b,193,c1cc2c(cc1-c1csc(N[NH2+]C3=NCCCCC3)n1)OCCO2,1,-1.7892377112637599,-2.006760624472447,-2.006760624472447,0,0,0,0.0,0.0,0.0,0,0,0,0,0,0,0,1.0,0.0030000000000000213,0.006793169996497386,1,1
dev_b,193,c1cc2c(cc1-c1csc(N[NH2+]C3=NCCCCC3)n1)OCCO2,2,-1.6794986573697712,-1.940352198812779,-1.940352198812779,0,0,0,0.0,0.0,0.0,0,0,0,0,0,0,1,1.0,0.002999999999999988,0.00941520551661222,1,1
dev_b,193,O=C(N_N=C_c1cccc2ccccc12)c1cc2ccccc2o1,0,-2.593525800857547,-2.802753307127073,-2.802753307127073,0,0,0,0.0,0.0,0.0,0,0,0,0,0,0,0,1.0,0.002999999999999974,0.007692073729662172,1,1
dev_b,193,O=C(N_N=C_c1cccc2ccccc12)c1cc2ccccc2o1,1,-2.7027483437163404,-2.8493503647350678,-2.8493503647350678,0,0,0,0.0,0.0,0.0,0,0,0,0,0,0,0,1.0,0.0029999999999999714,0.006285749105142268,1,1
dev_b,193,O=C(N_N=C_c1cccc2ccccc12)c1cc2ccccc2o1,2,-2.524524117209546,-2.71974878648077,-2.71974878648077,0,0,0,0.0,0.0,0.0,0,0,0,0,0,0,0,1.0,0.0029999999999999996,0.007019162897502499,1,1
dev_b,193,CCCCNc1nc2ccccc2n1CC(=O)Nc1c(C)cccc1CC,0,-2.6414209762726433,-2.7996645856099103,-2.7996645856099103,0,0,0,0.0,0.0,0.0,0,0,0,0,0,0,0,1.0,0.0030000000000000096,0.008778143072120423,1,1
dev_b,193,CCCCNc1nc2ccccc2n1CC(=O)Nc1c(C)cccc1CC,1,-2.6608574981862567,-2.799046227053624,-2.799046227053624,0,0,0,0.0,0.0,0.0,0,0,0,0,0,0,0,1.0,0.0029999999999999957,0.008095004487714826,1,1
dev_b,193,CCCCNc1nc2ccccc2n1CC(=O)Nc1c(C)cccc1CC,2,-2.690812342403831,-2.8158919520985286,-2.8158919520985286,0,0,0,0.0,0.0,0.0,0,0,0,0,0,0,0,1.0,0.0029999999999999957,0.006890266083023137,1,1
dev_b,193,CCOC(=O)CSc1nc2cc(C(=O)N3CCC(C(N)=O)CC3)ccc2c(=O)n1C1CCCCC1,0,-2.4620838676762786,-2.4620838676762786,-2.4897374716005998,0,0,0,0.0,0.0,0.0,0,0,0,0,0,0,1,0.125,0.0003749999999999851,0.0010438404608493338,1,1
dev_b,193,CCOC(=O)CSc1nc2cc(C(=O)N3CCC(C(N)=O)CC3)ccc2c(=O)n1C1CCCCC1,1,-2.6376697610628232,-2.6376697610628232,-2.7756060043457493,1,1,1,0.10520807394297904,0.10520807394297904,0.08077394053103726,0,0,0,1,0,0,0,1.0,0.002999999999999994,0.012589977300148153,1,1
dev_b,193,CCOC(=O)CSc1nc2cc(C(=O)N3CCC(C(N)=O)CC3)ccc2c(=O)n1C1CCCCC1,2,-2.5004039999053203,-2.5004039999053203,-2.548124067665792,1,1,1,0.17515284830336997,0.17515284830336997,0.16898250068183707,0,0,0,1,0,0,0,0.25,0.0007500000000000055,0.0030949991946572744,1,1
dev_b,193,CCOC(=O)C1CCCN(C(=O)c2cc(Nc3ccc(OC)cc3)nc3ccccc23)C1,0,-2.4760840651590454,-2.7105812190684486,-2.7105812190684486,0,0,0,0.0,0.0,0.0,0,0,0,0,0,0,0,1.0,0.0030000000000000126,0.007806193597517568,1,1
dev_b,193,CCOC(=O)C1CCCN(C(=O)c2cc(Nc3ccc(OC)cc3)nc3ccccc23)C1,1,-2.6651919283500374,-2.851957532588114,-2.851957532588114,0,0,0,0.0,0.0,0.0,0,0,0,0,0,0,1,1.0,0.003000000000000023,0.009017977113198645,1,1
dev_b,193,CCOC(=O)C1CCCN(C(=O)c2cc(Nc3ccc(OC)cc3)nc3ccccc23)C1,2,-2.4513658455637493,-2.6509650300013314,-2.6509650300013314,0,0,0,0.0,0.0,0.0,0,0,0,0,0,0,0,1.0,0.0030000000000000044,0.006479848500670466,1,1
dev_b,193,Cc1ccc(N(C)C(=O)CCNC(=O)Cn2cnc3ccccc3c2=O)cc1C,0,-2.3913783049248054,-2.618141908992417,-2.618141908992417,0,0,0,0.0,0.0,0.0,0,0,0,0,0,0,0,1.0,0.002999999999999998,0.00748147658139517,1,1
dev_b,193,Cc1ccc(N(C)C(=O)CCNC(=O)Cn2cnc3ccccc3c2=O)cc1C,1,-2.533746062092278,-2.7283702944349146,-2.7283702944349146,0,0,0,0.0,0.0,0.0,0,0,0,0,0,0,1,1.0,0.0029999999999999966,0.005833504472468073,1,1
dev_b,193,Cc1ccc(N(C)C(=O)CCNC(=O)Cn2cnc3ccccc3c2=O)cc1C,2,-2.674930585544455,-2.798389053003697,-2.798389053003697,0,0,0,0.0,0.0,0.0,0,0,0,0,0,0,0,1.0,0.0030000000000000014,0.007285911959672793,1,1
dev_b,193,COc1ccccc1NC(=O)_C(C#N)=C_c1cc([N+](=O)[O-])ccc1N1CCCC1,0,-1.8790233350245371,-2.0979631504356027,-2.0979631504356027,0,0,0,0.0,0.0,0.0,0,0,0,0,0,0,0,1.0,0.003000000000000011,0.00707251353517881,1,1
dev_b,193,COc1ccccc1NC(=O)_C(C#N)=C_c1cc([N+](=O)[O-])ccc1N1CCCC1,1,-2.346242388848368,-2.5627430827069464,-2.5627430827069464,0,0,0,0.0,0.0,0.0,0,0,0,0,0,0,1,1.0,0.0030000000000000022,0.0070710565361045575,1,1
dev_b,193,COc1ccccc1NC(=O)_C(C#N)=C_c1cc([N+](=O)[O-])ccc1N1CCCC1,2,-2.2383430143970435,-2.477202332470606,-2.477202332470606,0,0,0,0.0,0.0,0.0,0,0,0,0,0,0,0,1.0,0.0030000000000000074,0.007737273723826043,1,1
dev_b,193,Cc1nn(C)cc1CN(C)C(=O)c1cc(COc2ccc(F)cc2F)on1,0,-2.66767105644648,-2.796892026658197,-2.796892026658197,0,0,0,0.0,0.0,0.0,0,0,0,0,0,0,0,1.0,0.0029999999999999766,0.0069723325502000265,1,1
dev_b,193,Cc1nn(C)cc1CN(C)C(=O)c1cc(COc2ccc(F)cc2F)on1,1,-2.3443303507638213,-2.4842589668200574,-2.4842589668200574,0,0,0,0.0,0.0,0.0,0,0,0,0,0,0,0,1.0,0.0030000000000000053,0.007439142859783383,1,1
dev_b,193,Cc1nn(C)cc1CN(C)C(=O)c1cc(COc2ccc(F)cc2F)on1,2,-2.4884978739208243,-2.599849799568879,-2.599849799568879,0,0,0,0.0,0.0,0.0,0,0,0,0,0,0,1,1.0,0.0029999999999999884,0.006358030998418838,1,1
dev_b,193,COc1ccc(C(=O)NCc2nnc(SCC(=O)N3CCc4ccccc43)o2)cc1OC,0,-2.1533035957484903,-2.3389779235694723,-2.3389779235694723,0,0,0,0.0,0.0,0.0,0,0,0,0,0,0,1,1.0,0.0030000000000000005,0.00808007204740731,1,1
dev_b,193,COc1ccc(C(=O)NCc2nnc(SCC(=O)N3CCc4ccccc43)o2)cc1OC,1,-2.028220454695931,-2.2662670102640954,-2.2662670102640954,0,0,0,0.0,0.0,0.0,0,0,0,0,0,0,1,1.0,0.00299999999999999,0.007246483958729162,1,1
dev_b,193,COc1ccc(C(=O)NCc2nnc(SCC(=O)N3CCc4ccccc43)o2)cc1OC,2,-1.9955879974699164,-2.2067732001671057,-2.2067732001671057,0,0,0,0.0,0.0,0.0,0,0,0,0,0,0,1,1.0,0.0030000000000000118,0.009677118181639877,1,1
dev_b,193,O=C(Nc1cccc2ncccc12)c1cc(Br)ccc1Cl,0,-2.6836586646303218,-2.8272084503746653,-2.8272084503746653,0,0,0,0.0,0.0,0.0,0,0,0,0,0,0,0,1.0,0.0029999999999999875,0.007663650707287575,1,1
dev_b,193,O=C(Nc1cccc2ncccc12)c1cc(Br)ccc1Cl,1,-2.718935004524251,-2.939950708881754,-2.939950708881754,0,0,0,0.0,0.0,0.0,0,0,0,0,0,0,0,1.0,0.003000000000000026,0.006865894643723562,1,1
dev_b,193,O=C(Nc1cccc2ncccc12)c1cc(Br)ccc1Cl,2,-2.6954342608450714,-2.9059310069133932,-2.9059310069133932,0,0,0,0.0,0.0,0.0,0,0,0,0,0,0,1,1.0,0.0029999999999999727,0.0072976384081029294,1,1
dev_b,193,O=c1c(_C=N_O)coc2ccc3ccccc3c12,0,-1.4986928881040218,-1.7937128048600386,-1.7937128048600386,0,0,0,0.0,0.0,0.0,0,0,0,0,0,0,1,1.0,0.0029999999999999875,0.006206004481186547,1,1
dev_b,193,O=c1c(_C=N_O)coc2ccc3ccccc3c12,1,-1.2956367344605388,-1.6549304564874514,-1.6549304564874514,0,0,0,0.0,0.0,0.0,0,0,0,0,0,0,0,1.0,0.0029999999999999944,0.007616274334976051,1,1
dev_b,193,O=c1c(_C=N_O)coc2ccc3ccccc3c12,2,-1.635852055222935,-1.8703400418021598,-1.8703400418021598,0,0,0,0.0,0.0,0.0,0,0,0,0,0,0,1,1.0,0.003000000000000027,0.005969160410561816,1,1
dev_b,193,O=C(_C=C_c1ccccc1Cl)Nc1ccncc1,0,-2.8660108746489543,-2.9725683417809465,-2.9725683417809465,0,0,0,0.0,0.0,0.0,0,0,0,0,0,0,1,1.0,0.0029999999999999636,0.007402946476828618,1,1
dev_b,193,O=C(_C=C_c1ccccc1Cl)Nc1ccncc1,1,-2.782900613922072,-2.8618506031719315,-2.8618506031719315,0,0,0,0.0,0.0,0.0,0,0,0,0,0,0,1,1.0,0.0030000000000000027,0.007127599412242283,1,1
dev_b,193,O=C(_C=C_c1ccccc1Cl)Nc1ccncc1,2,-2.6173560620333545,-2.7948552591297346,-2.7948552591297346,0,0,0,0.0,0.0,0.0,0,0,0,0,0,0,1,1.0,0.0030000000000000135,0.008376268418935453,1,1
dev_b,193,CN(CCOc1ccc(C[C@H](Nc2ccccc2C(=O)c2ccccc2)C(=O)O)cc1)c1ccccn1,0,-2.6014471591475354,-2.789917406154381,-2.789917406154381,0,0,0,0.0,0.0,0.0,0,0,0,0,0,0,1,1.0,0.002999999999999967,0.00843748965818464,1,1
dev_b,193,CN(CCOc1ccc(C[C@H](Nc2ccccc2C(=O)c2ccccc2)C(=O)O)cc1)c1ccccn1,1,-2.1975301979983883,-2.50191008962826,-2.50191008962826,0,0,0,0.0,0.0,0.0,0,0,0,0,0,0,0,1.0,0.00300000000000001,0.007790286947908904,1,1
dev_b,193,CN(CCOc1ccc(C[C@H](Nc2ccccc2C(=O)c2ccccc2)C(=O)O)cc1)c1ccccn1,2,-2.6197219465320885,-2.8041784334528534,-2.8041784334528534,0,0,0,0.0,0.0,0.0,0,0,0,0,0,0,0,1.0,0.0030000000000000005,0.006603716865374731,1,1
dev_b,193,CC(C)[C@@H]1C=C(C(=O)O)O[C@H](OCCCCO)C1,0,-2.08068602689981,-2.334549426057716,-2.334549426057716,0,0,0,0.0,0.0,0.0,0,0,0,0,0,0,0,1.0,0.0030000000000000213,0.006921833263050578,1,1
dev_b,193,CC(C)[C@@H]1C=C(C(=O)O)O[C@H](OCCCCO)C1,1,-2.635076354125651,-2.789650068787738,-2.789650068787738,0,0,0,0.0,0.0,0.0,0,0,0,0,0,0,1,1.0,0.0030000000000000074,0.007218547791432439,1,1
dev_b,193,CC(C)[C@@H]1C=C(C(=O)O)O[C@H](OCCCCO)C1,2,-2.4753601024288496,-2.6699454471267723,-2.6699454471267723,0,0,0,0.0,0.0,0.0,0,0,0,0,0,0,0,1.0,0.0029999999999999996,0.01098882469978003,1,1
dev_b,193,O=C(CN1C(=O)c2cccc([N+](=O)[O-])c2C1=O)N1CCN(c2ccc(F)cc2)CC1,0,-1.8507648438462183,-2.0908086398106627,-2.0908086398106627,0,0,0,0.0,0.0,0.0,0,0,0,0,0,0,1,1.0,0.0030000000000000087,0.011387269903096636,1,1
dev_b,193,O=C(CN1C(=O)c2cccc([N+](=O)[O-])c2C1=O)N1CCN(c2ccc(F)cc2)CC1,1,-1.7654362258769716,-2.0099862208372206,-2.0099862208372206,0,0,0,0.0,0.0,0.0,0,0,0,0,0,0,1,1.0,0.0029999999999999897,0.0074044989664337904,1,1
dev_b,193,O=C(CN1C(=O)c2cccc([N+](=O)[O-])c2C1=O)N1CCN(c2ccc(F)cc2)CC1,2,-2.013928337351204,-2.220886951264373,-2.220886951264373,0,0,0,0.0,0.0,0.0,0,0,0,0,0,0,0,1.0,0.002999999999999991,0.006901138200066392,1,1
dev_b,193,O=C(NC1CCCCC1)c1cc(-c2ccccn2)nc2ccccc12,0,-2.680221254273854,-2.8841009522102663,-2.8841009522102663,0,0,0,0.0,0.0,0.0,0,0,0,0,0,0,0,1.0,0.0029999999999999988,0.010484782548240625,1,1
dev_b,193,O=C(NC1CCCCC1)c1cc(-c2ccccn2)nc2ccccc12,1,-2.760185975116748,-2.9444534407751766,-2.9444534407751766,0,0,0,0.0,0.0,0.0,0,0,0,0,0,0,1,1.0,0.0029999999999999844,0.007776264877259343,1,1
dev_b,193,O=C(NC1CCCCC1)c1cc(-c2ccccn2)nc2ccccc12,2,-2.72472481808781,-2.72472481808781,-2.7544684981000302,0,0,0,0.0,0.0,0.0,0,0,0,0,0,0,0,0.125,0.00037499999999997426,0.00113088296655924,1,1
dev_b,193,Cn1cccc1Cc1nnc(SCC(=O)Nc2nc3ccccc3s2)n1CCc1ccccc1,0,-2.492775616657656,-2.6609469994253514,-2.6609469994253514,0,0,0,0.0,0.0,0.0,0,0,0,0,0,0,0,1.0,0.003000000000000006,0.009577045936394869,1,1
dev_b,193,Cn1cccc1Cc1nnc(SCC(=O)Nc2nc3ccccc3s2)n1CCc1ccccc1,1,-2.4925931850248944,-2.6582421920998867,-2.6582421920998867,0,0,0,0.0,0.0,0.0,0,0,0,0,0,0,0,1.0,0.002999999999999978,0.009441410202480214,1,1
dev_b,193,Cn1cccc1Cc1nnc(SCC(=O)Nc2nc3ccccc3s2)n1CCc1ccccc1,2,-2.3480889650622627,-2.547625314080404,-2.547625314080404,0,0,0,0.0,0.0,0.0,0,0,0,0,0,0,0,1.0,0.002999999999999989,0.00967329457684701,1,1
dev_b,193,CN=C1SC(CC(=O)Nc2ccc(N3CCOCC3)cc2)C(=O)N1C,0,-2.4766680196337485,-2.656560566695891,-2.656560566695891,0,0,0,0.0,0.0,0.0,0,0,0,0,0,0,1,1.0,0.0029999999999999988,0.006023710585419823,1,1
dev_b,193,CN=C1SC(CC(=O)Nc2ccc(N3CCOCC3)cc2)C(=O)N1C,1,-2.4945986142928787,-2.708813811793495,-2.708813811793495,0,0,0,0.0,0.0,0.0,0,0,0,0,0,0,1,1.0,0.0029999999999999892,0.00815031106766943,1,1
dev_b,193,CN=C1SC(CC(=O)Nc2ccc(N3CCOCC3)cc2)C(=O)N1C,2,-2.530937510939557,-2.6893961921140015,-2.6893961921140015,0,0,0,0.0,0.0,0.0,0,0,0,0,0,0,0,1.0,0.0029999999999999988,0.00829930291039585,1,1
dev_b,193,N#CCOc1ccc2oc(-c3ccco3)cc(=O)c2c1,0,-1.3095488466295975,-1.5692692746284853,-1.5692692746284853,0,0,0,0.0,0.0,0.0,0,0,0,0,0,0,0,1.0,0.0029999999999999866,0.007864207914280863,1,1
dev_b,193,N#CCOc1ccc2oc(-c3ccco3)cc(=O)c2c1,1,-1.473028516021119,-1.7264974498258385,-1.7264974498258385,0,0,0,0.0,0.0,0.0,0,0,0,0,0,0,0,1.0,0.002999999999999984,0.00590740008534666,1,1
dev_b,193,N#CCOc1ccc2oc(-c3ccco3)cc(=O)c2c1,2,-1.6339711757584514,-1.819921161133979,-1.819921161133979,0,0,0,0.0,0.0,0.0,0,0,0,0,0,0,1,1.0,0.003000000000000015,0.007663963592824416,1,1
dev_b,193,CCOC(=O)CSc1ccc2nnc(CCNS(=O)(=O)c3ccc(C)cc3)n2n1,0,-2.143568111136955,-2.387288004758752,-2.387288004758752,0,0,0,0.0,0.0,0.0,0,0,0,0,0,0,1,1.0,0.0030000000000000027,0.011936289940140116,1,1
dev_b,193,CCOC(=O)CSc1ccc2nnc(CCNS(=O)(=O)c3ccc(C)cc3)n2n1,1,-2.288570288516839,-2.4735941353045225,-2.4735941353045225,0,0,0,0.0,0.0,0.0,0,0,0,0,0,0,0,1.0,0.00300000000000001,0.011288145332710454,1,1
dev_b,193,CCOC(=O)CSc1ccc2nnc(CCNS(=O)(=O)c3ccc(C)cc3)n2n1,2,-2.285620539062845,-2.465235478911331,-2.465235478911331,0,0,0,0.0,0.0,0.0,0,0,0,0,0,0,1,1.0,0.0030000000000000027,0.009517966954678707,1,1
dev_b,193,O=C(_C=C_c1ccc(OCCCF)cc1)Nc1ccnc(-c2ccncc2)n1,0,-2.5888560761003108,-2.7316856108203647,-2.7316856108203647,0,0,0,0.0,0.0,0.0,0,0,0,0,0,0,0,1.0,0.0030000000000000365,0.007010097317508929,1,1
dev_b,193,O=C(_C=C_c1ccc(OCCCF)cc1)Nc1ccnc(-c2ccncc2)n1,1,-2.5005628410961767,-2.683664318608317,-2.683664318608317,0,0,0,0.0,0.0,0.0,0,0,0,0,0,0,1,1.0,0.002999999999999994,0.007030323251133998,1,1
dev_b,193,O=C(_C=C_c1ccc(OCCCF)cc1)Nc1ccnc(-c2ccncc2)n1,2,-2.477429137809826,-2.685294847696147,-2.685294847696147,0,0,0,0.0,0.0,0.0,0,0,0,0,0,0,1,1.0,0.002999999999999986,0.009901786022782475,1,1
dev_b,193,CC(C)C(NC(=O)OCc1ccccc1)C(=O)OCC(=O)N1CCCCC1,0,-2.456808055518335,-2.6790573964648945,-2.6070102400202075,1,1,1,0.23572329510300838,0.2406973072894263,0.21530824796480852,0,0,0,1,0,0,0,1.0,0.003000000000000008,0.012108460557376464,1,1
dev_b,193,CC(C)C(NC(=O)OCc1ccccc1)C(=O)OCC(=O)N1CCCCC1,1,-2.6632294444686493,-2.8460117240112512,-2.8460117240112512,0,0,0,0.0,0.0,0.0,0,0,0,0,0,0,0,1.0,0.0029999999999999753,0.007891097633846293,1,1
dev_b,193,CC(C)C(NC(=O)OCc1ccccc1)C(=O)OCC(=O)N1CCCCC1,2,-2.4955080497709434,-2.6936086626520095,-2.647323145072315,1,1,1,0.10841758496191778,0.10799584740576096,0.08604047204889342,0,0,0,1,0,0,0,1.0,0.0030000000000000066,0.011516723196426486,1,1
dev_b,193,CCCn1nc(C(=O)NCC(C)(C)N2CCOCC2)c2ccccc2c1=O,0,-2.5181011808730225,-2.677880288180738,-2.677880288180738,0,0,0,0.0,0.0,0.0,0,0,0,0,0,0,1,1.0,0.0029999999999999723,0.007093678604065657,1,1
dev_b,193,CCCn1nc(C(=O)NCC(C)(C)N2CCOCC2)c2ccccc2c1=O,1,-2.572733390353105,-2.7277435752823074,-2.7277435752823074,0,0,0,0.0,0.0,0.0,0,0,0,0,0,0,1,1.0,0.002999999999999959,0.007999454235878419,1,1
dev_b,193,CCCn1nc(C(=O)NCC(C)(C)N2CCOCC2)c2ccccc2c1=O,2,-2.515572980821224,-2.681482034595242,-2.681482034595242,0,0,0,0.0,0.0,0.0,0,0,0,0,0,0,1,1.0,0.00299999999999999,0.006196598210858147,1,1
dev_b,193,CCN1CCN(Cc2nnc(-c3ccc(C)cc3)o2)CC1,0,-2.8188754689748503,-2.9505890752328945,-2.9505890752328945,0,0,0,0.0,0.0,0.0,0,0,0,0,0,0,0,1.0,0.0030000000000000113,0.007139363239927683,1,1
dev_b,193,CCN1CCN(Cc2nnc(-c3ccc(C)cc3)o2)CC1,1,-2.7738525301207675,-2.9263056754116317,-2.9263056754116317,0,0,0,0.0,0.0,0.0,0,0,0,0,0,0,1,1.0,0.003000000000000011,0.006728017070601017,1,1
dev_b,193,CCN1CCN(Cc2nnc(-c3ccc(C)cc3)o2)CC1,2,-2.8283994247890263,-2.9668466225085126,-2.9668466225085126,0,0,0,0.0,0.0,0.0,0,0,0,0,0,0,0,1.0,0.0030000000000000213,0.008485888912235874,1,1
dev_b,193,COc1cccc(Nc2nc(-c3cccs3)nc3ccccc23)c1,0,-2.6355818717925406,-2.7905793123191156,-2.7905793123191156,0,0,0,0.0,0.0,0.0,0,0,0,0,0,0,1,1.0,0.002999999999999988,0.007357721036748957,1,1
dev_b,193,COc1cccc(Nc2nc(-c3cccs3)nc3ccccc23)c1,1,-2.4605340411285197,-2.6667047327717626,-2.6667047327717626,0,0,0,0.0,0.0,0.0,0,0,0,0,0,0,0,1.0,0.0030000000000000204,0.006976080709127259,1,1
dev_b,193,COc1cccc(Nc2nc(-c3cccs3)nc3ccccc23)c1,2,-2.4704192082080434,-2.6807928203288536,-2.6807928203288536,0,0,0,0.0,0.0,0.0,0,0,0,0,0,0,1,1.0,0.003000000000000002,0.005999277514135667,1,1
dev_b,193,COc1ccc(C(=O)N_N=C_c2ccc(OC)c(COc3ccccc3)c2)cc1,0,-2.5213675656409134,-2.6895552138828323,-2.6895552138828323,0,0,0,0.0,0.0,0.0,0,0,0,0,0,0,1,1.0,0.0030000000000000183,0.00786501127258262,1,1
dev_b,193,COc1ccc(C(=O)N_N=C_c2ccc(OC)c(COc3ccccc3)c2)cc1,1,-2.542534727626994,-2.7072306216478386,-2.7072306216478386,0,0,0,0.0,0.0,0.0,0,0,0,0,0,0,0,1.0,0.0029999999999999866,0.00777579364007864,1,1
dev_b,193,COc1ccc(C(=O)N_N=C_c2ccc(OC)c(COc3ccccc3)c2)cc1,2,-2.4305929544667304,-2.6021015861600025,-2.6021015861600025,0,0,0,0.0,0.0,0.0,0,0,0,0,0,0,0,1.0,0.002999999999999979,0.007792275502919186,1,1
dev_b,193,O=C(CN(C(=O)Cn1nnc(-c2cccs2)n1)c1ccc2c(c1)OCCO2)NC1CCCCC1,0,-2.3269375791229447,-2.4905370417318298,-2.4905370417318298,0,0,0,0.0,0.0,0.0,0,0,0,0,0,0,0,1.0,0.0030000000000000118,0.010293024761574236,1,1
dev_b,193,O=C(CN(C(=O)Cn1nnc(-c2cccs2)n1)c1ccc2c(c1)OCCO2)NC1CCCCC1,1,-2.217924891222808,-2.429403403809234,-2.429403403809234,0,0,0,0.0,0.0,0.0,0,0,0,0,0,0,0,1.0,0.0029999999999999966,0.00806945957055598,1,1
dev_b,193,O=C(CN(C(=O)Cn1nnc(-c2cccs2)n1)c1ccc2c(c1)OCCO2)NC1CCCCC1,2,-2.2524701231829996,-2.4417779491698557,-2.4417779491698557,0,0,0,0.0,0.0,0.0,0,0,0,0,0,0,0,1.0,0.002999999999999976,0.008312572987007494,1,1
dev_b,193,O=[N+]([O-])c1ncccc1OCc1ccc(Br)cc1F,0,-1.974274160466734,-2.1883716403072966,-2.1883716403072966,0,0,0,0.0,0.0,0.0,0,0,0,0,0,0,0,1.0,0.0029999999999999983,0.008980999965181447,1,1
dev_b,193,O=[N+]([O-])c1ncccc1OCc1ccc(Br)cc1F,1,-2.6211833087410796,-2.835306356404904,-2.835306356404904,0,0,0,0.0,0.0,0.0,0,0,0,0,0,0,0,1.0,0.0030000000000000083,0.00579303780781667,1,1
dev_b,193,O=[N+]([O-])c1ncccc1OCc1ccc(Br)cc1F,2,-1.8444399077422258,-2.1136793938201883,-2.1136793938201883,0,0,0,0.0,0.0,0.0,0,0,0,0,0,0,0,1.0,0.0030000000000000044,0.009921534057084022,1,1
dev_b,193,Cc1ccc2cc3cc(C(=O)N4CC(C)CC(C)C4)oc3nc2c1,0,-2.4781600282015486,-2.706039104576705,-2.706039104576705,0,0,0,0.0,0.0,0.0,0,0,0,0,0,0,0,1.0,0.0030000000000000083,0.008473624108633296,1,1
dev_b,193,Cc1ccc2cc3cc(C(=O)N4CC(C)CC(C)C4)oc3nc2c1,1,-2.418911855654616,-2.6757360219349877,-2.6757360219349877,0,0,0,0.0,0.0,0.0,0,0,0,0,0,0,0,1.0,0.0030000000000000022,0.008755324540455627,1,1
dev_b,193,Cc1ccc2cc3cc(C(=O)N4CC(C)CC(C)C4)oc3nc2c1,2,-2.6589355526387504,-2.6589355526387504,-2.6865085592977893,0,0,0,0.0,0.0,0.0,0,0,0,0,0,0,1,0.125,0.0003749999999999886,0.0010110217553126247,1,1
dev_b,193,C[C@]12Cc3cn[nH]c3C[C@@H]1CC[C@@H]1[C@@H]2CC[C@@]2(C)[C@H]1CC[C@]2(C)O,0,-1.8795906132172135,-2.1038723390591936,-2.1038723390591936,0,0,0,0.0,0.0,0.0,0,0,0,0,0,0,1,1.0,0.002999999999999974,0.008091331360940672,1,1
dev_b,193,C[C@]12Cc3cn[nH]c3C[C@@H]1CC[C@@H]1[C@@H]2CC[C@@]2(C)[C@H]1CC[C@]2(C)O,1,-1.752672596543107,-1.9954665519458168,-1.9954665519458168,0,0,0,0.0,0.0,0.0,0,0,0,0,0,0,0,1.0,0.0029999999999999897,0.008056410876604327,1,1
dev_b,193,C[C@]12Cc3cn[nH]c3C[C@@H]1CC[C@@H]1[C@@H]2CC[C@@]2(C)[C@H]1CC[C@]2(C)O,2,-1.957317413942435,-2.2191532055233765,-2.2191532055233765,0,0,0,0.0,0.0,0.0,0,0,0,0,0,0,0,1.0,0.00300000000000001,0.007492369012718513,1,1
dev_b,193,CC(C)CCN1CCN(Cc2c(F)cccc2Cl)CC1CCO,0,-2.8017346135452117,-2.930328015029735,-2.930328015029735,0,0,0,0.0,0.0,0.0,0,0,0,0,0,0,0,1.0,0.002999999999999996,0.009526575269564854,1,1
dev_b,193,CC(C)CCN1CCN(Cc2c(F)cccc2Cl)CC1CCO,1,-2.573438462627202,-2.7463620207026143,-2.7463620207026143,0,0,0,0.0,0.0,0.0,0,0,0,0,0,0,0,1.0,0.0029999999999999905,0.010079873270592035,1,1
dev_b,193,CC(C)CCN1CCN(Cc2c(F)cccc2Cl)CC1CCO,2,-2.694302338308866,-2.869347201830718,-2.869347201830718,0,0,0,0.0,0.0,0.0,0,0,0,0,0,0,0,1.0,0.0029999999999999697,0.0076048194748876835,1,1
dev_b,193,CC(=O)N1N=C(c2ccco2)CC1c1ccco1,0,-2.4078876197925614,-2.5999059379150005,-2.5999059379150005,0,0,0,0.0,0.0,0.0,0,0,0,0,0,0,1,1.0,0.0030000000000000105,0.007834653026571728,1,1
dev_b,193,CC(=O)N1N=C(c2ccco2)CC1c1ccco1,1,-2.5759084806398747,-2.7043077723792024,-2.7043077723792024,0,0,0,0.0,0.0,0.0,0,0,0,0,0,0,1,1.0,0.002999999999999993,0.005407314715868726,1,1
dev_b,193,CC(=O)N1N=C(c2ccco2)CC1c1ccco1,2,-2.471282234426571,-2.6428937138442223,-2.6428937138442223,0,0,0,0.0,0.0,0.0,0,0,0,0,0,0,1,1.0,0.002999999999999977,0.006420786728368826,1,1
dev_b,193,CCCS(=O)(=O)N1CCCC(C(=O)NCCCOC(C)C)C1,0,-2.6957823954775564,-2.860473401204739,-2.860473401204739,0,0,0,0.0,0.0,0.0,0,0,0,0,0,0,0,1.0,0.002999999999999994,0.007704728734273415,1,1
dev_b,193,CCCS(=O)(=O)N1CCCC(C(=O)NCCCOC(C)C)C1,1,-2.630728681927404,-2.801156471792048,-2.801156471792048,0,0,0,0.0,0.0,0.0,0,0,0,0,0,0,0,1.0,0.002999999999999981,0.006980978075068902,1,1
dev_b,193,CCCS(=O)(=O)N1CCCC(C(=O)NCCCOC(C)C)C1,2,-2.8029085438639028,-2.9105886013670683,-2.9105886013670683,0,0,0,0.0,0.0,0.0,0,0,0,0,0,0,1,1.0,0.0029999999999999957,0.006847611551467404,1,1
dev_b,193,O=C(_C=C_c1cccc([N+](=O)[O-])c1)Nc1cc(C(=O)O)cc(C(=O)O)c1,0,-2.701864208517167,-2.8294811363404753,-2.8294811363404753,0,0,0,0.0,0.0,0.0,0,0,0,0,0,0,0,1.0,0.00300000000000001,0.00680158500562364,1,1
dev_b,193,O=C(_C=C_c1cccc([N+](=O)[O-])c1)Nc1cc(C(=O)O)cc(C(=O)O)c1,1,-2.6958715107101776,-2.836122373865191,-2.836122373865191,0,0,0,0.0,0.0,0.0,0,0,0,0,0,0,0,1.0,0.002999999999999998,0.006515285937861456,1,1
dev_b,193,O=C(_C=C_c1cccc([N+](=O)[O-])c1)Nc1cc(C(=O)O)cc(C(=O)O)c1,2,-2.6353050699244784,-2.810019079166083,-2.810019079166083,0,0,0,0.0,0.0,0.0,0,0,0,0,0,0,0,1.0,0.002999999999999973,0.005635440117535284,1,1
dev_b,193,COC(=O)[C@@H](NC(=O)NCc1ccc(F)cc1)C(C)C,0,-2.7257718630220404,-2.8773799415543144,-2.8773799415543144,0,0,0,0.0,0.0,0.0,0,0,0,0,0,0,0,1.0,0.002999999999999997,0.00853255492925865,1,1
dev_b,193,COC(=O)[C@@H](NC(=O)NCc1ccc(F)cc1)C(C)C,1,-2.7410237726506255,-2.880448146233187,-2.880448146233187,0,0,0,0.0,0.0,0.0,0,0,0,0,0,0,0,1.0,0.0030000000000000174,0.008157659170891366,1,1
dev_b,193,COC(=O)[C@@H](NC(=O)NCc1ccc(F)cc1)C(C)C,2,-2.6429336074253857,-2.8324282684914976,-2.8324282684914976,0,0,0,0.0,0.0,0.0,0,0,0,0,0,0,1,1.0,0.0029999999999999966,0.0068084208228017095,1,1
dev_b,193,O=C(c1cc([N+](=O)[O-])[nH]n1)N1CCSCC1,0,-2.5158776647669465,-2.6660257637262057,-2.6660257637262057,0,0,0,0.0,0.0,0.0,0,0,0,0,0,0,1,1.0,0.0030000000000000027,0.007503627895645082,1,1
dev_b,193,O=C(c1cc([N+](=O)[O-])[nH]n1)N1CCSCC1,1,-2.420208235330227,-2.5880029855127873,-2.5880029855127873,0,0,0,0.0,0.0,0.0,0,0,0,0,0,0,0,1.0,0.00300000000000001,0.005994415727445947,1,1
dev_b,193,O=C(c1cc([N+](=O)[O-])[nH]n1)N1CCSCC1,2,-2.5662457087007113,-2.697562725028922,-2.697562725028922,0,0,0,0.0,0.0,0.0,0,0,0,0,0,0,1,1.0,0.0029999999999999966,0.008939203652577773,1,1
dev_b,193,COC(=O)NC(NC(=S)Nc1cccc(C)c1)C(Cl)(Cl)Cl,0,-2.5635728409516436,-2.728752177448367,-2.728752177448367,0,0,0,0.0,0.0,0.0,0,0,0,0,0,0,1,1.0,0.003000000000000009,0.009979894051502227,1,1
dev_b,193,COC(=O)NC(NC(=S)Nc1cccc(C)c1)C(Cl)(Cl)Cl,1,-2.66585190097732,-2.804717430331315,-2.804717430331315,0,0,0,0.0,0.0,0.0,0,0,0,0,0,0,0,1.0,0.002999999999999963,0.007685788148735272,1,1
dev_b,193,COC(=O)NC(NC(=S)Nc1cccc(C)c1)C(Cl)(Cl)Cl,2,-2.5820114881283756,-2.7478140340433654,-2.7478140340433654,0,0,0,0.0,0.0,0.0,0,0,0,0,0,0,1,1.0,0.0030000000000000022,0.006271739874697911,1,1
dev_b,193,COc1ccccc1CN(C)c1nnnn1-c1ccccc1,0,-2.743722933698268,-2.8715216282714033,-2.8715216282714033,0,0,0,0.0,0.0,0.0,0,0,0,0,0,0,0,1.0,0.0030000000000000022,0.008905485693067062,1,1
dev_b,193,COc1ccccc1CN(C)c1nnnn1-c1ccccc1,1,-2.6303050689844527,-2.8122053305266457,-2.8122053305266457,0,0,0,0.0,0.0,0.0,0,0,0,0,0,0,1,1.0,0.0029999999999999953,0.007187056173485393,1,1
dev_b,193,COc1ccccc1CN(C)c1nnnn1-c1ccccc1,2,-2.729471365234123,-2.8654062793403887,-2.8654062793403887,0,0,0,0.0,0.0,0.0,0,0,0,0,0,0,0,1.0,0.00299999999999998,0.00683211557304045,1,1
dev_b,193,C=CCN1CCN(C(=O)c2oc3ccccc3c2C)CC1,0,-2.5349917114246883,-2.7174591125646628,-2.7174591125646628,0,0,0,0.0,0.0,0.0,0,0,0,0,0,0,0,1.0,0.0029999999999999953,0.006718765492207104,1,1
dev_b,193,C=CCN1CCN(C(=O)c2oc3ccccc3c2C)CC1,1,-2.5567945699488903,-2.750205723158973,-2.750205723158973,0,0,0,0.0,0.0,0.0,0,0,0,0,0,0,0,1.0,0.002999999999999984,0.008167974316448626,1,1
dev_b,193,C=CCN1CCN(C(=O)c2oc3ccccc3c2C)CC1,2,-2.5938578903922043,-2.7474016144122233,-2.7474016144122233,0,0,0,0.0,0.0,0.0,0,0,0,0,0,0,1,1.0,0.0029999999999999745,0.006137928584060901,1,1
dev_b,193,CC(=O)N1c2ccc(S(=O)(=O)NCCC(=O)Nc3ccc(OC(F)(F)F)cc3)cc2CC1C,0,-2.208187711592987,-2.208187711592987,-2.307391636230782,0,0,0,0.0,0.0,0.0,0,0,0,0,0,0,1,0.5,0.0015000000000000124,0.0040263531647639775,1,1
dev_b,193,CC(=O)N1c2ccc(S(=O)(=O)NCCC(=O)Nc3ccc(OC(F)(F)F)cc3)cc2CC1C,1,-2.0535941359711547,-2.2760077812429538,-2.2760077812429538,0,0,0,0.0,0.0,0.0,0,0,0,0,0,0,0,1.0,0.0030000000000000283,0.00645543888140214,1,1
dev_b,193,CC(=O)N1c2ccc(S(=O)(=O)NCCC(=O)Nc3ccc(OC(F)(F)F)cc3)cc2CC1C,2,-2.184643466471884,-2.393587243319959,-2.393587243319959,0,0,0,0.0,0.0,0.0,0,0,0,0,0,0,1,1.0,0.0029999999999999996,0.00874489544614076,1,1
dev_b,193,COCCCN1CC23C=CC(O2)C(C(=O)OC)C3C1=O,0,-0.8324170961000883,-0.8324170961000883,-0.9671417683183801,0,0,0,0.0,0.0,0.0,0,0,0,0,0,0,0,0.5,0.0014999999999999786,0.004526061833287054,1,1
dev_b,193,COCCCN1CC23C=CC(O2)C(C(=O)OC)C3C1=O,1,-0.897945714863321,-1.0873748559126124,-1.0873748559126124,0,0,0,0.0,0.0,0.0,0,0,0,0,0,0,0,1.0,0.002999999999999994,0.006959925109633382,1,1
dev_b,193,COCCCN1CC23C=CC(O2)C(C(=O)OC)C3C1=O,2,-0.902675463728785,-1.1237163804119503,-1.1237163804119503,0,0,0,0.0,0.0,0.0,0,0,0,0,0,0,1,1.0,0.0030000000000000204,0.009823897848264384,1,1
dev_b,193,Cn1cc(C(=O)O)c(-c2ccncc2)n1,0,-2.3759605502552232,-2.475187870272453,-2.475187870272453,0,0,0,0.0,0.0,0.0,0,0,0,0,0,0,1,1.0,0.0029999999999999836,0.0071493700377389,1,1
dev_b,193,Cn1cc(C(=O)O)c(-c2ccncc2)n1,1,-2.598782242935811,-2.7228553385539076,-2.7228553385539076,0,0,0,0.0,0.0,0.0,0,0,0,0,0,0,0,1.0,0.003000000000000011,0.006062524517279001,1,1
dev_b,193,Cn1cc(C(=O)O)c(-c2ccncc2)n1,2,-2.52024244263221,-2.6235735854871765,-2.6235735854871765,0,0,0,0.0,0.0,0.0,0,0,0,0,0,0,1,1.0,0.0030000000000000044,0.007322606640507453,1,1
dev_b,193,COc1cc(C2_C(=C(_O)c3ccccc3)C(=O)C(=O)N2c2ccccn2)ccc1O,0,-2.6252083878214685,-2.7912197621270307,-2.7912197621270307,0,0,0,0.0,0.0,0.0,0,0,0,0,0,0,1,1.0,0.0029999999999999844,0.007799506371741494,1,1
dev_b,193,COc1cc(C2_C(=C(_O)c3ccccc3)C(=O)C(=O)N2c2ccccn2)ccc1O,1,-2.6116845866409832,-2.809257628091366,-2.809257628091366,0,0,0,0.0,0.0,0.0,0,0,0,0,0,0,1,1.0,0.0029999999999999654,0.006563199779535075,1,1
dev_b,193,COc1cc(C2_C(=C(_O)c3ccccc3)C(=O)C(=O)N2c2ccccn2)ccc1O,2,-2.5885878655378427,-2.802865046350552,-2.802865046350552,0,0,0,0.0,0.0,0.0,0,0,0,0,0,0,1,1.0,0.0030000000000000053,0.008019614071179577,1,1
dev_b,193,Cc1ccc(S(=O)(=O)CCc2nc3ccccc3[nH]2)cc1,0,-2.695506691596001,-2.792840745480166,-2.792840745480166,0,0,0,0.0,0.0,0.0,0,0,0,0,0,0,1,1.0,0.003000000000000011,0.006902765300728976,1,1
dev_b,193,Cc1ccc(S(=O)(=O)CCc2nc3ccccc3[nH]2)cc1,1,-2.6735223370462164,-2.816128219331698,-2.816128219331698,0,0,0,0.0,0.0,0.0,0,0,0,0,0,0,0,1.0,0.0030000000000000014,0.007434854905069846,1,1
dev_b,193,Cc1ccc(S(=O)(=O)CCc2nc3ccccc3[nH]2)cc1,2,-2.6834947052024645,-2.8344958210883355,-2.8344958210883355,0,0,0,0.0,0.0,0.0,0,0,0,0,0,0,1,1.0,0.0029999999999999957,0.0068539620465344515,1,1
dev_b,193,CCOc1ccc(CCNC(=O)c2cccc(NC3=NC4CS(=O)(=O)CC4S3)c2)cc1,0,-2.361893990076898,-2.582529623005693,-2.582529623005693,0,0,0,0.0,0.0,0.0,0,0,0,0,0,0,0,1.0,0.0030000000000000265,0.008803785157042148,1,1
dev_b,193,CCOc1ccc(CCNC(=O)c2cccc(NC3=NC4CS(=O)(=O)CC4S3)c2)cc1,1,-2.2822734461649477,-2.491539312993548,-2.491539312993548,0,0,0,0.0,0.0,0.0,0,0,0,0,0,0,0,1.0,0.002999999999999985,0.007650034682605391,1,1
dev_b,193,CCOc1ccc(CCNC(=O)c2cccc(NC3=NC4CS(=O)(=O)CC4S3)c2)cc1,2,-2.5606113394449186,-2.728811217782294,-2.728811217782294,0,0,0,0.0,0.0,0.0,0,0,0,0,0,0,1,1.0,0.002999999999999987,0.008692471691907786,1,1
dev_b,193,COc1ccc(CCNC(=O)C2CCCN(Cc3nc(-c4ccccc4C)oc3C)C2)cc1OC,0,-2.4748906978746654,-2.697330629248179,-2.697330629248179,0,0,0,0.0,0.0,0.0,0,0,0,0,0,0,1,1.0,0.002999999999999995,0.008903749333864243,1,1
dev_b,193,COc1ccc(CCNC(=O)C2CCCN(Cc3nc(-c4ccccc4C)oc3C)C2)cc1OC,1,-2.405852086488901,-2.6277693741876194,-2.6277693741876194,0,0,0,0.0,0.0,0.0,0,0,0,0,0,0,1,1.0,0.0029999999999999966,0.0068354726403207925,1,1
dev_b,193,COc1ccc(CCNC(=O)C2CCCN(Cc3nc(-c4ccccc4C)oc3C)C2)cc1OC,2,-2.294807016791353,-2.5582401362464084,-2.5582401362464084,0,0,0,0.0,0.0,0.0,0,0,0,0,0,0,0,1.0,0.0029999999999999636,0.010621550116900006,1,1
dev_b,193,Cc1ccc(S(=O)(=O)C2(S(=O)(=O)c3ccc(C)cc3)CC2)cc1,0,15.815701739525364,15.597813913653376,15.597813913653376,0,0,0,0.0,0.0,0.0,0,0,0,0,0,0,1,1.0,0.0029999999999999745,0.008563398948182402,1,1
dev_b,193,Cc1ccc(S(=O)(=O)C2(S(=O)(=O)c3ccc(C)cc3)CC2)cc1,1,19.316200013528853,19.03907532313154,19.03907532313154,0,0,0,0.0,0.0,0.0,0,0,0,0,0,0,1,1.0,0.0030000000000000027,0.007726093349357556,1,1
dev_b,193,Cc1ccc(S(=O)(=O)C2(S(=O)(=O)c3ccc(C)cc3)CC2)cc1,2,15.775952308395533,15.537700841164641,15.537700841164641,0,0,0,0.0,0.0,0.0,0,0,0,0,0,0,0,1.0,0.003000000000000001,0.007878559648938695,1,1
