step,L_prior,L_post,L_move,L_total,tau_mean,tau_median,tau_p10,tau_p25,tau_p75,tau_p90,tau_p95,tau_lt001,tau_le003,tau_003_005,tau_gt005,tau_ge009,graph_rms_proposal_mean,atom_cap_activation_rate,training_safety_rollback_rate,gradient_norm,backbone_lr,head_lr,step_time_seconds
1,-2.666839361190796,1.0645245327908786,0.09000000357627869,-1.5656007476787774,0.0030000002589076757,0.003000000026077032,0.003000000026077032,0.003000000026077032,0.003000000026077032,0.003000000026077032,0.003000000026077032,0.0,1.0,0.0,0.0,0.0,0.0024070442901523797,0.0,,2.3553764820098877,0.00014999999763129496,0.0002999999952625899,0.502434492111206
25,-2.8485827445983887,0.7274189835819338,0.09503041207790375,-2.082397604134407,0.0030826861038804054,0.003082564566284418,0.0030700387433171272,0.003076260327361524,0.003086926764808595,0.0030947490828111767,0.003098085254896432,0.0,0.0,1.0,0.0,0.0,0.002485111979291225,0.0,,3.8063955307006836,0.0001499985195642102,0.0002999970391284204,0.41797900199890137
50,-2.841287612915039,0.6836120157884966,0.13734126091003418,-2.1016493954313384,0.003704405389726162,0.003712398000061512,0.003562540770508349,0.003633241751231253,0.0037679470842704177,0.003868330107070506,0.0038932611350901425,0.0,0.0,1.0,0.0,0.0,0.002985056236764379,0.0,,2.5252556800842285,0.00014999407831528614,0.0002999881566305723,0.4284543991088867
75,-2.834529399871826,0.5649383308238703,0.2076248675584793,-2.1848937777929587,0.004549979232251644,0.0045616584829986095,0.0042798581533133985,0.004377090488560498,0.004701481084339321,0.0048558637499809265,0.004940732102841139,0.0,0.0,0.96875,0.03125,0.0,0.003663812454602711,0.0,,3.9059524536132812,0.00014998667642856055,0.0002999733528571211,0.4683709144592285
100,-2.8238468170166016,1.530451593800095,0.19361475110054016,-1.2144131382269587,0.0043602604418993,0.004292085766792297,0.003871927550062537,0.004053517943248153,0.004501786199398339,0.004816894745454193,0.004994298983365297,0.0,0.0,0.9375,0.0625,0.0,0.0036200518836909724,0.015625,0.09375,4.940713405609131,0.0001499763141962474,0.0002999526283924948,3.103978157043457
125,-2.83577299118042,0.708782015244426,0.18377134203910828,-2.0520243590074165,0.004247477278113365,0.004212915897369385,0.0036886738147586585,0.0038633092772215605,0.004538376466371119,0.004807065846398473,0.005002429359592497,0.0,0.0,0.9375,0.0625,0.0,0.0035247715492294843,0.0,,3.988457679748535,0.00014996299202742975,0.0002999259840548595,0.45096278190612793
150,-2.8127965927124023,0.6879691706983652,0.19506202638149261,-2.0452549455674087,0.004370788112282753,0.004333933349698782,0.003624150319956243,0.003841287922114134,0.004669152898713946,0.005206796526908875,0.005607375781983137,0.0,0.0,0.84375,0.15625,0.0,0.0036216802384339596,0.0,,8.856236457824707,0.000149946710448044,0.000299893420896088,0.4698615074157715
175,-2.8447561264038086,0.5584877650436019,0.1923481523990631,-2.207802966684475,0.004336528480052948,0.004220690578222275,0.0034855130361393094,0.0038355655851773918,0.004812922095879912,0.0052203049417585135,0.005352920410223305,0.0,0.0,0.828125,0.171875,0.0,0.0035492600821938006,0.0,,5.5424933433532715,0.00014992747010085923,0.00029985494020171846,0.36873459815979004
200,-2.850975513458252,0.6809469149381491,0.20389646291732788,-2.0868522538870007,0.004432559013366699,0.00440686009824276,0.003367568668909371,0.00392784783616662,0.0047661938006058335,0.005557831702753902,0.005788535042665899,0.0,0.03125,0.796875,0.171875,0.0,0.003672362247954095,0.0,0.0625,2.055509328842163,0.00014990527174545124,0.0002998105434909025,3.092329502105713
225,-2.805853843688965,0.7010662263550517,0.20405197143554688,-2.0215478384576087,0.004445004276931286,0.0043414379470050335,0.0034159684786573053,0.003957097535021603,0.004880163935013115,0.005577997863292695,0.005802508909255266,0.0,0.015625,0.75,0.234375,0.0,0.0036881332003999407,0.0,,5.543384552001953,0.00014988011625817314,0.0002997602325163463,0.37081122398376465
250,-2.8385062217712402,0.6072148797681707,0.1867476999759674,-2.1551105635592562,0.00425700843334198,0.004097755067050457,0.0034715790534392,0.003727043396793306,0.004561996087431908,0.005272376770153642,0.005696014314889908,0.0,0.0,0.859375,0.140625,0.0,0.003498193618285751,0.0,,2.3072898387908936,0.00014985200463212044,0.0002997040092642409,0.42501091957092285
275,-2.8247299194335938,0.5308346634752436,0.17685596644878387,-2.221749652361186,0.00412836903706193,0.00398067943751812,0.00337372194044292,0.00353661976987496,0.004471554886549711,0.005115995369851589,0.005516304122284054,0.0,0.015625,0.84375,0.140625,0.0,0.0033847253956855662,0.0,,3.152773857116699,0.00014982093797709194,0.0002996418759541839,0.5276110172271729
300,-2.8478448390960693,0.6471869022969139,0.19286313652992249,-2.1219824655529127,0.004326593596488237,0.004251550417393446,0.003549521928653121,0.003826664120424539,0.004650773014873266,0.005190296983346343,0.005563028994947671,0.0,0.03125,0.828125,0.140625,0.0,0.003562483555755833,0.0,0.09375,2.928133964538574,0.00014978691751954619,0.00029957383503909237,3.6090269088745117
325,-2.8477795124053955,0.5230683570140414,0.1677774041891098,-2.256269011891503,0.004025150090456009,0.003887575352564454,0.003146159346215427,0.0034674921771511436,0.004406964872032404,0.005043649161234498,0.005283795529976486,0.0,0.046875,0.828125,0.125,0.0,0.0033253009330524532,0.0,,1.4110950231552124,0.0001497499446025524,0.0002994998892051048,0.44835877418518066
350,-2.672117233276367,1.039267790953368,0.21603399515151978,-1.5447217845518886,0.0045344093814492226,0.00429145060479641,0.0033835990820080043,0.003704548522364348,0.0053123775869607925,0.005948098050430417,0.006098685739561915,0.0,0.015625,0.640625,0.34375,0.0,0.003755726659325374,0.0,,2.874462842941284,0.0001497100206857381,0.0002994200413714762,0.5329468250274658
375,-2.836923122406006,0.5850111261249902,0.17291416227817535,-2.181374391889441,0.004113640636205673,0.00404785480350256,0.00338283006567508,0.0036774222971871495,0.004433583351783454,0.004853458376601338,0.005363965686410665,0.0,0.015625,0.90625,0.078125,0.0,0.0033910882796967623,0.0,,6.890996932983398,0.0001496671473452312,0.0002993342946904624,0.4254477024078369
400,-2.8713595867156982,0.5960054514372107,0.1947716772556305,-2.1959001007116083,0.004345947876572609,0.00439609307795763,0.0033170910319313407,0.003747671318706125,0.0048367391573265195,0.00539166615344584,0.005619727470912039,0.0,0.015625,0.8125,0.171875,0.0,0.0035881900350591828,0.0,0.0625,3.1114437580108643,0.00014962132627359775,0.0002992426525471955,3.1509435176849365
425,-2.8577136993408203,0.5413900057623329,0.1851021945476532,-2.240814175193554,0.004233368672430515,0.004092439077794552,0.003363035642541945,0.003715613216627389,0.00462622893974185,0.005260897101834416,0.0056897665373981,0.0,0.015625,0.796875,0.1875,0.0,0.0034911367475665978,0.0,,2.7786734104156494,0.00014957255927977505,0.0002991451185595501,0.4549252986907959
450,9.378686904907227,25.119309427369103,0.20441284775733948,34.58138332717465,0.004436213988810778,0.004460966680198908,0.003432295098900795,0.0037427781498990953,0.005102387396618724,0.005611069686710835,0.005734941503033042,0.0,0.015625,0.71875,0.265625,0.0,0.003665221068313174,0.0,,11.041582107543945,0.00014952084828900083,0.00029904169657800166,0.4594607353210449
475,-2.8277947902679443,0.6731381011905171,0.18362846970558167,-2.079748350590279,0.004211976192891598,0.00420346949249506,0.00334497659932822,0.0035943258553743362,0.004668570356443524,0.005398358032107353,0.005546848475933074,0.0,0.015625,0.8125,0.171875,0.0,0.003492186061708712,0.0,,6.497935771942139,0.00014946619534273627,0.00029893239068547254,0.5032312870025635
500,-2.695915699005127,0.6832311885426412,0.17118507623672485,-1.9428522599866023,0.004053237847983837,0.003920243587344885,0.0032008694019168616,0.0034108461113646626,0.004523676121607423,0.00507298717275262,0.005565557512454686,0.0,0.03125,0.859375,0.109375,0.0,0.0033795585725405752,0.0,0.0,3.6226799488067627,0.00014940860259858606,0.00029881720519717213,3.110471725463867
525,-2.810883045196533,1.5560622393938695,0.20601704716682434,-1.170779404058775,0.004364497493952513,0.004089948255568743,0.003242162684909999,0.0034739706316031516,0.004706656094640493,0.005914606573060156,0.0061871405923739076,0.0,0.046875,0.734375,0.21875,0.015625,0.003799617555980465,0.0,,5.452539920806885,0.00014934807233021318,0.00029869614466042637,0.45851922035217285
550,-2.8680927753448486,0.5592469358829208,0.18910406529903412,-2.2317038169118217,0.004254694562405348,0.004070378374308348,0.003337864251807332,0.0036529620992951095,0.00457937247119844,0.005106834322214126,0.005966513836756348,0.0,0.03125,0.8125,0.15625,0.0,0.0034719897274817337,0.0,,3.1594793796539307,0.00014928460692724903,0.00029856921385449807,0.4647512435913086
575,-2.7156920433044434,0.7122648445968429,0.2062104344367981,-1.9193069027657708,0.004425688646733761,0.0044258832931518555,0.003376233484596014,0.0037370832287706435,0.004781702067703009,0.005434464104473591,0.0057802273659035555,0.0,0.015625,0.765625,0.21875,0.015625,0.003584004903176015,0.015625,,3.1245245933532715,0.00014921820889519902,0.00029843641779039805,0.4692695140838623
600,-2.8443081378936768,0.7691377758308073,0.21155515313148499,-1.9888697729186395,0.004456641152501106,0.004149843007326126,0.003572161146439612,0.0037700955290347338,0.004610654315911233,0.005949971033260228,0.006210693507455289,0.0,0.0,0.796875,0.203125,0.015625,0.003758441311388007,0.015625,0.125,2.3160557746887207,0.00014914888085534376,0.0002982977617106875,3.4990429878234863
625,-2.85270357131958,0.6057618121018549,0.18668656051158905,-2.1707859253177504,0.0042453669011592865,0.004108983092010021,0.0032758428948000073,0.003695394319947809,0.004788005375303328,0.005260889977216721,0.005748756811954081,0.0,0.03125,0.78125,0.1875,0.0,0.003532741406878277,0.0,,3.54201078414917,0.0001490766255446356,0.0002981532510892712,0.4546687602996826
650,-2.8553617000579834,0.6304452892478639,0.17965227365493774,-2.1516301009718246,0.004144495353102684,0.0039005475118756294,0.0032412111293524505,0.0035064397961832583,0.004634936340153217,0.005416269414126873,0.005691286269575356,0.0,0.046875,0.78125,0.171875,0.0,0.0033907524888964692,0.015625,,1.6785987615585327,0.00014900144581559037,0.00029800289163118074,0.513352632522583
675,-2.828320026397705,0.6507768999770198,0.17646999657154083,-2.105554975943276,0.004124184139072895,0.003849498927593231,0.003416992328129709,0.003609061473980546,0.004558349377475679,0.004999513644725085,0.005507070128805934,0.0,0.046875,0.84375,0.109375,0.0,0.0034433736926576157,0.0,,5.081931114196777,0.00014892334463617515,0.0002978466892723503,0.46411776542663574
700,-2.8341784477233887,0.7286905729395136,0.1975238025188446,-2.024911156930329,0.004336019977927208,0.0041873157024383545,0.0033423792803660033,0.0036125698825344443,0.004814708023332059,0.005666462425142527,0.0058247959706932305,0.0,0.015625,0.78125,0.203125,0.0,0.0035795026348360206,0.0,0.109375,4.622945308685303,0.00014884232508969076,0.0002976846501793815,3.3702213764190674
725,-2.7960548400878906,0.6304727901446012,0.18980439007282257,-2.0881543423307747,0.0042761554941535,0.004177211783826351,0.0033493607304990293,0.003619964758399874,0.004727382678538561,0.005419714143499732,0.005871027172543108,0.0,0.015625,0.796875,0.1875,0.0,0.003512595109008106,0.015625,,3.882563591003418,0.00014875839037465003,0.00029751678074930007,0.4526829719543457
750,-2.8840718269348145,0.5203823166336838,0.17435258626937866,-2.292565120533484,0.004108424298465252,0.003995099104940891,0.0030432798899710178,0.0035808472894132137,0.004693177877925336,0.004942883923649788,0.0051363407168537375,0.0,0.078125,0.828125,0.09375,0.0,0.003422207404387348,0.0,,1.7400654554367065,0.00014867154380465193,0.00029734308760930386,0.4619014263153076
775,-2.8477540016174316,0.7468126257606825,0.2032928466796875,-2.0180112654617943,0.004384202882647514,0.004110562149435282,0.0034497166750952603,0.0037016397109255195,0.004885943257249892,0.005397194670513273,0.005798528646118939,0.0,0.015625,0.78125,0.203125,0.015625,0.0036006693490820045,0.015625,,3.298780918121338,0.00014858178880825036,0.0002971635776165007,0.4718344211578369
800,-2.813722610473633,0.6770049693682813,0.18155446648597717,-2.0626553607484674,0.004172417800873518,0.00405667070299387,0.0030547484755516054,0.0035972868790850043,0.0047051525907590985,0.005367306666448713,0.005617375019937754,0.0,0.078125,0.71875,0.203125,0.0,0.0034690527334363553,0.0,0.0625,4.288341522216797,0.00014848912892881884,0.0002969782578576377,3.5389888286590576
825,-2.8395180702209473,0.6095844770120503,0.19458916783332825,-2.150554012293923,0.004301641136407852,0.004186068661510944,0.0031880610156804325,0.003484383341856301,0.004873016499914229,0.005699152778834105,0.006334579223766922,0.0,0.015625,0.765625,0.21875,0.0,0.0035469243710097814,0.0,,2.3353912830352783,0.0001483935678244107,0.0002967871356488214,0.49823641777038574
850,-2.841653347015381,0.811705601841531,0.1860811412334442,-1.9540388831195017,0.004182498902082443,0.003991858568042517,0.0032560511492192743,0.0034357875119894743,0.004494434921070933,0.005431787902489305,0.005711563839577138,0.0,0.015625,0.84375,0.140625,0.0,0.0034284745985612903,0.03125,,1.4105867147445679,0.00014829510926761476,0.0002965902185352295,0.516010046005249
875,-2.8497238159179688,0.6158551107208654,0.19392980635166168,-2.154758097692259,0.00430822791531682,0.00414031557738781,0.003408416756428778,0.0036812591715715826,0.00483459432143718,0.005253991298377514,0.005448870593681931,0.0,0.015625,0.78125,0.203125,0.0,0.003549878617707127,0.015625,,3.340764284133911,0.00014819375714540634,0.0002963875142908127,0.44827914237976074
900,-2.865445137023926,0.7635988822450557,0.19966623187065125,-2.0203955689201436,0.004341620020568371,0.004164575133472681,0.0033756481716409326,0.0036698466865345836,0.0047201880952343345,0.005568327987566591,0.005780231393873691,0.0,0.03125,0.765625,0.203125,0.015625,0.0036088094963704536,0.015625,0.09375,3.9227468967437744,0.00014808951545899362,0.00029617903091798723,3.0128321647644043
925,-2.7869527339935303,0.9491988509409236,0.19646015763282776,-1.7576110646612837,0.004298959858715534,0.004163548815995455,0.0033403664827346803,0.0036272319266572595,0.004519930575042963,0.005419963598251343,0.006228819442912934,0.0,0.03125,0.828125,0.140625,0.015625,0.003669037641561492,0.015625,,3.8476903438568115,0.00014798238832365983,0.00029596477664731966,0.50569748878479
950,-2.7982277870178223,0.7020922773812449,0.1946125477552414,-2.016746391978439,0.004305822774767876,0.004038711078464985,0.00334441508166492,0.0036238186876289546,0.004675603937357664,0.005498260399326683,0.006497608427889645,0.0,0.0,0.8125,0.1875,0.0,0.0035534289913558862,0.0,,4.498169422149658,0.0001478723799686009,0.0002957447599372018,0.47177624702453613
975,-2.8405508995056152,0.6909513413794639,0.19179847836494446,-2.0713583961240647,0.004277641419321299,0.004143082536756992,0.0033899212256073953,0.0037399037973955274,0.004684972460381687,0.005313453869894147,0.005624731117859482,0.0,0.046875,0.78125,0.171875,0.0,0.0035967236373867116,0.0,,5.106182098388672,0.0001477594947367582,0.0002955189894735164,0.4965205192565918
1000,-2.834749698638916,0.5781158778982487,0.18941375613212585,-2.17936546614596,0.004269958008080721,0.004055581986904144,0.0033878412563353778,0.003581990022212267,0.004895978840067983,0.005401873448863626,0.005757951340638101,0.0,0.015625,0.78125,0.203125,0.0,0.0035336669448733774,0.0,0.0625,6.151060581207275,0.00014764373708464772,0.00029528747416929544,3.408087968826294
1025,-2.818138837814331,0.7378611210213226,0.19149568676948547,-2.002160070516058,0.004303179681301117,0.0041330959647893906,0.003412455413490534,0.0038119962555356324,0.004811561550013721,0.005480700545012951,0.0057896342594176515,0.0,0.046875,0.796875,0.15625,0.0,0.0035400888626493142,0.0,,1.722901701927185,0.00014752511158218297,0.00029505022316436594,0.47312283515930176
1050,-2.853424549102783,0.6009326352418175,0.17833703756332397,-2.1797421352326163,0.004148948006331921,0.0040360623970627785,0.003209456126205623,0.0035776180448010564,0.004418793832883239,0.0053665469866245995,0.005848860647529363,0.0,0.015625,0.859375,0.125,0.0,0.0033840029398097184,0.0,,2.882584571838379,0.00014740362291249592,0.00029480724582499183,0.4986445903778076
1075,-2.8660311698913574,0.6163072002255352,0.1771249771118164,-2.1774686339176266,0.004135712515562773,0.0040006679482758045,0.0032609967980533837,0.0035374946310184896,0.004518322995863855,0.005190988630056381,0.005535968369804322,0.0,0.046875,0.78125,0.171875,0.0,0.0034635274282893503,0.0,,1.6188743114471436,0.00014727927587175106,0.0002945585517435021,0.5083491802215576
1100,-2.8564653396606445,0.5849545987717143,0.19327819347381592,-2.1926659551986227,0.0043301647529006,0.004255726933479309,0.0034177937079221013,0.003787830879446119,0.004781157127581537,0.005431859102100135,0.005569827975705266,0.0,0.0,0.828125,0.171875,0.0,0.00356226655601032,0.0,0.078125,3.0577144622802734,0.0001471520753689567,0.0002943041507379134,3.383230447769165
1125,-2.8878324031829834,0.5836629665251574,0.17690059542655945,-2.232005631292264,0.0041331457905471325,0.004063126165419817,0.003197696525603533,0.0035048595163971186,0.004551985650323331,0.005198842193931341,0.005602132342755793,0.0,0.0625,0.765625,0.171875,0.0,0.0034317215770783035,0.0,,2.511214017868042,0.000147022026425771,0.000294044052851542,0.5110492706298828
1150,-2.83050537109375,0.9516925207554177,0.21918340027332306,-1.7894004442514106,0.0045737638138234615,0.004392402246594429,0.003566759708337486,0.004009052412584424,0.005007995758205652,0.005674223974347114,0.006099616596475243,0.0,0.0,0.75,0.25,0.015625,0.0038134353290836445,0.015625,,4.0682291984558105,0.0001468891341763035,0.000293778268352607,0.4815657138824463
1175,-2.8680472373962402,0.6858907171316705,0.19059590995311737,-2.1044059268407262,0.004273746162652969,0.0040723225101828575,0.003358880011364818,0.0036671271664090455,0.004678283352404833,0.005554517637938261,0.0058276220690459,0.0,0.046875,0.78125,0.171875,0.0,0.0035847524692634476,0.0,,1.982046365737915,0.00014675340386691258,0.00029350680773382516,0.4521331787109375
1200,-2.8771817684173584,0.5764151655890184,0.17542606592178345,-2.229204305186109,0.004120172467082739,0.004048239439725876,0.0032455873675644397,0.0035287077771499753,0.004676119424402714,0.00511067258194089,0.005399255407974123,0.0,0.03125,0.8125,0.15625,0.0,0.0034110436914749818,0.0,0.046875,5.026719570159912,0.00014661484085599856,0.0002932296817119971,3.337508201599121
1225,-2.812596082687378,1.191043490932038,0.19684690237045288,-1.541252007319877,0.004251089412719011,0.0040778182446956635,0.003028206410817802,0.0035387699608691037,0.004623895394615829,0.00533445286564529,0.005882350611500441,0.0,0.09375,0.71875,0.1875,0.03125,0.003549151138291091,0.03125,,5.008238315582275,0.00014647345061379177,0.00029294690122758354,0.5191359519958496
1250,-2.832735538482666,0.6584204903601927,0.18155714869499207,-2.1002516725302414,0.004189259372651577,0.004000041633844376,0.0034484082832932474,0.0035954875638708472,0.004627082729712129,0.005220033880323172,0.00554420652333647,0.0,0.03125,0.828125,0.140625,0.0,0.003492922509912384,0.0,,2.4794328212738037,0.0001463292387221369,0.0002926584774442738,0.46942806243896484
1275,-2.875060558319092,0.9502560926084087,0.1948767751455307,-1.8453075605030491,0.0042864661663770676,0.004100095480680466,0.0032191025326028465,0.00369804393267259,0.004722127108834684,0.00543313496746123,0.005679642152972519,0.0,0.03125,0.828125,0.140625,0.015625,0.003559583907338461,0.015625,,3.3553223609924316,0.00014618221087427246,0.0002923644217485449,0.5009138584136963
1300,-2.7937793731689453,0.6498335799627374,0.20026594400405884,-2.0622504600830007,0.004382023122161627,0.004207604564726353,0.0034025684697553517,0.0038101154495961964,0.004929899354465306,0.005808418663218617,0.005912438360974192,0.0,0.015625,0.75,0.234375,0.0,0.00358227975934877,0.0,0.125,4.781795978546143,0.00014603237287460618,0.00029206474574921236,3.564142942428589
1325,-2.830089807510376,0.6905107533298493,0.19435621798038483,-2.060294505421066,0.0042824577540159225,0.003989980556070805,0.00342809516005218,0.003660247544758022,0.004639252321794629,0.00532194720581174,0.0062007879372686136,0.0,0.046875,0.765625,0.1875,0.015625,0.003602517848776066,0.015625,,5.306272029876709,0.00014587973063848566,0.0002917594612769713,0.45459604263305664
1350,-2.850574016571045,0.5593153697559259,0.19020548462867737,-2.213667324452696,0.0042631858959794044,0.0042007844895124435,0.00320870466530323,0.003640378708951175,0.004758135881274939,0.0056702525354921825,0.0059782242169603705,0.0,0.0625,0.75,0.1875,0.0,0.0035468542179130837,0.0,,2.4024930000305176,0.00014572429019196517,0.00029144858038393035,0.5349411964416504
1375,-2.861088752746582,0.5369592357569056,0.1676444113254547,-2.255741628617732,0.00400468148291111,0.0037380573339760303,0.003097915113903582,0.0034391244989819825,0.004298029933124781,0.005214777868241072,0.005877361469902096,0.0,0.03125,0.828125,0.140625,0.0,0.0033064693268405913,0.0,,4.914372444152832,0.0001455660576715673,0.0002911321153431346,0.5954546928405762
1400,-2.85141921043396,0.587041949778683,0.1877751499414444,-2.1877773497999837,0.004242096096277237,0.004054016433656216,0.003237692080438137,0.003642016788944602,0.004673386923968792,0.005451707262545825,0.005900646653026342,0.0,0.03125,0.78125,0.1875,0.0,0.003521352661631442,0.0,0.0625,4.074787616729736,0.0001454050393240409,0.0002908100786480818,3.114131212234497
1425,-2.8148529529571533,0.5551760969750842,0.18616870045661926,-2.1837322758443394,0.004238283261656761,0.004155714996159077,0.0031947417883202434,0.003687236050609499,0.004673900781199336,0.0053431969601660965,0.005539835500530898,0.0,0.03125,0.796875,0.171875,0.0,0.0034989345808296873,0.0,,2.2527916431427,0.00014524124150611483,0.00029048248301222966,0.5215024948120117
1450,-2.844564437866211,0.6041017442409489,0.18383222818374634,-2.1654712364609745,0.004211889114230871,0.0040275054052472115,0.0033040040172636507,0.003640956769231707,0.0046115199802443385,0.005355283245444298,0.0057278825901448715,0.0,0.015625,0.796875,0.1875,0.0,0.003518642315486282,0.0,,2.2266557216644287,0.0001450746706842463,0.0002901493413684926,0.5081706047058105
1475,-2.8516077995300293,0.676097426621733,0.17430666089057922,-2.1044047213508508,0.004085581749677658,0.003961898386478424,0.003226875071413815,0.0035627249744720757,0.00443772436119616,0.005128809902817011,0.005322496150620281,0.0,0.046875,0.84375,0.109375,0.0,0.003398610371743426,0.0,,3.8709700107574463,0.0001449053334343662,0.0002898106668687324,0.45757150650024414
1500,-2.8958916664123535,0.5627498148784711,0.2024851143360138,-2.2505412430658267,0.004403046797960997,0.004185196943581104,0.003469251608476043,0.0036591985845007002,0.0050870797131210566,0.00568158975802362,0.00598995336331427,0.0,0.046875,0.6875,0.265625,0.0,0.0036469243081377546,0.0,0.09375,6.094661235809326,0.0001447332364416193,0.0002894664728832386,3.3537983894348145
1525,-2.8252506256103516,0.5940320728280186,0.20037618279457092,-2.149478247954643,0.0043783774599432945,0.004257196094840765,0.0033309776801615956,0.0037961024791002274,0.004891821532510221,0.005353635502979159,0.006199766346253454,0.0,0.0625,0.703125,0.234375,0.0,0.0036217993775211977,0.0,,2.689307689666748,0.00014455838650010008,0.00028911677300020016,0.47980666160583496
1550,-2.860513210296631,0.5448220490432831,0.18621815741062164,-2.2397264049433616,0.004226505756378174,0.004091627895832062,0.003161350404843688,0.0035757466102950275,0.00476122903637588,0.005388825805857778,0.005598115059547125,0.0,0.015625,0.796875,0.1875,0.0,0.003462423940121239,0.015625,,3.324831008911133,0.00014438079051258475,0.0002887615810251695,0.5140504837036133
1575,-2.8166768550872803,0.6803429476342597,0.1940365433692932,-2.0571797587551677,0.004320552572607994,0.00427482184022665,0.003379725757986307,0.003746559319552034,0.004863236332312226,0.00518081639893353,0.005512395245023071,0.0,0.03125,0.796875,0.171875,0.0,0.0035877824630191116,0.0,,4.7355265617370605,0.00014420045549025907,0.00028840091098051814,0.4493706226348877
1600,-2.8408501148223877,0.8913399332117208,0.22278600931167603,-1.858628148501002,0.004594027530401945,0.004449861124157906,0.003449765732511878,0.004027153016068041,0.00498507299926132,0.0057766245212405925,0.006163924257270991,0.0,0.03125,0.71875,0.25,0.015625,0.003749916891376492,0.0,0.15625,2.226300001144409,0.00014401738855244074,0.0002880347771048815,2.997831344604492
1625,-2.8504393100738525,0.5833929928775151,0.18625780940055847,-2.1910653856758753,0.004237554967403412,0.0041015734896063805,0.003267353610135615,0.0035159013350494206,0.004929736605845392,0.005397181119769811,0.0056535788113251315,0.0,0.015625,0.765625,0.21875,0.0,0.0034850071210936117,0.0,,4.259688377380371,0.00014383159692629897,0.00028766319385259794,0.48329710960388184
1650,-2.8371336460113525,0.530589965550296,0.16632801294326782,-2.2386927926856353,0.00401996448636055,0.004030761308968067,0.0032261955086141823,0.003481886815279722,0.00449364457745105,0.004863504879176617,0.005412050522863864,0.0,0.046875,0.859375,0.09375,0.0,0.003336598188113891,0.0,,5.960452556610107,0.00014364308794656924,0.0002872861758931385,0.5056726932525635
1675,-2.8505783081054688,0.7014840446966949,0.1731041669845581,-2.078479150627249,0.004082460887730122,0.003965221345424652,0.003199658333323896,0.003548018983565271,0.004424524027854204,0.00505491690710187,0.005607740255072711,0.0,0.015625,0.875,0.109375,0.0,0.003370760503060132,0.0,,4.289426803588867,0.0001434518690552631,0.0002869037381105262,0.546184778213501
1700,-2.8547983169555664,0.6252630795922554,0.18759843707084656,-2.1530074183258736,0.00417619151994586,0.003920814488083124,0.0031579953618347647,0.0035159370745532215,0.0046016956912353635,0.005127885052934289,0.006122773303650319,0.0,0.0625,0.8125,0.125,0.0,0.0035083370836574536,0.0,0.03125,3.6831159591674805,0.000143257947801375,0.00028651589560275,3.35617733001709
1725,-2.855877637863159,0.6038596498579697,0.16465753316879272,-2.1848485452323243,0.003968362230807543,0.0037760725244879723,0.003083196631632745,0.0034274933859705925,0.004331995500251651,0.005172972893342376,0.005458444054238497,0.0,0.0625,0.8125,0.125,0.0,0.0032971977348893082,0.0,,4.590439319610596,0.00014306133184058416,0.00028612266368116833,0.4770669937133789
1750,-2.8190994262695312,0.7599429975211012,0.2001378834247589,-1.9775133390963688,0.004331561736762524,0.004216399975121021,0.003157598385587335,0.0036023090360686183,0.004867455922067165,0.005615084990859032,0.006219915556721389,0.0,0.078125,0.6875,0.234375,0.015625,0.0036515073065741775,0.015625,,7.626267910003662,0.00014286202893495193,0.00028572405786990386,0.49213433265686035
1775,-2.826045513153076,0.7603899134154691,0.21566087007522583,-1.9776801498775112,0.0045076096430420876,0.004346993751823902,0.0032839229796081783,0.003961522364988923,0.004928677575662732,0.0055818616878241314,0.006365365441888569,0.0,0.0625,0.71875,0.21875,0.0,0.0037585076709828543,0.0,,3.58362078666687,0.00014266004695261567,0.00028532009390523134,0.4958961009979248
1800,-2.851776123046875,0.6525895495639871,0.21197059750556946,-2.1127165134324004,0.004455204121768475,0.004254652187228203,0.0032551435753703116,0.003510933311190456,0.005087271565571427,0.005731737799942494,0.006055070832371711,0.0,0.03125,0.703125,0.265625,0.015625,0.0036865530262427814,0.015625,0.125,4.0115156173706055,0.00014245539386747828,0.00028491078773495656,3.566168785095215
1825,-2.7929654121398926,0.8978912304529649,0.18689188361167908,-1.8188345883598822,0.004166202619671822,0.0038892864249646664,0.00310540315695107,0.0034654404153116047,0.004633827600628138,0.005086944298818707,0.006042860355228184,0.0,0.0625,0.796875,0.140625,0.015625,0.003422419736117926,0.015625,,3.9460206031799316,0.0001422480777588931,0.0002844961555177862,0.44612622261047363
1850,-2.841158866882324,0.6083969034040111,0.17988282442092896,-2.159381604961143,0.0041782790794968605,0.004178944975137711,0.003310835361480713,0.003610264102462679,0.004735860507935286,0.005103211477398873,0.005394126917235553,0.0,0.0625,0.8125,0.125,0.0,0.0034511891008729436,0.0,,3.2855236530303955,0.00014203810681134523,0.00028407621362269047,0.4708101749420166
1875,-2.86173677444458,0.5600787308649988,0.18471261858940125,-2.2263074460787804,0.004211020655930042,0.004068839363753796,0.003257225197739899,0.0036082715960219502,0.004635498276911676,0.005266507016494871,0.005824834108352658,0.0,0.03125,0.8125,0.15625,0.0,0.003506063451180474,0.0,,1.678627848625183,0.000141825489314128,0.000283650978628256,0.42992424964904785
1900,-2.8220839500427246,0.6303398327366608,0.1796538084745407,-2.1184571816189988,0.004144825041294098,0.004227996803820133,0.003053598618134856,0.0034450061502866447,0.004580548498779535,0.005058156047016382,0.00569766603875905,0.0,0.078125,0.8125,0.109375,0.0,0.0034876588707491506,0.0,0.125,2.6113193035125732,0.00014161023366101626,0.0002832204673220325,3.3644607067108154
1925,-2.8559446334838867,0.5768656260959546,0.1897081732749939,-2.2016905494340024,0.004287443123757839,0.004245739430189133,0.0032632451737299563,0.0037723577697761357,0.004736060742288828,0.005301155801862478,0.005532976891845465,0.0,0.015625,0.8125,0.171875,0.0,0.0035286666292934487,0.0,,2.164944887161255,0.00014139234834993457,0.00028278469669986914,0.5953996181488037
1950,-2.853506088256836,0.6309168211939189,0.1910788118839264,-2.1446416802880908,0.004292169585824013,0.004151965491473675,0.003313257358968258,0.003774888697080314,0.0047151094768196344,0.0051143598742783075,0.005957663897424936,0.0,0.0,0.84375,0.15625,0.0,0.003538620988725497,0.0,,2.2616612911224365,0.0001411718419826219,0.0002823436839652438,0.5272181034088135
1975,-2.838103771209717,0.7090298895547024,0.20563624799251556,-2.0451878170659907,0.004416611045598984,0.004098046571016312,0.003380506206303835,0.003650615399237722,0.005034247995354235,0.005896227015182377,0.006606393307447432,0.0,0.03125,0.703125,0.265625,0.0,0.003714046514857269,0.0,,3.0100417137145996,0.00014094872326429208,0.00028189744652858416,0.5702693462371826
2000,-2.7884931564331055,1.0887604966613629,0.20678921043872833,-1.615376262381377,0.004357434809207916,0.0041268980130553246,0.0031158854253590107,0.0035408312687650323,0.0047887470573186874,0.005739425355568529,0.005964580574072897,0.0,0.078125,0.734375,0.1875,0.03125,0.003704784696708729,0.03125,0.125,10.924747467041016,0.00014072300100329008,0.00028144600200658015,3.988903284072876
2025,-2.8305091857910156,0.7215545734769431,0.1936717927455902,-2.0299492591613206,0.004295656457543373,0.004140429198741913,0.003214123984798789,0.003564078302588314,0.004844499519094825,0.005509063322097063,0.005831322912126779,0.0,0.046875,0.75,0.203125,0.0,0.003540119305378403,0.0,,2.867983341217041,0.00014049468411074433,0.00028098936822148866,0.4378235340118408
2050,-2.8572230339050293,0.6985831326532703,0.1909041702747345,-2.0807635569286007,0.004263134673237801,0.004171252250671387,0.00321078016422689,0.0037141108768992126,0.004705301485955715,0.00528686847537756,0.005559345148503779,0.0,0.03125,0.796875,0.171875,0.015625,0.003499115750672444,0.015625,,2.534195899963379,0.00014026378160021468,0.00028052756320042936,0.44472670555114746
2075,-2.645639181137085,1.0565673617697329,0.18349599838256836,-1.5142175199412733,0.004195299930870533,0.004172483459115028,0.003024685406126082,0.0036249172990210354,0.004633251577615738,0.005346833821386099,0.005716996430419385,0.0,0.109375,0.71875,0.171875,0.0,0.003497859808111705,0.0,,2.8649606704711914,0.00014003030258733697,0.00028006060517467394,0.484588623046875
2100,-2.847372531890869,0.6128345014113542,0.18981999158859253,-2.157103960071171,0.004250047728419304,0.004092828836292028,0.0032080209348350763,0.003643147530965507,0.004737130715511739,0.00534680224955082,0.006119695422239599,0.0,0.0625,0.765625,0.171875,0.0,0.0034976208431877955,0.0,0.125,4.143234729766846,0.0001397942562894629,0.0002795885125789258,3.0593984127044678
2125,-2.8233983516693115,1.27650361968479,0.17979741096496582,-1.4735492123822227,0.0041058724746108055,0.003962955437600613,0.0030843550339341164,0.003460845211520791,0.004440641030669212,0.0050467953085899355,0.00559941071551293,0.0,0.0625,0.828125,0.109375,0.015625,0.0035420667216991947,0.015625,,2.7303879261016846,0.00013955565202529606,0.0002791113040505921,0.5876917839050293
2150,-2.8616955280303955,0.7208775507026444,0.2002413272857666,-2.059132687587189,0.004399285186082125,0.004313795827329159,0.0034897899720817806,0.0038024100358597934,0.004829673562198877,0.005525918491184711,0.005900547094643115,0.0,0.015625,0.765625,0.21875,0.0,0.0036546143603642263,0.0,,2.5858352184295654,0.0001393144992145242,0.0002786289984290484,0.4696958065032959
2175,-2.781749725341797,0.6883278129157557,0.19138267636299133,-2.015350370341824,0.004256207961589098,0.004119275137782097,0.003086987603455782,0.0035312356194481254,0.004832101869396865,0.005290713207796216,0.005767106823623179,0.0,0.046875,0.765625,0.1875,0.0,0.0035356300001740124,0.0,,2.693286418914795,0.0001390708073774475,0.000278141614754895,0.4598062038421631
2200,-2.8444736003875732,1.0010403772010803,0.22275647521018982,-1.7525632376656533,0.004554851911962032,0.004358668811619282,0.00332534636836499,0.0037430134834721684,0.004988265340216458,0.005896850675344467,0.0060594785958528515,0.0,0.015625,0.734375,0.25,0.03125,0.003866283709426268,0.015625,0.09375,6.184501647949219,0.00013882458613460224,0.0002776491722692045,3.7113752365112305
2225,-2.8661231994628906,0.6233042710897534,0.20591877400875092,-2.15881761075286,0.004395730793476105,0.004191366955637932,0.0031815150287002325,0.003721606684848666,0.0049408115446567535,0.005620630457997322,0.0060280693694949134,0.0,0.0625,0.734375,0.203125,0.0,0.003687630190406005,0.015625,,3.2040460109710693,0.00013857584520638155,0.0002771516904127631,0.5320043563842773
2250,-2.811885356903076,0.7811600711807603,0.19111007452011108,-1.952764943553508,0.004207029938697815,0.004122870974242687,0.0030305205145850778,0.003526370564941317,0.004535136744379997,0.0052357431501150135,0.005836884072050452,0.0,0.09375,0.765625,0.140625,0.015625,0.0035412669225825567,0.0,,4.0316925048828125,0.0001383245944126514,0.0002766491888253028,0.5547826290130615
2275,-2.8030736446380615,0.713625394312557,0.1846381425857544,-2.0141280362923775,0.004195010755211115,0.004077404737472534,0.003221043781377375,0.00358238402986899,0.004775328328832984,0.005136738345026971,0.005520502594299614,0.0,0.078125,0.78125,0.140625,0.0,0.003558499308600672,0.0,,2.2961602210998535,0.00013807084367236294,0.0002761416873447259,0.4144258499145508
2300,-2.819377899169922,0.7404092879378856,0.21456056833267212,-1.9914420141494213,0.004502522759139538,0.004306786227971315,0.0033960090717300774,0.0038121172692626715,0.004947759211063385,0.005738866841420531,0.00648333420976996,0.0,0.03125,0.75,0.21875,0.0,0.0036814307903851287,0.015625,0.0,1.72089684009552,0.0001378146030031609,0.0002756292060063218,3.85282301902771
2325,-2.8459575176239014,0.7193564626925486,0.19010764360427856,-2.0490496453291875,0.004238853231072426,0.004067836329340935,0.003169240150600672,0.0034646737622097135,0.00466518325265497,0.005326581047847868,0.005716945976018904,0.0,0.03125,0.796875,0.171875,0.015625,0.0035777740554062665,0.015625,,3.2347517013549805,0.00013755588252098804,0.0002751117650419761,0.47302770614624023
2350,-2.8562638759613037,0.6378335519346294,0.1827426552772522,-2.143883338698477,0.004184430465102196,0.00408020056784153,0.003210644144564867,0.0035096982028335333,0.004616211517713964,0.005219160439446569,0.005711377970874307,0.0,0.0625,0.734375,0.203125,0.0,0.003460083470333889,0.0,,5.348076820373535,0.00013729469243968625,0.0002745893848793725,0.5492303371429443
2375,-2.3904781341552734,1.5960115559135892,0.1789405643939972,-0.7214706026280902,0.004119762685149908,0.003961825277656317,0.0031364352209493516,0.0035202529979869723,0.004565972718410194,0.005167314922437072,0.005221422272734344,0.0,0.078125,0.765625,0.15625,0.015625,0.0035188822749295232,0.015625,,4.271786689758301,0.00013703104307059247,0.00027406208614118494,0.45044708251953125
2400,-2.825551986694336,0.7392096664886347,0.20933134853839874,-2.0009488988537916,0.004397307522594929,0.004126654006540775,0.0031955814221873878,0.003737898892723024,0.00488451705314219,0.005343963857740165,0.006787764700129625,0.0,0.046875,0.75,0.203125,0.03125,0.003576313003573344,0.03125,0.078125,5.329066276550293,0.00013676494482213244,0.0002735298896442649,3.234663486480713
2425,-2.8694093227386475,0.6442365830650343,0.1807304173707962,-2.151446614612101,0.004173491150140762,0.004125512205064297,0.003305599978193641,0.003560760582331568,0.004574724473059177,0.005188734969124199,0.005767623730935155,0.0,0.0,0.875,0.125,0.0,0.003442880690186769,0.0,,2.940969467163086,0.00013649640819940925,0.0002729928163988185,0.4810645580291748
2450,-2.835313320159912,1.0397488444877263,0.2008621096611023,-1.7136259481477145,0.0043596005998551846,0.004281776957213879,0.003332031308673322,0.003780301194638014,0.004566727322526276,0.0051215351559221745,0.005887453048489986,0.0,0.015625,0.84375,0.140625,0.015625,0.003668304635628885,0.015625,,2.1605417728424072,0.00013622544380378907,0.00027245088760757813,0.4758188724517822
2475,-2.8500874042510986,1.0143224953351613,0.20537865161895752,-1.7519839273156528,0.004401256795972586,0.004168440587818623,0.0034648394910618665,0.003728364303242415,0.0048330314457416534,0.005405644839629531,0.005815790174528955,0.0,0.015625,0.78125,0.203125,0.015625,0.003599475758401342,0.015625,,1.6161365509033203,0.00013595206233248233,0.00027190412466496466,0.587376594543457
2500,-2.830608367919922,0.5831760166855908,0.1746569275856018,-2.176183812442198,0.004097947385162115,0.003923970274627209,0.003312502522021532,0.003463352157268673,0.004504490760155022,0.00491159874945879,0.005397757119499146,0.0,0.03125,0.890625,0.078125,0.0,0.0034396589872942303,0.0,0.09375,3.706385612487793,0.00013567627457812138,0.00027135254915624276,3.190392017364502
2525,-2.819169044494629,1.023245762398725,0.19029217958450317,-1.7182965918273874,0.004196769557893276,0.0038136285729706287,0.003141110367141664,0.0035328580415807664,0.004435858456417918,0.005509102484211326,0.005926504894159733,0.0,0.03125,0.796875,0.171875,0.015625,0.0035331537020894806,0.015625,,5.410782814025879,0.00013539809142833442,0.00027079618285666884,0.4178035259246826
2550,-2.844266414642334,0.6384690776417943,0.18336088955402374,-2.130998156969717,0.004214535467326641,0.00423532584682107,0.0033109009498730304,0.0036374491173774004,0.00458251207601279,0.005308346310630441,0.005432906048372388,0.0,0.03125,0.8125,0.15625,0.0,0.003455766505449088,0.0,,1.954444169998169,0.00013511752386531606,0.0002702350477306321,0.4595186710357666
2575,-2.8267006874084473,0.5471893428481374,0.18647566437721252,-2.2034415425144878,0.004234526306390762,0.0042304303497076035,0.0032206179108470677,0.0035173941287212074,0.004826597287319601,0.005301439948379994,0.005482030566781758,0.0,0.09375,0.734375,0.171875,0.0,0.0035019111452493593,0.0,,2.295513153076172,0.00013483458296539307,0.00026966916593078614,0.5179867744445801
2600,69.98148345947266,146.51230506050783,0.17648941278457642,216.56578459042507,0.004099550656974316,0.0040009841322898865,0.003011446353048086,0.0034594135358929634,0.004559996072202921,0.005269165197387338,0.005935942451469598,0.0,0.109375,0.75,0.140625,0.0,0.003409643473206686,0.0,0.09375,84.30127716064453,0.00013454927989858784,0.0002690985597971757,3.3868846893310547
2625,-2.8499014377593994,0.5670423877767138,0.19132930040359497,-2.204809278494973,0.0042960746213793755,0.004278163891285658,0.003277389029972255,0.0037575693568214774,0.00478625507093966,0.005443970113992691,0.005604354897513986,0.0,0.015625,0.8125,0.171875,0.0,0.0035798323978547242,0.0,,3.6567564010620117,0.00013426162592817707,0.00026852325185635414,0.45913100242614746
2650,-2.86942195892334,0.571816973483848,0.17089825868606567,-2.2278897388813026,0.004070174414664507,0.003975065425038338,0.0032452734420076014,0.0035747765214182436,0.004619442159309983,0.005043686926364898,0.005315842642448842,0.0,0.0625,0.8125,0.125,0.0,0.0033571934278310363,0.0,,1.8622132539749146,0.00013397163241024666,0.0002679432648204933,0.480410099029541
2675,-2.861295223236084,0.9489740567820864,0.19836455583572388,-1.8314014760238333,0.004330023191869259,0.004266250878572464,0.003114460362121463,0.0036035634693689644,0.004831682657822967,0.005195336136966944,0.005449105170555413,0.0,0.046875,0.78125,0.171875,0.015625,0.0035394605715181344,0.015625,,4.014817714691162,0.0001336793107932443,0.0002673586215864886,0.5151963233947754
2700,-2.88004732131958,0.7640243479982698,0.19748415052890778,-2.03546243067824,0.004285743460059166,0.004090990871191025,0.0032133393222466113,0.003514485026244074,0.004596191574819386,0.005298787215724588,0.006315281684510405,0.0,0.046875,0.78125,0.171875,0.0,0.0035384214953052347,0.0,0.046875,2.4768998622894287,0.00013338467261752687,0.00026676934523505374,3.4891245365142822
2725,-2.8222854137420654,0.6776753281452482,0.18084128201007843,-2.070838735511082,0.004170907661318779,0.004039045423269272,0.003304399969056249,0.0035907533019781113,0.004615299752913415,0.005040832422673703,0.005191439972259104,0.0,0.03125,0.859375,0.109375,0.0,0.0035106007860583655,0.0,,2.9009339809417725,0.00013308772951490513,0.00026617545902981026,0.5209436416625977
2750,-2.862548828125,0.6025856695105778,0.1939375400543213,-2.180849399513985,0.004319399129599333,0.004288102500140667,0.003469182178378105,0.003721997083630413,0.00469425949268043,0.00509812799282372,0.0054366596741601825,0.0,0.03125,0.828125,0.140625,0.0,0.0035638153899376674,0.0,,2.6825504302978516,0.00013278849320818428,0.00026557698641636857,0.34087085723876953
2775,-2.8643922805786133,0.6203768987966393,0.19332292675971985,-2.165152342169204,0.0043082693591713905,0.004234366584569216,0.0033086501760408284,0.0035404912778176367,0.004966352949850261,0.005557473516091705,0.005852680932730436,0.0,0.015625,0.734375,0.25,0.0,0.003584413014227004,0.0,,7.396605491638184,0.00013248697551070134,0.0002649739510214027,0.34592676162719727
2800,-2.859856605529785,0.5960813616674767,0.17633993923664093,-2.1918401489693298,0.004125273320823908,0.003942202776670456,0.0033400412881746887,0.0036847986048087478,0.004469961393624544,0.005163581063970924,0.005880588106811044,0.0,0.046875,0.828125,0.125,0.0,0.0034199805351254426,0.0,0.140625,1.4907351732254028,0.00013218318832585886,0.0002643663766517177,2.9289627075195312
2825,-2.8723864555358887,0.5735306882296841,0.18656158447265625,-2.2227509102786738,0.004228425677865744,0.004131630063056946,0.0033329034689813853,0.003623780095949769,0.004651111783459783,0.005344501556828619,0.005877688317559657,0.0,0.046875,0.796875,0.15625,0.0,0.0035323942552197866,0.0,,2.9666285514831543,0.00013187714364665444,0.0002637542872933089,0.35361599922180176
2850,-2.8525431156158447,0.621749100956321,0.19177782535552979,-2.1525612792640922,0.004282909445464611,0.004254208877682686,0.0032135816058143974,0.0035262685269117355,0.004876638762652874,0.005605266150087118,0.005723798763938247,0.0,0.03125,0.71875,0.25,0.0,0.0035544631422505047,0.0,,2.8432681560516357,0.00013156885355520805,0.0002631377071104161,0.35079097747802734
2875,-2.845428943634033,0.7004532040588586,0.1893589198589325,-2.0677297590739996,0.0042270454578101635,0.0040074484422802925,0.0031381915789097546,0.003605037461966276,0.004730006912723184,0.005246466491371393,0.005697149457409976,0.0,0.09375,0.78125,0.125,0.015625,0.00345124468098998,0.0,,3.144228219985962,0.0001312583302222847,0.0002625166604445694,0.3719007968902588
2900,-2.8845129013061523,0.6495221321891653,0.1979968100786209,-2.1542210961271415,0.0043435776606202126,0.004284373484551907,0.0033605260541662574,0.003827489330433309,0.00470363546628505,0.005259418766945601,0.005751302000135182,0.0,0.046875,0.828125,0.125,0.015625,0.0035128292355066006,0.015625,0.078125,3.2508771419525146,0.00013094558590681388,0.00026189117181362777,3.3805932998657227
2925,-2.855189323425293,0.5934915638895268,0.19829851388931274,-2.1808050104050403,0.004356603603810072,0.004419741220772266,0.003108507045544684,0.0036802886170335114,0.004888579249382019,0.005441801017150283,0.006002258369699119,0.0,0.078125,0.703125,0.21875,0.0,0.0036144825519599058,0.0,,2.8707828521728516,0.0001306306329554056,0.0002612612659108112,0.36832404136657715
2950,-2.8426296710968018,0.6947440724352647,0.19625040888786316,-2.067828342737789,0.0042499033734202385,0.004022766835987568,0.003136839787475765,0.003431170538533479,0.004596189479343593,0.005639241077005864,0.006334692589007315,0.0,0.0625,0.75,0.1875,0.015625,0.0036461671190073522,0.015625,,2.9047298431396484,0.00013031348380186314,0.0002606269676037263,0.35283398628234863
2975,-2.744807720184326,1.2030182805987677,0.21885034441947937,-1.4525128948358217,0.004535164218395948,0.00433800695464015,0.003386848932132125,0.0037399259745143354,0.00499840488191694,0.005547482566908003,0.0059703599428758015,0.0,0.015625,0.734375,0.25,0.015625,0.0037226093947943088,0.015625,,6.528097152709961,0.0001299941509666921,0.0002599883019333842,0.39215850830078125
3000,-2.8572466373443604,0.6432852817451487,0.18039116263389587,-2.1403736250722876,0.004165953490883112,0.004117527976632118,0.003071964578703046,0.003684120543766767,0.004604557761922479,0.004966968251392246,0.005301807634532451,0.0,0.046875,0.84375,0.109375,0.0,0.003401819213526028,0.0,0.09375,4.846996784210205,0.00012967264705660594,0.0002593452941132119,2.8259406089782715
3025,-2.869908332824707,0.632753128053388,0.19047346711158752,-2.1594545600397974,0.004271566867828369,0.004172113258391619,0.003364124079234898,0.0037594964960590005,0.004497943096794188,0.005284031853079796,0.005649057892151177,0.0,0.046875,0.796875,0.15625,0.0,0.0035590741075792356,0.0,,5.135717868804932,0.0001293489847640286,0.0002586979695280572,0.3588271141052246
3050,-1.6795986890792847,3.0257408125358025,0.19225724041461945,1.424570429142038,0.004311981610953808,0.004259210079908371,0.003437659121118486,0.003758836362976581,0.004725605947896838,0.005376928159967065,0.005687066330574452,0.0,0.03125,0.765625,0.203125,0.0,0.003562022545308875,0.0,,8.533303260803223,0.00012902317686659318,0.00025804635373318635,0.3776733875274658
3075,-2.879178524017334,0.6056172918531815,0.1945914775133133,-2.1941807124760233,0.004323533736169338,0.004102576058357954,0.003388958889991045,0.00376922485884279,0.00481069041416049,0.005648576142266394,0.005916307726874947,0.0,0.015625,0.78125,0.203125,0.0,0.00360365767665977,0.0,,3.584042549133301,0.00012869523622663747,0.00025739047245327493,0.3386118412017822
3100,-2.890218496322632,0.5675914577471983,0.17833369970321655,-2.2498786234033332,0.004154880065470934,0.0042953770607709885,0.0031812536064535378,0.003527360677253455,0.004753785440698266,0.005100587382912636,0.0053348212968558064,0.0,0.046875,0.8125,0.140625,0.0,0.0034261777429402582,0.0,0.09375,2.7696244716644287,0.00012836517579069647,0.00025673035158139295,2.7787230014801025
3125,-2.848994016647339,0.6228061982125271,0.1880377233028412,-2.149480798032857,0.004254298284649849,0.0041605401784181595,0.0033231387147679924,0.0036748855491168797,0.004728985484689474,0.005376226920634508,0.005951588740572331,0.0,0.03125,0.78125,0.1875,0.0,0.0035163991078678057,0.0,,1.8241292238235474,0.00012803300858899106,0.0002560660171779821,0.36187028884887695
3150,-2.8077666759490967,0.7139491357866077,0.17342539131641388,-2.0230713865694256,0.004077409394085407,0.004129818640649319,0.0030721525894477964,0.0034621955710463226,0.004556680214591324,0.005069281300529838,0.005678950180299577,0.0,0.09375,0.78125,0.125,0.0,0.003415875410675848,0.0,,2.648585557937622,0.0001276987477349137,0.0002553974954698274,0.3681321144104004
3175,-2.870936870574951,0.5747814899959055,0.20300006866455078,-2.21334470299106,0.004422738216817379,0.004410968627780676,0.0033635017229244114,0.0038140182150527835,0.0049476115964353085,0.0056089380290359255,0.005795378517359494,0.0,0.046875,0.71875,0.234375,0.0,0.0036402406450588435,0.0,,3.290372371673584,0.00012736240642451045,0.0002547248128490209,0.39926743507385254
3200,-2.8264269828796387,0.8021998655351482,0.1830766499042511,-1.9495438906994975,0.004200548864901066,0.004003743175417185,0.0032854642486199737,0.003668418969027698,0.004682842758484185,0.005221431842073798,0.005889608012512325,0.0,0.015625,0.84375,0.140625,0.0,0.003438380512410424,0.0,0.09375,2.1308610439300537,0.00012702399793596044,0.0002540479958719209,2.7133097648620605
3225,-2.8504576683044434,0.7182827465105862,0.19232177734375,-2.0537202857565076,0.004266899079084396,0.004144654609262943,0.0031882882118225097,0.0036292612785473466,0.004700340796262026,0.005227332515642047,0.005761125870048998,0.0,0.046875,0.765625,0.1875,0.015625,0.0035741891701531487,0.0,,1.4542226791381836,0.00012668353562905117,0.00025336707125810234,0.5148336887359619
3250,-2.8668088912963867,0.610305124196037,0.17610988020896912,-2.18466251972057,0.004114339593797922,0.004170520696789026,0.0030742882052436473,0.0033489628694951534,0.004630064591765404,0.004939726600423455,0.005303682782687246,0.0,0.078125,0.828125,0.09375,0.0,0.0034000204957156986,0.0,,5.1228532791137695,0.00012634103294465165,0.0002526820658893033,0.42943787574768066
3275,-2.8438737392425537,0.6351484568742991,0.19845032691955566,-2.127770604011607,0.004359324928373098,0.004438869655132294,0.003160029905848205,0.003735813545063138,0.004971990711055696,0.005599149642512203,0.006037688930518924,0.0,0.078125,0.671875,0.25,0.0,0.003639585086898475,0.0,,3.8858485221862793,0.00012599650340418142,0.00025199300680836284,0.38756847381591797
3300,-2.847564697265625,0.6279132878378648,0.17668285965919495,-2.1475764224334934,0.0041418904438614845,0.004012882709503174,0.003253679978661239,0.0036617900477722287,0.0046318479580804706,0.005134291481226683,0.005470546102151274,0.0,0.03125,0.84375,0.125,0.0,0.003447366965199324,0.0,0.046875,4.451437950134277,0.00012564996060907682,0.00025129992121815365,3.5223474502563477
3325,-2.872116804122925,0.5524134995105598,0.18875344097614288,-2.242704318308559,0.004230007529258728,0.0042196414433419704,0.0031845498364418746,0.0035613281652331352,0.004682096070609987,0.005114515172317625,0.006302612158469853,0.0,0.078125,0.765625,0.15625,0.0,0.003502594792121346,0.0,,3.460158348083496,0.00012530141824025403,0.00025060283648050807,0.4002954959869385
3350,-2.846458911895752,0.6709921779562834,0.18816494941711426,-2.0987078127930756,0.004263315815478563,0.004083204083144665,0.003564636455848813,0.0037999905180186033,0.004630754585377872,0.005176398763433099,0.005335640185512602,0.0,0.03125,0.84375,0.125,0.0,0.0034931621519816943,0.015625,,2.045146942138672,0.00012495089005756894,0.00024990178011513787,0.4039168357849121
3375,357.5167541503906,721.3696971051102,0.19604438543319702,1078.9664244688754,0.004347624257206917,0.004383758641779423,0.003437711694277823,0.0037407802883535624,0.004809408448636532,0.005208662524819374,0.005687596625648437,0.0,0.03125,0.765625,0.203125,0.0,0.0036179226428879495,0.0,,147.688720703125,0.00012459838989927393,0.00024919677979854787,0.40126919746398926
3400,-2.8698034286499023,0.6111849154659532,0.18133117258548737,-2.184647323625443,0.004157370887696743,0.004064111039042473,0.0031106852693483233,0.0035662255831994116,0.004567446885630488,0.005084229214116932,0.005545183946378528,0.0,0.046875,0.84375,0.109375,0.0,0.003429049581940664,0.0,0.09375,2.7544314861297607,0.00012424393168147184,0.00024848786336294367,3.1607422828674316
3425,-2.836052417755127,0.6725328196711239,0.18898345530033112,-2.086426779168159,0.004241401329636574,0.004024180117994547,0.0032768358942121267,0.003625143726821989,0.004703475860878825,0.005360291758552194,0.00552996932528913,0.0,0.046875,0.78125,0.171875,0.0,0.0035179062447486353,0.015625,,4.401448726654053,0.000123887529397566,0.000247775058795132,0.5965542793273926
3450,-2.8613972663879395,0.6731304878642098,0.19372966885566711,-2.109237814481066,0.004265747033059597,0.004094439558684826,0.0031703424639999865,0.0035140186082571745,0.004986385349184275,0.005340874148532748,0.005665260250680148,0.0,0.078125,0.671875,0.25,0.0,0.0035173223223329236,0.015625,,2.7704226970672607,0.00012352919711770854,0.0002470583942354171,0.35375308990478516
3475,-2.853426694869995,0.5891348843613698,0.1994083821773529,-2.1829463044961854,0.004388687666505575,0.004364254884421825,0.003457454009912908,0.0037489041569642723,0.004664199892431498,0.005407439824193716,0.005922503536567091,0.0,0.015625,0.828125,0.15625,0.0,0.0036341585469510706,0.0,,3.2265546321868896,0.00012316894898824397,0.00024633789797648794,0.3460557460784912
3500,-2.8418526649475098,1.1599293376846234,0.2013658583164215,-1.5997793052749714,0.004359620623290539,0.004075285978615284,0.003324937028810382,0.0037690760800614953,0.0047929572174325585,0.005546031566336752,0.0061527320416644195,0.0,0.015625,0.828125,0.15625,0.015625,0.003601802100357846,0.015625,0.125,3.5332536697387695,0.00012280679923115187,0.00024561359846230374,3.5904836654663086
3525,-2.8409550189971924,0.9431418904737903,0.21794286370277405,-1.808906773321204,0.004547344986349344,0.004482051357626915,0.0033419937361031772,0.003961069043725729,0.005031658918596804,0.005253146169707179,0.006151635013520716,0.0,0.046875,0.6875,0.265625,0.015625,0.00379927987677404,0.015625,,2.5791118144989014,0.00012244276214348448,0.00024488552428696895,0.3476710319519043
3550,-2.8390331268310547,0.9586022502230954,0.2064172327518463,-1.796226225192611,0.004417187999933958,0.004265554249286652,0.0035221443278715013,0.00374399044085294,0.004717899719253182,0.0054356614127755165,0.005673378915525972,0.0,0.03125,0.765625,0.203125,0.015625,0.0035560444412189077,0.015625,,2.651153802871704,0.00012207685209680266,0.00024415370419360533,0.4086451530456543
3575,-2.877272129058838,0.5712194474714024,0.19201689958572388,-2.2277224180919903,0.004306758753955364,0.004325738176703453,0.0032163981813937426,0.0036441903794184327,0.004733203095383942,0.005339008430019021,0.005739441630430518,0.0,0.015625,0.828125,0.15625,0.0,0.003577532739590765,0.0,,2.9236974716186523,0.00012170908353660858,0.00024341816707321715,0.3529505729675293
3600,-2.824399471282959,0.7380412938643177,0.20097115635871887,-2.0043751624774258,0.004328871611505747,0.0040977718308568,0.00324457879178226,0.003563347097951919,0.004867806099355221,0.0054670651908963926,0.006167850783094762,0.0,0.046875,0.75,0.203125,0.015625,0.0035492932913791016,0.015625,0.0625,2.775428533554077,0.00012133947098177518,0.00024267894196355037,2.723737955093384
3625,-2.8685302734375,0.5810268322175844,0.18800237774848938,-2.210810837691416,0.004252989310771227,0.004206355661153793,0.0031482408521696925,0.003666399046778679,0.004766198457218707,0.005401509208604694,0.0055676292628049845,0.0,0.0625,0.734375,0.203125,0.0,0.003517307499694189,0.0,,1.7690232992172241,0.00012096802902397335,0.0002419360580479467,0.364321231842041
3650,-2.8396782875061035,0.8427222682840151,0.22245706617832184,-1.906208171068974,0.004567000083625317,0.004270088393241167,0.0035027266712859273,0.003816505486611277,0.004931077011860907,0.005549632664769888,0.006695276987738904,0.0,0.015625,0.75,0.234375,0.03125,0.003795462460261044,0.015625,,3.351752758026123,0.0001205947723270955,0.000241189544654191,0.43609070777893066
3675,-2.8699069023132324,0.6599334509382825,0.19004066288471222,-2.1324493630518337,0.0042951880022883415,0.004163182340562344,0.0034280301071703432,0.0038527477881871164,0.004595916951075196,0.00531970476731658,0.005435038497671485,0.0,0.03125,0.75,0.21875,0.0,0.003561946297072161,0.0,,2.1634223461151123,0.00012021971562667694,0.0002404394312533539,0.3793528079986572
3700,-2.8213961124420166,0.6687252553344163,0.19950783252716064,-2.0712847826838106,0.004330828320235014,0.004109036177396774,0.003252589632757008,0.0037135593011043966,0.0048457932425662875,0.005186716048046947,0.005648040841333567,0.0,0.03125,0.78125,0.1875,0.015625,0.0035364831716453164,0.0,0.078125,2.502932548522949,0.00011984287372931397,0.00023968574745862793,2.9996564388275146
3725,-2.8574085235595703,0.6775125271603717,0.18518401682376862,-2.104353099413191,0.0041704545728862286,0.004019751213490963,0.003122797841206193,0.003390134370420128,0.004531578742899001,0.005118491081520915,0.005814861180260777,0.0,0.015625,0.828125,0.15625,0.015625,0.003438627283728629,0.015625,,1.4053841829299927,0.00011946426151207948,0.00023892852302415896,0.36577916145324707
3750,-2.863715648651123,0.7436846136684241,0.20404748618602753,-2.0367930814986406,0.004399118945002556,0.0043181488290429115,0.0034488045377656816,0.0037423064932227135,0.004812024300917983,0.005286357225850224,0.0058729382464662175,0.0,0.0,0.828125,0.171875,0.015625,0.0036228941548819777,0.0,,3.7842373847961426,0.00011908389392193554,0.00023816778784387107,0.3668854236602783
3775,-2.8587608337402344,0.8780574017747695,0.2343602478504181,-1.8850998690739815,0.004651795141398907,0.00432615727186203,0.003505117911845446,0.003905918914824724,0.005164728732779622,0.005679277144372464,0.006382915959693491,0.0,0.03125,0.6875,0.28125,0.03125,0.00405739393863705,0.046875,,9.508339881896973,0.00011870178597514326,0.00023740357195028652,0.3461909294128418
3800,-2.8558709621429443,0.6188575713408654,0.1771189272403717,-2.1647605211960608,0.004124583210796118,0.00395979406312108,0.003193106991238892,0.003580002812668681,0.0044736843556165695,0.005204567825421691,0.005560765112750232,0.0,0.03125,0.8125,0.15625,0.0,0.0034301886348012413,0.0,0.03125,2.0514771938323975,0.00011831795275667015,0.0002366359055133403,2.817749500274658
3825,-2.735015869140625,0.802812843985878,0.21611420810222626,-1.8440426444336548,0.0044980235397815704,0.004252939485013485,0.0033550071064382793,0.003614401735831052,0.004967880086041987,0.005793619342148304,0.006432381831109522,0.0,0.046875,0.703125,0.25,0.015625,0.0037156513357932486,0.0,,2.849419355392456,0.0001179324094195944,0.0002358648188391888,0.37087464332580566
3850,-2.846187114715576,0.6385569017016804,0.1899094432592392,-2.130159649661788,0.004279997665435076,0.0041872188448905945,0.0033039247849956156,0.003740212239790708,0.004761093528941274,0.005316318152472377,0.005594010860659181,0.0,0.03125,0.8125,0.15625,0.0,0.003593710698901493,0.0,,7.005045413970947,0.00011754517118450678,0.00023509034236901357,0.37193751335144043
3875,-2.870832920074463,0.6102358539444886,0.17598065733909607,-2.1888085316079176,0.004112259019166231,0.003988492302596569,0.0032073145499452948,0.003413504979107529,0.004451813059858978,0.004988600267097354,0.005944221070967614,0.0,0.015625,0.890625,0.09375,0.0,0.003421655801597066,0.0,,3.3202109336853027,0.00011715625333890984,0.00023431250667781968,0.3505280017852783
3900,-2.8607988357543945,0.933471672983592,0.1835443377494812,-1.8524531491084644,0.0041454387828707695,0.004043353255838156,0.003017321019433439,0.00337930052774027,0.004649567767046392,0.005360145028680563,0.005729084671474992,0.0,0.109375,0.734375,0.15625,0.0,0.0034793521519337132,0.0,0.03125,2.202925205230713,0.00011676567123661413,0.00023353134247322825,3.1423606872558594
3925,-2.8737175464630127,0.6537110365257245,0.18860505521297455,-2.143068052150251,0.004285796079784632,0.004234069027006626,0.003562381328083575,0.003916135232429951,0.004665311542339623,0.004995417548343539,0.005525711947120726,0.0,0.03125,0.859375,0.109375,0.0,0.0034770271693594728,0.0,,5.125805377960205,0.00011637344029713232,0.00023274688059426465,0.3589744567871094
3950,-2.810074806213379,1.2711089779868663,0.2110966444015503,-1.4528522859081685,0.004460880067199469,0.004379487130790949,0.0033545568585395813,0.003908987622708082,0.00470254453830421,0.00558114550076425,0.006155596300959585,0.0,0.046875,0.765625,0.1875,0.015625,0.0037405175286098803,0.015625,,5.590841770172119,0.00011597957600507027,0.00023195915201014054,0.4103987216949463
3975,-2.8513612747192383,0.6430245078170478,0.17894774675369263,-2.1353378557598415,0.004099344369024038,0.003951417747884989,0.0031937577528879046,0.003445117035880685,0.004515390843153,0.005176850035786629,0.00548973330296576,0.0,0.0625,0.75,0.1875,0.015625,0.0034498236162439984,0.015625,,3.48215913772583,0.00011558409390951578,0.00023116818781903156,0.3555717468261719
4000,-2.863522529602051,0.6296599719703154,0.19982868432998657,-2.152345598858599,0.004374220035970211,0.0042634750716388226,0.0032320396276190877,0.003640052047558129,0.005131944548338652,0.005596827855333686,0.005805751425214112,0.0,0.0625,0.65625,0.28125,0.0,0.0036635777278906157,0.0,0.09375,9.017766952514648,0.00011518700962342481,0.00023037401924684962,3.153231620788574
4025,-2.791741371154785,0.8516502492006324,0.1966298520565033,-1.8598790802185037,0.004348001442849636,0.004247691016644239,0.003339277906343341,0.0037105641094967723,0.004981740145012736,0.005752817727625371,0.005927236215211451,0.0,0.03125,0.734375,0.234375,0.0,0.0036076885638215202,0.0,,3.2102644443511963,0.00011478833882300508,0.00022957667764601016,0.46142005920410156
4050,-2.8575351238250732,0.6727687630286289,0.21142689883708954,-2.098518097079747,0.0045002358965575695,0.004414399154484272,0.0034229314653202894,0.0038489315775223076,0.0052021300652995706,0.005701339431107045,0.005957877566106618,0.0,0.03125,0.65625,0.3125,0.0,0.0037142769496482323,0.0,,1.3571162223815918,0.00011438809724709729,0.00022877619449419457,0.39986300468444824
4075,-2.8654725551605225,0.6047440265573024,0.1943359375,-2.1814522499882223,0.004330114461481571,0.0043430207297205925,0.003323595388792455,0.0036794620100408792,0.004929559072479606,0.005190789001062512,0.0055729680228978375,0.0,0.046875,0.78125,0.171875,0.0,0.0035520486218747873,0.0,,2.8487672805786133,0.00011398630069655331,0.00022797260139310662,0.36350154876708984
4100,-2.880002021789551,0.6100174877372415,0.18507522344589233,-2.1944860201749172,0.004233160056173801,0.0042429231107234955,0.003200956271030009,0.0037030339590273798,0.004747858154587448,0.005309338681399822,0.005458731786347925,0.0,0.046875,0.734375,0.21875,0.0,0.003518481565090968,0.0,0.046875,2.507988452911377,0.0001135829650336131,0.0002271659300672262,2.63071870803833
4125,-2.8384342193603516,0.6657132831700393,0.19123932719230652,-2.0947078737132006,0.004268119111657143,0.004093613009899855,0.0032585140550509097,0.0034681051038205624,0.004785808501765132,0.0055661185178905725,0.006094678794033825,0.0,0.0625,0.75,0.1875,0.0,0.0035886667947495473,0.0,,3.067042112350464,0.00011317810618127793,0.00022635621236255586,0.35367846488952637
4150,-2.8485469818115234,0.5777793021174568,0.18173518776893616,-2.196631675842176,0.00414717011153698,0.004006171599030495,0.00295468564145267,0.003359057824127376,0.004815460764802992,0.005519889574497938,0.006010196800343691,0.0,0.125,0.703125,0.171875,0.0,0.003446937910027039,0.0,,2.0189478397369385,0.00011277174012268214,0.0002255434802453643,0.3685762882232666
4175,-2.8707993030548096,0.6581229523939824,0.18835651874542236,-2.135839280374553,0.00427219457924366,0.004270640201866627,0.003395574796013534,0.003712071862537414,0.004685126710683107,0.005165033088997007,0.005385425547137856,0.0,0.046875,0.78125,0.171875,0.0,0.003563572554347452,0.0,,1.9815073013305664,0.00011236388290046186,0.0002247277658009237,0.38092756271362305
4200,-2.7468180656433105,5.752486024232505,0.20264723896980286,3.0883346984106286,0.0043677957728505135,0.004328924231231213,0.00319441924802959,0.0036360389785841107,0.004826661315746605,0.005325763300061227,0.006033425522036849,0.0,0.0625,0.796875,0.140625,0.015625,0.003616113970331465,0.0,0.0625,2.062640428543091,0.00011195455061612189,0.00022390910123224378,2.8865551948547363
4225,-2.868088722229004,0.5588379983518396,0.1876249611377716,-2.2327120791461197,0.004237670451402664,0.0042227450758218765,0.0031279145739972593,0.003504728141706437,0.004831520025618374,0.005284239025786519,0.005880917608737943,0.0,0.046875,0.75,0.203125,0.0,0.003528839056762972,0.0,,1.7939815521240234,0.00011154375942939997,0.00022308751885879993,0.3643920421600342
4250,-2.8757386207580566,0.5925421002519442,0.16634634137153625,-2.2153381523477718,0.003998221829533577,0.003862065728753805,0.003090562461875379,0.0035224162274971604,0.0046160497004166245,0.005004245415329933,0.005317612877115607,0.0,0.09375,0.796875,0.109375,0.0,0.0033507372426095686,0.0,,2.6838650703430176,0.00011113152555762866,0.00022226305111525731,0.3467392921447754
4275,-2.861795425415039,0.6457379940292914,0.17966262996196747,-2.1427668970682543,0.004179042764008045,0.004194239154458046,0.0033142758766189218,0.00371300958795473,0.004679488600231707,0.0051149747800081965,0.005300696846097707,0.0,0.0625,0.78125,0.15625,0.0,0.0034258426760476186,0.0,,1.9963268041610718,0.00011071786527509545,0.0002214357305501909,0.3521430492401123
4300,-2.8633484840393066,0.5656334775835398,0.19165202975273132,-2.2195335832089063,0.004284556955099106,0.004255523905158043,0.003236266551539302,0.003605867677833885,0.00485452520661056,0.005514115281403065,0.005760667263530195,0.0,0.03125,0.734375,0.234375,0.0,0.0035897214306978217,0.0,0.03125,1.852110505104065,0.00011030279491239994,0.0002206055898247999,2.8674190044403076
4325,-2.8826940059661865,0.6287436822362888,0.18777450919151306,-2.1773506736449253,0.004244841635227203,0.004256109241396189,0.0031226541846990584,0.0035366276861168444,0.004742577206343412,0.0054081443697214125,0.005744120501913129,0.0,0.03125,0.8125,0.15625,0.0,0.003487694261158499,0.0,,2.9157042503356934,0.00010988633085580935,0.0002197726617116187,0.3445241451263428
4350,-2.8843626976013184,1.3846022709042995,0.2133060097694397,-1.412745602545026,0.004495034925639629,0.004409565590322018,0.003343782899901271,0.0038317308062687516,0.004967875545844436,0.005555184837430716,0.006054732273332772,0.0,0.015625,0.765625,0.21875,0.015625,0.0036912093330244383,0.015625,,3.980217218399048,0.00010946848954661154,0.0002189369790932231,0.34068918228149414
4375,-2.8879289627075195,0.6624306017017708,0.20690718293190002,-2.1410938403153077,0.004446418024599552,0.0042616273276507854,0.003268873691558838,0.003711056662723422,0.00507016503252089,0.005782132688909769,0.006124804401770234,0.0,0.0625,0.65625,0.28125,0.0,0.0036796211190945,0.0,,2.739413261413574,0.00010904928748046594,0.00021809857496093188,0.3636970520019531
4400,-2.818686008453369,0.7603462102037364,0.21781790256500244,-1.9694844199198789,0.004504008684307337,0.004376576282083988,0.003077326854690909,0.003543373546563089,0.005027714651077986,0.006127950688824058,0.00684826960787177,0.0,0.078125,0.65625,0.265625,0.0,0.0038465228743902436,0.0,0.125,1.2587089538574219,0.00010862874120675236,0.00021725748241350473,3.4362130165100098
4425,-2.82313871383667,0.6518393287514611,0.20010864734649658,-2.089668223812683,0.004378317389637232,0.004275325685739517,0.0033532175002619624,0.0038772738771513104,0.0047493778401985765,0.005586041230708361,0.0062059116084128615,0.0,0.0625,0.765625,0.171875,0.0,0.003662263495568268,0.0,,2.4996354579925537,0.00010820686732791758,0.00021641373465583515,0.35823607444763184
4450,-2.845733642578125,0.5742224465180193,0.20289482176303864,-2.1887434561681,0.004432721994817257,0.004386282525956631,0.0034765109419822695,0.0038750258972868323,0.004873363417573273,0.005552184721454978,0.00571591891348362,0.0,0.03125,0.75,0.21875,0.0,0.0035694235635280102,0.0,,4.282476902008057,0.00010778368249881993,0.00021556736499763986,0.37073230743408203
4475,-2.8382081985473633,0.5807828166564643,0.18298551440238953,-2.182779326192504,0.004215486813336611,0.004083278588950634,0.0033250404288992287,0.0036721760407090187,0.004642839543521404,0.00523714991286397,0.005480149365030229,0.0,0.0,0.84375,0.15625,0.0,0.003498366937898065,0.0,,2.656834602355957,0.00010735920342607189,0.00021471840685214377,0.3545818328857422
4500,-2.900191307067871,0.5401713378985802,0.1775699108839035,-2.2875831298271736,0.004149843938648701,0.004077542573213577,0.003369219973683357,0.0037038453738205135,0.004479573923163116,0.005032237758859992,0.005568631994538009,0.0,0.046875,0.84375,0.109375,0.0,0.0034360263983205354,0.0,0.09375,1.3672258853912354,0.00010693344686738042,0.00021386689373476084,2.935248374938965
4525,-2.8590550422668457,1.141517623429396,0.22197580337524414,-1.6269858934830643,0.004510064609348774,0.004302829969674349,0.0033010246232151987,0.003810478956438601,0.0048857193905860186,0.005365846538916231,0.006373848998919127,0.0,0.078125,0.6875,0.234375,0.03125,0.003798405026836526,0.03125,,1.6572500467300415,0.0001065064296308854,0.0002130128592617708,0.36500978469848633
4550,-2.886413097381592,0.8448262798087565,0.18934863805770874,-1.9643450317485365,0.004226519260555506,0.0041422415524721146,0.003225061250850558,0.003589913889300078,0.004704140825197101,0.005184085853397847,0.005475975270383059,0.0,0.0625,0.8125,0.125,0.015625,0.0035018386872976196,0.015625,,1.8223503828048706,0.00010607816857449628,0.00021215633714899255,0.4116530418395996
4575,-2.849189519882202,0.603153728211668,0.17668744921684265,-2.1739589345805377,0.00412430614233017,0.004105716478079557,0.0032895979937165977,0.0036460012197494507,0.00457341643050313,0.004905586084350944,0.00541508498135954,0.0,0.0625,0.859375,0.078125,0.0,0.0033423902839244944,0.015625,,1.222941517829895,0.00010564868060522618,0.00021129736121045236,0.35325050354003906
4600,-2.8525967597961426,0.6595724951160453,0.1951197236776352,-2.113428251849363,0.004315139725804329,0.004350470844656229,0.003091113269329071,0.003597961098421365,0.004892021184787154,0.005364678101614118,0.005794476135633884,0.0,0.0625,0.703125,0.234375,0.0,0.003638579984576765,0.0,0.109375,2.893005132675171,0.00010521798267852465,0.0002104359653570493,3.2328760623931885
4625,-2.8697643280029297,0.6745299576165981,0.19444680213928223,-2.1159128667471103,0.004328498151153326,0.00411087553948164,0.003531179274432361,0.003789793699979782,0.004863450536504388,0.0053541258908808235,0.006027527968399224,0.0,0.03125,0.796875,0.171875,0.0,0.003597287736053818,0.0,,1.5956343412399292,0.00010478609179760853,0.00020957218359521706,0.36809420585632324
4650,-2.8430330753326416,0.6987762844767493,0.19415929913520813,-2.0650525668058473,0.004271819721907377,0.0040983520448207855,0.0032914815470576285,0.0035960908280685544,0.004765734192915261,0.005428590718656779,0.006248488835990428,0.0,0.0625,0.78125,0.15625,0.0,0.003630917604017987,0.0,,1.4310219287872314,0.00010435302501279023,0.00020870605002558046,0.3415040969848633
4675,-2.765294313430786,0.6041186672855621,0.19678890705108643,-2.0808987173031563,0.00432043569162488,0.004246048163622618,0.003311847010627389,0.0036304803215898573,0.004661204759031534,0.005367755377665162,0.005701691424474119,0.0,0.03125,0.78125,0.1875,0.015625,0.0034989111542897463,0.015625,,2.8551039695739746,0.00010391879942080477,0.00020783759884160954,0.4045090675354004
4700,-2.862740993499756,0.6493034836693274,0.16110117733478546,-2.147718829210235,0.003929167054593563,0.0037897247821092606,0.0029133189003914596,0.003276818781159818,0.00451100105419755,0.005090210260823369,0.0052999893669039,0.0,0.171875,0.671875,0.15625,0.0,0.0032459168357556363,0.0,0.078125,3.2375166416168213,0.0001034834321641351,0.0002069668643282702,2.730896472930908
4725,-2.871587038040161,0.6092081441554246,0.19542494416236877,-2.182658374401647,0.0043407934717834,0.004318091087043285,0.003290690016001463,0.0036990141961723566,0.0049221784574911,0.005550379026681184,0.005813106102868913,0.0,0.015625,0.796875,0.1875,0.0,0.00356265657020257,0.0,,1.2066115140914917,0.00010304694043033502,0.00020609388086067004,0.3902759552001953
4750,-2.880600929260254,0.725321450618505,0.19631056487560272,-2.075197680505515,0.004290503915399313,0.0040535349398851395,0.0033095756080001593,0.0035724264453165233,0.004793770145624876,0.00545116001740098,0.005977366073057055,0.0,0.03125,0.765625,0.203125,0.015625,0.0035017635893078687,0.015625,,2.4362313747406006,0.00010260934145135086,0.0002052186829027017,0.35160112380981445
4775,-2.85469388961792,0.572520791661744,0.19625529646873474,-2.202113845276828,0.004346584901213646,0.004317852668464184,0.003239090205170214,0.003746934176888317,0.005081155337393284,0.005445441417396069,0.00562474331818521,0.0,0.046875,0.6875,0.265625,0.0,0.0035530877857384503,0.0,,1.8480051755905151,0.00010217065250284092,0.00020434130500568184,0.6087596416473389
4800,-2.5764198303222656,1.0086883864690386,0.19890204071998596,-1.4865924977372564,0.004340386018157005,0.004151808097958565,0.0033601618837565185,0.0037493780837394297,0.004878112697042525,0.005247665150091052,0.0057132543530315156,0.0,0.046875,0.75,0.203125,0.015625,0.0035740906383097916,0.015625,0.0625,7.817515850067139,0.0001017308909034938,0.0002034617818069876,3.0540566444396973
4825,-2.877363920211792,0.5396842831532351,0.1855165660381317,-2.26200107990104,0.0041975658386945724,0.004035282880067825,0.0031247473787516357,0.0036143464385531843,0.004630861454643309,0.005098223173990846,0.005870275292545553,0.0,0.078125,0.78125,0.140625,0.0,0.003475902013376582,0.015625,,1.1093066930770874,0.00010129007401434438,0.00020258014802868876,0.341839075088501
4850,-2.856215476989746,0.6850552457411746,0.1951509416103363,-2.091551485375597,0.00429060123860836,0.004243284463882446,0.0028543638065457347,0.0036791047896258533,0.004974043695256114,0.005217587389051914,0.005593583011068402,0.0,0.109375,0.640625,0.25,0.0,0.0036177017086165583,0.0,,3.6991281509399414,0.00010084821923808872,0.00020169643847617745,0.3859260082244873
4875,-2.874871253967285,0.4759165957026885,0.1774768829345703,-2.3265557647294592,0.004134231247007847,0.004140892066061497,0.00308605011086911,0.0035215370589867234,0.004610408679582179,0.005200633686035872,0.00558506401721388,0.0,0.0625,0.78125,0.15625,0.0,0.003425135382216162,0.0,,2.8718209266662598,0.00010040534401839678,0.00020081068803679355,0.35083651542663574
4900,-2.801975965499878,0.7017722718948933,0.2031494677066803,-2.0173320777182964,0.004390302114188671,0.004331065341830254,0.003254211996681988,0.0036310793948359787,0.005034348461776972,0.005596991395577788,0.006210848852060732,0.0,0.078125,0.65625,0.265625,0.0,0.0036987780424886027,0.0,0.109375,2.653134822845459,9.996146583922393e-05,0.00019992293167844785,3.0668447017669678
4925,-2.8735926151275635,0.6283189211695395,0.2239585518836975,-2.1539133335740366,0.004659195430576801,0.004679548554122448,0.0036753028631210326,0.004127770313061774,0.005147636868059635,0.005616785632446409,0.005819523055106401,0.0,0.015625,0.6875,0.296875,0.0,0.0038302330816142576,0.0,,3.1551976203918457,9.951660222412064e-05,0.00019903320444824129,0.3491353988647461
4950,-2.7773828506469727,0.876340834427912,0.21116164326667786,-1.814901957284372,0.004466380923986435,0.004325187765061855,0.0032295063138008118,0.003792643896304071,0.005071739084087312,0.00562365148216486,0.0061232371022924776,0.0,0.078125,0.640625,0.28125,0.0,0.0037290786156278016,0.0,,5.423659801483154,9.907077073554063e-05,0.00019814154147108126,0.3561537265777588
4975,-2.8608860969543457,0.6736869158779973,0.19967150688171387,-2.1057463419998292,0.004374035634100437,0.004324088804423809,0.0031049844110384583,0.003969264682382345,0.004789836588315666,0.005586427170783281,0.005800924520008265,0.0,0.0625,0.75,0.1875,0.0,0.0036653174765912608,0.0,,1.436434268951416,9.862398897414781e-05,0.00019724797794829562,0.36718106269836426
5000,-2.8614556789398193,0.6024212640118678,0.18043768405914307,-2.185427707772247,0.00416721124202013,0.0040284013375639915,0.0032511519500985743,0.0035654802341014147,0.004813251551240683,0.005311664380133152,0.005514142708852887,0.0,0.0625,0.765625,0.171875,0.0,0.0034764648069058497,0.0,0.078125,2.152512550354004,9.8176274578121e-05,0.000196352549156242,2.834498882293701
5025,-2.8529744148254395,0.5424899868830104,0.1874256432056427,-2.2340270913974383,0.004193002823740244,0.0039803991094231606,0.003048817650415003,0.003515517513733357,0.004803072544746101,0.005393151473253965,0.005745055037550627,0.0,0.09375,0.71875,0.1875,0.0,0.003449537738911598,0.0,,3.741105079650879,9.772764522245799e-05,0.00019545529044491598,0.35453081130981445
5050,-2.8495523929595947,0.8005184993384671,0.20386499166488647,-1.965870386338394,0.00432758592069149,0.004096393007785082,0.0032480231253430246,0.0036152907996438444,0.004562167800031602,0.005432388652116061,0.006527451425790785,0.0,0.046875,0.796875,0.15625,0.03125,0.0036026722122512044,0.015625,,2.64190411567688,9.727811861827754e-05,0.00019455623723655508,0.34907078742980957
5075,-2.8600122928619385,0.5681224875533724,0.18320199847221375,-2.217155437878356,0.004205459728837013,0.00410423194989562,0.0030795585829764605,0.0037117789615876973,0.004805202363058925,0.005324969533830881,0.005636735050939023,0.0,0.03125,0.828125,0.140625,0.0,0.0034952877032879484,0.0,,3.2214534282684326,9.682771251212031e-05,0.00019365542502424062,0.37882304191589355
5100,-2.8536291122436523,0.620821291405848,0.18137265741825104,-2.1588197110107625,0.004194270819425583,0.004116903990507126,0.003212777036242187,0.0037264946731738746,0.004803037038072944,0.005275274394080043,0.005448688007891178,0.0,0.015625,0.796875,0.1875,0.0,0.0034646712837547054,0.0,0.0625,1.8328146934509277,9.637644468524811e-05,0.00019275288937049622,3.08575439453125
5125,-2.862877368927002,0.6529656145817807,0.18936121463775635,-2.132664835070891,0.004278280306607485,0.004274637904018164,0.0033700430300086736,0.003745253721717745,0.004676742828451097,0.005382917495444417,0.005541428993456066,0.0,0.046875,0.796875,0.15625,0.0,0.0035089314880747393,0.0,,2.2309916019439697,9.592433295294213e-05,0.00019184866590588425,0.40675973892211914
5150,364.0618896484375,734.705997460108,0.20997171103954315,1098.8535417547037,0.00444505549967289,0.0043426938354969025,0.003235838329419494,0.0036954323295503855,0.005027292063459754,0.005865242844447494,0.006534452689811585,0.0,0.078125,0.65625,0.265625,0.0,0.0036894499541810987,0.0,,192.364990234375,9.54713951637993e-05,0.0001909427903275986,0.3636946678161621
5175,-2.8611702919006348,0.6721747300739315,0.1734045445919037,-2.1182579167966815,0.004095843061804771,0.00398652208968997,0.0031852579209953546,0.003623554192017764,0.004563623224385083,0.005134994396939874,0.0054360437905415886,0.0,0.0625,0.8125,0.125,0.0,0.003369068104281414,0.0,,1.3903603553771973,9.50176491990281e-05,0.0001900352983980562,0.3917863368988037
5200,-2.8882031440734863,0.5226719906052367,0.1827884465456009,-2.2909654895344955,0.00418397132307291,0.004046603571623564,0.0030757480300962928,0.0035394883598200977,0.004765361314639449,0.0052335467655211685,0.005616455129347741,0.0,0.078125,0.734375,0.1875,0.0,0.0034535055209070228,0.0,0.046875,1.7302310466766357,9.45631129717422e-05,0.0001891262259434844,4.8243067264556885
5225,-2.7889530658721924,0.7901726210897263,0.19656941294670105,-1.918593057018012,0.0043288362212479115,0.004116388503462076,0.003387022204697132,0.0036754115717485547,0.004842240014113486,0.005507845664396882,0.00579726849682629,0.0,0.015625,0.78125,0.203125,0.0,0.003592855913309014,0.0,,5.912985324859619,9.410780442625358e-05,0.00018821560885250716,0.3513507843017578
5250,-2.856782913208008,0.7208792062116544,0.24418781697750092,-2.036291143147858,0.004814669489860535,0.004603191278874874,0.0035119932144880295,0.004085897118784487,0.005460133892484009,0.006317873671650887,0.006637340644374489,0.0,0.0,0.640625,0.359375,0.0,0.004016872303205936,0.015625,,2.057870388031006,9.365174153736404e-05,0.00018730348307472808,0.3603665828704834
5275,-2.877837657928467,0.6165733191770435,0.1804586797952652,-2.1876490708786127,0.0041839005425572395,0.004153047688305378,0.0032637599855661393,0.003625054203439504,0.0048331982688978314,0.0051638434641063215,0.0053981798235327,0.0,0.078125,0.75,0.171875,0.0,0.0034505727303230233,0.0,,1.054240107536316,9.319494230965542e-05,0.00018638988461931085,0.367509126663208
5300,-2.837465286254883,0.6678846468418622,0.1995985209941864,-2.088157572856567,0.004371886141598225,0.004170238971710205,0.0033082972979173062,0.0038461628719232976,0.004885165253654122,0.005518327048048377,0.005982989189215004,0.0,0.03125,0.78125,0.1875,0.0,0.003595343780763013,0.0,0.046875,3.1629652976989746,9.273742477677921e-05,0.00018547484955355842,2.9167263507843018
5325,-2.858482837677002,0.6605426461895046,0.19623664021492004,-2.1178885533015195,0.004291372373700142,0.0042144604958593845,0.00307555696927011,0.003543134138453752,0.004766379832290113,0.005649042502045632,0.006212462973780928,0.0,0.078125,0.734375,0.1875,0.0,0.00353413211822676,0.015625,,2.0127370357513428,9.227920700074416e-05,0.00018455841400148831,0.36461400985717773
5350,-2.8553481101989746,0.7566345390499839,0.19859392940998077,-2.0177003088771097,0.00425241282209754,0.003921369090676308,0.0028240099083632233,0.003432650410104543,0.004805732984095812,0.005300861410796643,0.006383455009199677,0.0,0.125,0.671875,0.203125,0.03125,0.0036227391286921093,0.015625,,2.531928062438965,9.182030707120348e-05,0.00018364061414240696,0.3496286869049072
5375,-2.8882312774658203,0.5919515140454047,0.19369453191757202,-2.2172651342948204,0.0043067727237939835,0.004179636016488075,0.003439197246916592,0.0037570889107882977,0.004828487639315426,0.005259981378912926,0.005601638508960604,0.0,0.078125,0.703125,0.21875,0.0,0.0035639303805558293,0.0,,3.970069408416748,9.136074310474056e-05,0.00018272148620948112,0.47173261642456055
5400,-2.8553125858306885,0.6183129182958118,0.1821492314338684,-2.1626947664714344,0.004200262017548084,0.0042892685160040855,0.003231158526614308,0.003559026517905295,0.004707483923994005,0.005117969634011388,0.005567144113592801,0.0,0.03125,0.828125,0.140625,0.0,0.0034855374810910398,0.0,0.046875,1.4953019618988037,9.090053324415394e-05,0.00018180106648830788,3.0205516815185547
5425,-2.880826950073242,0.6246822149824007,0.18166160583496094,-2.182038749628176,0.004130118060857058,0.0039262957870960236,0.00309924331959337,0.0034919463214464486,0.004618159728124738,0.005092809116467834,0.005416781571693718,0.0,0.0625,0.8125,0.125,0.015625,0.003406851187498615,0.015625,,2.746472120285034,9.043969565774097e-05,0.00018087939131548194,0.36894917488098145
5450,-2.8102784156799316,0.6691469437824908,0.17129674553871155,-2.0712536685717877,0.004066904075443745,0.003991283942013979,0.003118303371593356,0.0035586886224336922,0.004541542613878846,0.004964827140793204,0.0052215949632227416,0.0,0.078125,0.84375,0.078125,0.0,0.0033681199407213183,0.0,,1.7900383472442627,8.997824853858037e-05,0.00017995649707716073,0.35507702827453613
5475,-2.8548665046691895,0.9770554001194739,0.21586468815803528,-1.7897525136607384,0.004516884684562683,0.0044350819662213326,0.0032891897717490792,0.00393155834171921,0.004974421579390764,0.005605347221717238,0.0059824707219377155,0.0,0.046875,0.71875,0.234375,0.0,0.0037309047756720983,0.0,,2.4458072185516357,8.951621010381437e-05,0.00017903242020762873,0.352480411529541
5500,-2.8627567291259766,0.7297803298072768,0.21141231060028076,-2.0467340811653183,0.004494135733693838,0.004394328221678734,0.003330837748944759,0.003971040539909154,0.005016070907004178,0.0054726038128137585,0.006264897715300319,0.0,0.046875,0.6875,0.265625,0.0,0.003696682197195165,0.0,0.0625,3.387721300125122,8.905359859392921e-05,0.00017810719718785843,3.038360118865967
5525,-2.84726619720459,1.2322412825921656,0.23594695329666138,-1.5187740750810026,0.004671128001064062,0.004491433035582304,0.0033723926171660423,0.0039016182417981327,0.005150060169398785,0.0057582401670515536,0.006307490682229398,0.0,0.046875,0.65625,0.296875,0.03125,0.004061114958213399,0.015625,,1.4799866676330566,8.859043227203513e-05,0.00017718086454407027,0.35532474517822266
5550,-2.852053165435791,0.6243126428655333,0.19628503918647766,-2.147669140345698,0.004366790410131216,0.0042420001700520515,0.0034895266871899366,0.0037795431562699378,0.004797620233148336,0.005336527340114117,0.005593855236656963,0.0,0.015625,0.8125,0.171875,0.0,0.003580266922107844,0.0,,2.148074150085449,8.812672942314554e-05,0.0001762534588462911,0.3512399196624756
5575,-2.8553988933563232,1.5118968123155299,0.23565280437469482,-1.2473712405604658,0.004662652499973774,0.004327010829001665,0.003361733234487474,0.003877294308040291,0.005058450158685446,0.005698134284466506,0.0072846170980483274,0.0,0.015625,0.6875,0.296875,0.03125,0.003984081210340562,0.015625,,2.890695095062256,8.766250835345487e-05,0.00017532501670690975,0.36884403228759766
5600,-2.855343818664551,0.6267058380561514,0.18008162081241608,-2.155176522521432,0.004152058623731136,0.004089378751814365,0.0029788767220452427,0.0036193617852404714,0.004702760837972164,0.005419492721557617,0.00560725275427103,0.0,0.109375,0.71875,0.171875,0.0,0.0034016537597257794,0.0,0.0625,2.311501979827881,8.719778738961607e-05,0.00017439557477923214,2.8789761066436768
5625,-2.8365249633789062,0.8715646707676125,0.21629996597766876,-1.8767241320349504,0.0044809188693761826,0.004341752268373966,0.003402735176496208,0.0036884740693494678,0.004881927277892828,0.005540265422314406,0.0058673763182014215,0.0,0.046875,0.765625,0.1875,0.03125,0.0037019264699946065,0.015625,,2.0090296268463135,8.673258487801713e-05,0.00017346516975603427,0.3534576892852783
5650,-2.887882709503174,0.657732602111302,0.1929538995027542,-2.1514376067600627,0.004308701027184725,0.004166694357991219,0.0034096479415893556,0.0036600594758056104,0.004982527811080217,0.005488739022985101,0.005940760695375502,0.0,0.03125,0.71875,0.25,0.0,0.0035450884239873874,0.0,,2.288235902786255,8.62669191840566e-05,0.0001725338383681132,0.34673118591308594
5675,-2.849626064300537,0.7690774836263964,0.19619323313236237,-2.000514645067661,0.004302042070776224,0.004172135144472122,0.0032138272887095812,0.0035904019023291767,0.0048214871203526855,0.005371535057201983,0.006149788922630248,0.0,0.046875,0.734375,0.21875,0.0,0.0035515698887773665,0.015625,,2.1937174797058105,8.580080869141875e-05,0.0001716016173828375,0.35402655601501465
5700,-2.850005626678467,0.5633649374038536,0.17664147913455963,-2.2145825852959793,0.004150982014834881,0.004122128710150719,0.0033244644291698933,0.0036337655037641525,0.004533168626949191,0.004997668368741871,0.005313539225608109,0.0,0.015625,0.875,0.109375,0.0,0.0034159907845359196,0.0,0.03125,0.9872390627861023,8.53342718013477e-05,0.0001706685436026954,2.8957715034484863
5725,-2.835078716278076,0.6048004852166673,0.20421400666236877,-2.1469723506340483,0.004405212588608265,0.004310687072575092,0.0031945371069014073,0.0035516037605702877,0.005246025510132313,0.005640047555789352,0.005817798897624015,0.0,0.046875,0.640625,0.3125,0.0,0.003700970158345039,0.0,,2.324061393737793,8.486732693192101e-05,0.00016973465386384203,0.34561896324157715
5750,-2.8739287853240967,0.9743569918640786,0.2013971507549286,-1.8174150011769599,0.004350538365542889,0.004155620001256466,0.0032736957306042313,0.0037681314861401916,0.004677743068896234,0.0052210374269634485,0.006170835159718989,0.0,0.046875,0.8125,0.140625,0.015625,0.003601742728032479,0.015625,,2.2922818660736084,8.439999251732264e-05,0.0001687999850346453,0.3522953987121582
5775,-2.87363338470459,0.7740249114475404,0.1925736367702484,-2.021051093713268,0.004280042368918657,0.004225572571158409,0.003242185362614691,0.0036598985316231847,0.004760262556374073,0.005205224268138409,0.005387720069848,0.0,0.0625,0.75,0.1875,0.015625,0.0035893782792003124,0.0,,1.2974681854248047,8.393228700711505e-05,0.0001678645740142301,0.3563976287841797
5800,-2.8714077472686768,0.5989277723819508,0.20244720578193665,-2.189894833823989,0.004423811566084623,0.004397201351821423,0.0033764731837436558,0.003730446333065629,0.005113394698128104,0.005300686415284872,0.005494164070114493,0.0,0.03125,0.671875,0.296875,0.0,0.003644709262465235,0.0,0.046875,4.889967441558838,8.346422886551099e-05,0.00016692845773102197,2.7740368843078613
5825,-2.8452045917510986,0.5807090334050504,0.20262838900089264,-2.18183650752379,0.0044047534465789795,0.004361509345471859,0.003250933950766921,0.0037542698555625975,0.005007087253034115,0.0057245261501520876,0.006095092697069049,0.0,0.0625,0.6875,0.25,0.0,0.003666907533461041,0.0,,3.3043675422668457,8.299583657064436e-05,0.0001659916731412887,0.3434464931488037
5850,-2.8567237854003906,1.0953360593532644,0.19954971969127655,-1.6799845674420275,0.0042867884039878845,0.003963010385632515,0.0032267504604533313,0.0034919146564789116,0.004729259409941733,0.005845908727496863,0.0062566776061430554,0.0,0.0625,0.71875,0.21875,0.015625,0.0034888502192579923,0.015625,,4.863896369934082,8.252712861384094e-05,0.00016505425722768187,0.3549613952636719
5875,-2.8500800132751465,0.644284419320731,0.21343380212783813,-2.1187286455405667,0.004525298718363047,0.00447875028476119,0.003566326922737062,0.0038000120548531413,0.005262046935968101,0.005663073342293501,0.005784478038549423,0.0,0.03125,0.703125,0.265625,0.0,0.0036990595667159972,0.0,,1.0549243688583374,8.205812349888841e-05,0.00016411624699777682,0.3625776767730713
5900,-2.8184547424316406,0.7157236463451765,0.19000713527202606,-2.0252206870293237,0.004228532314300537,0.004099415615200996,0.0031182747101411224,0.0035003484808839858,0.004867885261774063,0.005420233774930239,0.005845793709158898,0.0,0.078125,0.703125,0.21875,0.0,0.0035515952886117433,0.0,0.0625,1.6324878931045532,8.158883974130556e-05,0.00016317767948261113,2.852084159851074
5925,-2.883744478225708,0.6007073889884699,0.17371082305908203,-2.212174497970606,0.004072702955454588,0.0039049701299518347,0.0031119683757424355,0.003500467981211841,0.004580064793117344,0.00514228786341846,0.005518809426575897,0.0,0.046875,0.78125,0.171875,0.0,0.003404930310115799,0.0,,4.9296135902404785,8.111929586761165e-05,0.0001622385917352233,0.37354278564453125
5950,-2.8403491973876953,0.6787373256073136,0.2029341459274292,-2.0788280907883507,0.004364499822258949,0.004306429531425238,0.0030884922249242663,0.003507334098685533,0.00502900464925915,0.0057343197055161,0.006382708903402087,0.0,0.09375,0.65625,0.25,0.0,0.003684787390931578,0.0,,1.7639890909194946,8.06495104145948e-05,0.0001612990208291896,0.3612232208251953
5975,-2.875795364379883,0.6224138276914924,0.20277413725852966,-2.170663030232969,0.0043773353099823,0.004129831213504076,0.003288578474894166,0.0037339552072808146,0.004786959616467357,0.00564248338341713,0.006248645321466025,0.0,0.046875,0.75,0.203125,0.0,0.0035737980238485017,0.0,,1.4037765264511108,8.017950192858026e-05,0.00016035900385716052,0.3551905155181885
6000,-2.876945972442627,0.8538700678960026,0.1940278559923172,-1.9439253023251353,0.004299583844840527,0.004240428097546101,0.003093455266207457,0.0036534121609292924,0.004685786203481257,0.005359986145049333,0.0059964406304061375,0.0,0.078125,0.703125,0.21875,0.0,0.0035802321282944207,0.0,0.0625,3.5443601608276367,7.97092889646983e-05,0.0001594185779293966,2.899886131286621
6025,-2.851010799407959,0.9967633931726267,0.2196199893951416,-1.764656894019241,0.004532339051365852,0.004335733130574226,0.003221738454885781,0.0037169227143749595,0.005068248719908297,0.0059866361320018765,0.006391551648266612,0.0,0.03125,0.6875,0.28125,0.015625,0.003769574637007511,0.015625,,2.0818209648132324,7.923889008615162e-05,0.00015847778017230325,0.35378265380859375
6050,-2.85612154006958,0.633691794510939,0.2079007923603058,-2.137619898382566,0.004415572155267,0.004274494014680386,0.003095309203490615,0.0035490491427481174,0.004886997281573713,0.006119691114872694,0.00683912474196404,0.0,0.046875,0.734375,0.21875,0.0,0.0037335150811528125,0.0,,1.960767149925232,7.876832386348249e-05,0.00015753664772696498,0.3692018985748291
6075,-2.84981632232666,0.9682118038720484,0.20925037562847137,-1.7962441329770689,0.004467356950044632,0.004387937020510435,0.003497137152589858,0.003984492272138596,0.00494888995308429,0.005234226770699024,0.005580715835094451,0.0,0.015625,0.75,0.234375,0.015625,0.0036260535529674064,0.0,,1.7355635166168213,7.829760887383965e-05,0.0001565952177476793,0.36215734481811523
6100,-2.842487335205078,0.6219298966803318,0.20593369007110596,-2.1365500412307017,0.004432379268109798,0.00439201295375824,0.003300081682391465,0.0038495324552059174,0.005029432708397508,0.005379869136959314,0.005706827016547322,0.0,0.0625,0.65625,0.28125,0.0,0.0036971500160918004,0.0,0.078125,1.6856141090393066,7.78267637002449e-05,0.0001556535274004898,2.975867986679077
6125,-2.8735241889953613,0.5577992135241152,0.19788025319576263,-2.2350028520867706,0.004345265217125416,0.004125790670514107,0.003308204934000969,0.003746868867892772,0.004806451150216162,0.00546910664997995,0.006239125062711533,0.0,0.015625,0.8125,0.171875,0.0,0.0036095177676925094,0.0,,0.8716793656349182,7.735580693085945e-05,0.0001547116138617189,0.3426055908203125
6150,-2.8595504760742188,0.5718813306529898,0.17596328258514404,-2.2158877038519007,0.0041023059748113155,0.004058137070387602,0.0030685720266774297,0.0034995609312318265,0.0045964677119627595,0.0053808643016964195,0.005678888107649982,0.0,0.078125,0.765625,0.15625,0.0,0.00343088945499414,0.0,,2.0316786766052246,7.688475715825016e-05,0.00015376951431650033,0.5613911151885986
6175,-2.867231607437134,0.5032140918960257,0.1971774399280548,-2.283582090498002,0.004359547980129719,0.004214480519294739,0.003497394756413996,0.003816731390543282,0.004855297622270882,0.005269593233242631,0.00564088742248714,0.0,0.015625,0.78125,0.203125,0.0,0.003603169813839072,0.0,,1.5317232608795166,7.641363297865544e-05,0.00015282726595731088,0.48715686798095703
6200,-2.8459949493408203,0.621756586191327,0.19011330604553223,-2.146684643867343,0.004230042919516563,0.00421513058245182,0.0030302569270133973,0.0035624157171696424,0.004689996130764484,0.005163039639592171,0.005414716992527245,0.0,0.09375,0.75,0.15625,0.015625,0.003585625433192622,0.0,0.078125,1.1756702661514282,7.594245299125128e-05,0.00015188490598250256,3.162991523742676
6225,-2.856067657470703,0.5845735667879154,0.19514814019203186,-2.1918864847486446,0.004358054604381323,0.0042570605874061584,0.0035563684767112138,0.0038786742370575666,0.004659688100218773,0.0053154333960264925,0.005908956821076572,0.0,0.0,0.828125,0.171875,0.0,0.003559925560146404,0.0,,1.7442735433578491,7.547123579741677e-05,0.00015094247159483354,0.49903225898742676
6250,-2.813690662384033,1.3146120553691738,0.21031881868839264,-1.4132823625723965,0.004427380859851837,0.004255951382219791,0.0033186144195497037,0.0036051449715159833,0.004770654602907598,0.005841699708253146,0.006195120047777891,0.0,0.046875,0.75,0.203125,0.015625,0.0036264558422170845,0.015625,,1.6776036024093628,7.49999999999998e-05,0.0001499999999999996,0.6092393398284912
6275,-2.8449175357818604,1.2593566065017592,0.20502245426177979,-1.5019252563531984,0.00432705320417881,0.004110727459192276,0.0031109195202589034,0.003507645335048437,0.004810503334738314,0.005753493122756481,0.006133070006035268,0.0,0.078125,0.765625,0.15625,0.03125,0.0037225613732828947,0.015625,,1.356744647026062,7.45287642025829e-05,0.0001490575284051658,0.6071927547454834
6300,-2.867680311203003,0.6032993027762888,0.18839183449745178,-2.1875295361681464,0.004238346591591835,0.004034362733364105,0.0033422051696106792,0.003583455574698746,0.004772167885676026,0.005470006074756384,0.006164303142577407,0.0,0.078125,0.703125,0.21875,0.0,0.003542520047771114,0.0,0.09375,0.8331910371780396,7.405754700874836e-05,0.0001481150940174967,3.1167526245117188
6325,-2.865823268890381,0.7241499595422685,0.20608440041542053,-2.057604429862982,0.004375582095235586,0.004208387807011604,0.003140829736366868,0.003579881740733981,0.004745271522551775,0.005511053744703532,0.007193674403242762,0.0,0.046875,0.796875,0.15625,0.015625,0.0036038706669645616,0.015625,,1.823817491531372,7.358636702134422e-05,0.00014717273404268844,0.5097746849060059
6350,-2.85963773727417,0.6993731378119437,0.2045990228652954,-2.076801653345302,0.004328576847910881,0.00400509824976325,0.00321633480489254,0.003617220325395465,0.00462519156280905,0.005486114509403705,0.007007749076001343,0.0,0.078125,0.734375,0.1875,0.03125,0.0036849339248443864,0.0,,1.9083894491195679,7.31152428417495e-05,0.000146230485683499,0.5155725479125977
6375,-2.8834991455078125,0.5940392218072177,0.19865086674690247,-2.2084234379689933,0.004324788227677345,0.004010946489870548,0.0032141376519575714,0.003689583681989461,0.004862646106630564,0.005559092154726387,0.006391598703339693,0.0,0.078125,0.734375,0.1875,0.0,0.0035593938278665025,0.0,,1.5266177654266357,7.264419306914016e-05,0.00014528838613828032,0.6259763240814209
6400,-2.8738768100738525,0.5144525984199654,0.1962135136127472,-2.279382005902945,0.004347812384366989,0.004193451721221209,0.0034546782495453953,0.0036104925675317645,0.004908566363155842,0.0056347400881350046,0.006020405795425176,0.0,0.0,0.78125,0.21875,0.0,0.003569464450733084,0.0,0.109375,1.7636104822158813,7.217323629975468e-05,0.00014434647259950936,3.207453966140747
6425,-2.8351662158966064,0.644411343447867,0.20492376387119293,-2.107159455008802,0.004431634210050106,0.004309707321226597,0.003396394313313067,0.0037778662517666817,0.004935360397212207,0.005380369164049626,0.005682775378227233,0.0,0.015625,0.765625,0.21875,0.0,0.0036745594463043806,0.0,,2.5328800678253174,7.17023911261599e-05,0.0001434047822523198,0.47849488258361816
6450,-2.8721282482147217,0.6338335019140394,0.17885394394397736,-2.165334101340279,0.004134243819862604,0.003947788849473,0.003295692102983594,0.0035638727131299675,0.004560220870189369,0.005382085917517543,0.00569204653147608,0.0,0.0625,0.78125,0.15625,0.0,0.0034194634460532475,0.0,,3.0692834854125977,7.123167613651706e-05,0.00014246335227303413,0.5231235027313232
6475,-2.884197950363159,0.5239923076111491,0.18072131276130676,-2.286483235530216,0.004181476775556803,0.004173812456429005,0.0032582813408225776,0.0036221296759322286,0.004727678024210036,0.005061222286894917,0.005646950961090623,0.0,0.0625,0.796875,0.140625,0.0,0.003444040052971262,0.0,,1.696062684059143,7.076110991384801e-05,0.00014152221982769602,0.6249337196350098
6500,-2.853394031524658,1.5668253337463556,0.2064400613307953,-1.2023547331372084,0.0043036662973463535,0.003920550458133221,0.0031034752959385515,0.0035022286465391517,0.004740737145766616,0.005588392261415721,0.0060917791444808226,0.0,0.09375,0.734375,0.171875,0.046875,0.003590025670931621,0.046875,0.09375,1.4681907892227173,7.029071103530135e-05,0.0001405814220706027,2.9758753776550293
6525,-2.8542752265930176,1.527486513165243,0.23409894108772278,-1.2312917459928914,0.004618449602276087,0.004147570580244064,0.0033062575617805122,0.003777420788537711,0.005073675652965903,0.006177021889016033,0.006969649484381077,0.0,0.046875,0.6875,0.265625,0.03125,0.003980989698313156,0.046875,,4.166107654571533,6.982049807141939e-05,0.00013964099614283877,0.39741063117980957
6550,-2.874953269958496,0.9154720915801223,0.2002561092376709,-1.8777898611181083,0.00430937297642231,0.004219535738229752,0.003031722060404718,0.0035166782326996326,0.004779132665134966,0.005648244777694345,0.006127852876670658,0.0,0.09375,0.71875,0.1875,0.015625,0.003577345138489201,0.015625,,1.8166981935501099,6.935048958540488e-05,0.00013870097917080977,0.34186601638793945
6575,-2.8755507469177246,1.276866872504185,0.1912078559398651,-1.5206836492867963,0.004245261661708355,0.004054168239235878,0.003260770603083074,0.0036851217155344784,0.0046703648986294866,0.004987903032451868,0.005853697075508534,0.0,0.046875,0.859375,0.09375,0.015625,0.003541343814265893,0.015625,,3.399775505065918,6.888070413238808e-05,0.00013776140826477615,0.3466765880584717
6600,-2.833029270172119,0.8013114368624576,0.20432938635349274,-1.9483648875646704,0.004348043352365494,0.00414855033159256,0.00315507382620126,0.0035775842261500657,0.004857132094912231,0.005620596883818507,0.005707159452140331,0.0,0.0625,0.734375,0.203125,0.03125,0.003542685554654572,0.03125,0.046875,1.4001027345657349,6.841116025869417e-05,0.00013682232051738833,2.7374885082244873
6625,-2.8746373653411865,0.8940062520350135,0.22274476289749146,-1.889765903607496,0.004554555285722017,0.004441899247467518,0.003087387257255614,0.003936193126719445,0.004988185362890363,0.005915789725258947,0.006433063768781721,0.0,0.09375,0.65625,0.25,0.015625,0.0037854699100372427,0.015625,,1.09360933303833,6.794187650111133e-05,0.00013588375300222267,0.34675073623657227
6650,-2.8529672622680664,0.6258926320183477,0.199017733335495,-2.1458884847056665,0.004360581282526255,0.00418698089197278,0.003240146720781922,0.003675719373859465,0.00481844344176352,0.005749232228845358,0.006105099362321197,0.0,0.015625,0.75,0.234375,0.0,0.003635326495074226,0.0,,1.4845194816589355,6.747287138615881e-05,0.00013494574277231761,0.34798479080200195
6675,-2.8472437858581543,0.6997385385242012,0.1896493136882782,-2.070140802601287,0.004262289963662624,0.004152034409344196,0.003382024681195617,0.003656223532743752,0.004555050050839782,0.00531022110953927,0.006155498628504571,0.0,0.015625,0.8125,0.171875,0.0,0.0035196850518673236,0.0,,1.954458236694336,6.700416342935544e-05,0.00013400832685871088,0.34215784072875977
6700,-2.878329038619995,0.6105107750962725,0.19612042605876923,-2.187814033382083,0.0043381499126553535,0.004298066720366478,0.0032600295962765813,0.0037222400424070656,0.004757534479722381,0.005343659268692136,0.005549972411245108,0.0,0.03125,0.8125,0.15625,0.0,0.0035371355351725554,0.0,0.046875,2.679593086242676,6.653577113448882e-05,0.00013307154226897765,2.8965344429016113
6725,8.451663970947266,23.381224362999305,0.2030564844608307,31.91572201892744,0.004403525497764349,0.004299011081457138,0.0032688879175111654,0.003787812020163983,0.004906331654638052,0.005532257677987218,0.006238583801314234,0.0,0.0625,0.71875,0.21875,0.0,0.0037084128005238186,0.0,,15.976158142089844,6.606771299288475e-05,0.0001321354259857695,0.33780956268310547
6750,-2.869206190109253,0.7052126925626362,0.21636009216308594,-2.0757328096589482,0.004526583477854729,0.0043895430862903595,0.003631652891635895,0.00401802861597389,0.004738526185974479,0.005497772246599197,0.006266287527978419,0.0,0.03125,0.78125,0.1875,0.015625,0.0037135632939114148,0.0,,1.2384631633758545,6.560000748267717e-05,0.00013120001496535433,0.3601102828979492
6775,-2.881850242614746,0.6374189743129268,0.21686440706253052,-2.1559648549827086,0.00446135550737381,0.004177914932370186,0.0033388594863936307,0.0036484680604189634,0.004868330899626017,0.0057904694229364406,0.006927906675264237,0.0,0.03125,0.765625,0.203125,0.03125,0.003646160668317672,0.0,,3.6066815853118896,6.513267306807878e-05,0.00013026534613615756,0.36770153045654297
6800,-2.8102829456329346,0.6677878269485933,0.1922605037689209,-2.0640654793448943,0.004268347751349211,0.004246530123054981,0.003072631568647921,0.0036429017200134695,0.0048826204147189856,0.005342489806935191,0.005772954504936932,0.0,0.078125,0.734375,0.1875,0.0,0.0035456702176106356,0.0,0.03125,4.995765209197998,6.466572819865213e-05,0.00012933145639730425,2.769059181213379
6825,-2.8671822547912598,0.6584525758816332,0.1942165195941925,-2.1295021121905715,0.0043038297444581985,0.0041204895824193954,0.003449439816176891,0.003731509728822857,0.004686067346483469,0.0052771525457501415,0.005584372207522392,0.0,0.015625,0.8125,0.171875,0.015625,0.0034718105247374537,0.015625,,1.3917733430862427,6.419919130858102e-05,0.00012839838261716205,0.3481149673461914
6850,-2.8616461753845215,0.5879473166408462,0.19295553863048553,-2.194985695010193,0.004309572279453278,0.004190743900835514,0.0032351800939068196,0.0038880694773979485,0.004699158249422908,0.005320203537121416,0.005655715335160493,0.0,0.046875,0.796875,0.15625,0.0,0.0035617333066589466,0.0,,2.391939640045166,6.37330808159432e-05,0.0001274661616318864,0.3532836437225342
6875,-2.86808443069458,0.5689869294599033,0.17106840014457703,-2.2293128450676463,0.004043946973979473,0.0039662690833210945,0.0031445428961887957,0.0034582798834890127,0.004569260170683265,0.004997466737404466,0.005456069856882095,0.0,0.0625,0.828125,0.109375,0.0,0.0033771601967406773,0.0,,2.202932834625244,6.326741512198269e-05,0.00012653483024396538,0.3329734802246094
6900,0.6084389686584473,7.659176101096831,0.20530764758586884,8.351367083498202,0.004392435774207115,0.004221320152282715,0.003337023756466806,0.00365845684427768,0.004836377804167569,0.005730658443644643,0.0062321575125679355,0.0,0.0625,0.734375,0.203125,0.015625,0.0036121614839525456,0.03125,0.125,7.596261024475098,6.280221261038373e-05,0.00012560442522076745,2.5505690574645996
6925,-2.8596298694610596,0.5987452556121071,0.20914503931999207,-2.175567195869712,0.004452923312783241,0.004259295761585236,0.0033642596565186976,0.003775211807806045,0.0051749772392213345,0.005652902647852898,0.005758116999641061,0.0,0.03125,0.671875,0.296875,0.015625,0.003672988049520947,0.0,,2.3795559406280518,6.233749164654495e-05,0.0001246749832930899,0.3122720718383789
6950,-2.875403881072998,0.5844087710754293,0.19935007393360138,-2.209673393688975,0.004394093528389931,0.004363733343780041,0.0034402755787596106,0.0038904542452655733,0.004820041707716882,0.005560480430722237,0.005879681743681429,0.0,0.0625,0.71875,0.21875,0.0,0.0035819123742588696,0.0,,1.3269909620285034,6.187327057685428e-05,0.00012374654115370856,0.2961699962615967
6975,-2.870640754699707,0.6888548946662885,0.2035047560930252,-2.098769308002378,0.004409157671034336,0.00430655013769865,0.003311468358151615,0.00369487312855199,0.0049358055694028735,0.005793125322088599,0.006358000799082219,0.0,0.046875,0.71875,0.234375,0.0,0.0036774527907095585,0.0,,2.1850593090057373,6.140956772796472e-05,0.00012281913545592944,0.31562137603759766
7000,-2.8834848403930664,0.5693395952417115,0.18465176224708557,-2.238819472985103,0.004218576941639185,0.004272685386240482,0.003072149562649429,0.003716932493261993,0.004723194753751159,0.00536674321629107,0.005455339886248111,0.0,0.078125,0.765625,0.15625,0.0,0.0034501806560542025,0.0,0.078125,0.7751439809799194,6.094640140607069e-05,0.00012189280281214138,2.400270700454712
7025,-2.8916358947753906,0.5354035598708712,0.1855037808418274,-2.280558993153421,0.004221615847200155,0.004338831175118685,0.0030867077875882387,0.003632343898061663,0.00465904048178345,0.005126199172809721,0.005530488700605928,0.0,0.0625,0.828125,0.109375,0.0,0.0034978697970442433,0.0,,1.9141225814819336,6.048378989618551e-05,0.00012096757979237102,0.30454325675964355
7050,-2.8891708850860596,0.5938738854310385,0.1769307553768158,-2.223120893380893,0.004112595692276955,0.00398906460031867,0.0029602823080495,0.0034660801175050437,0.004722233396023512,0.00511943306773901,0.005888502183370288,0.0,0.125,0.71875,0.15625,0.0,0.0034705806234109266,0.0,,1.634997010231018,6.0021751461419485e-05,0.00012004350292283897,0.29872751235961914
7075,-2.8772358894348145,0.6368928814405452,0.19116804003715515,-2.1623590251332274,0.0042516617104411125,0.003981709945946932,0.00322068533860147,0.003497241996228695,0.005043717101216316,0.005582791892811656,0.005778750334866344,0.0,0.03125,0.703125,0.265625,0.0,0.003464559234380066,0.015625,,1.8621714115142822,5.956030434225891e-05,0.00011912060868451783,0.298830509185791
7100,-2.849809169769287,0.6761769868180676,0.200601726770401,-2.091799870903738,0.0043893856927752495,0.004294265992939472,0.003433772502467036,0.0038206626777537167,0.005005801212973893,0.00555030987598002,0.005912322271615266,0.0,0.0625,0.6875,0.25,0.0,0.0036382554935221623,0.0,0.109375,3.419219732284546,5.909946675584592e-05,0.00011819893351169184,2.5015010833740234
7125,-2.875378131866455,0.6033152936621625,0.20873022079467773,-2.1869146378115696,0.004469333216547966,0.0043440889567136765,0.0034034437499940394,0.0038266489282250404,0.004908492090180516,0.005983579671010376,0.006349956127814948,0.0,0.03125,0.734375,0.234375,0.0,0.003715316609351729,0.0,,1.1100150346755981,5.863925689525936e-05,0.00011727851379051871,0.30158185958862305
7150,-2.859644889831543,0.8407134455759457,0.22522783279418945,-1.9270533057730264,0.00455238064751029,0.00430341949686408,0.0031433227239176633,0.0037587874685414135,0.005042379372753203,0.006300017703324558,0.006860788050107657,0.0,0.0625,0.65625,0.28125,0.015625,0.0038708129559915936,0.0,,6.524224281311035,5.817969292879645e-05,0.0001163593858575929,0.30607008934020996
7175,-2.879153251647949,0.5730241326249743,0.19276642799377441,-2.227493098600993,0.004312625154852867,0.004425011109560728,0.0031631696969270707,0.003789918788243085,0.004807186312973499,0.005237791920080781,0.0055624343222007155,0.0,0.0625,0.78125,0.15625,0.0,0.003561545009773289,0.0,,1.3584034442901611,5.7720792999255775e-05,0.00011544158599851155,0.29584312438964844
7200,-2.862301826477051,0.9320881188907721,0.196775883436203,-1.8499420910081765,0.004367435351014137,0.004295720718801022,0.00347427895758301,0.0037584442761726677,0.004912702250294387,0.005384804867208004,0.005735396477393806,0.0,0.015625,0.765625,0.21875,0.0,0.0036065247473278054,0.0,0.0625,1.5380277633666992,5.726257522322071e-05,0.00011452515044644142,2.5263774394989014
7225,-2.876415729522705,0.6308045249123863,0.20402975380420685,-2.16238048564002,0.004414370749145746,0.004439068958163261,0.0033457771874964236,0.003845200117211789,0.004807928577065468,0.00544476080685854,0.006383391912095244,0.0,0.0625,0.78125,0.15625,0.0,0.003616163975550615,0.0,,0.9027374982833862,5.680505769034452e-05,0.00011361011538068904,0.2953503131866455
7250,-2.8716936111450195,0.6612211316404478,0.2008248269557953,-2.128549158615099,0.0043981485068798065,0.004285811446607113,0.0033277619164437055,0.0038118137163110077,0.00495308346580714,0.005554717965424061,0.005734095769003034,0.0,0.046875,0.703125,0.25,0.0,0.003675977347269112,0.0,,1.5625700950622559,5.6348258462635954e-05,0.00011269651692527191,0.2978682518005371
7275,-2.865474224090576,0.6445194965031624,0.18613144755363464,-2.1450253391835212,0.004200708586722612,0.004039328545331955,0.0031247689155861737,0.0035059807705692947,0.00472400663420558,0.005583956837654115,0.006229544919915495,0.0,0.046875,0.796875,0.15625,0.0,0.003499120507905798,0.0,,1.1391679048538208,5.589219557374641e-05,0.00011178439114749283,0.2973473072052002
7300,-2.7867178916931152,0.7643888955337055,0.218825563788414,-1.9330625618475432,0.004518909379839897,0.004232642240822315,0.003474145592190325,0.0038636053795926273,0.004808041616342962,0.005724303564056755,0.006286585703492164,0.0,0.015625,0.78125,0.203125,0.03125,0.00368231940247345,0.03125,0.0625,2.1562931537628174,5.5436887028257794e-05,0.00011087377405651559,2.530639886856079
7325,-2.108154296875,2.385120728640765,0.21150702238082886,0.3632473811795416,0.004459608346223831,0.004259930923581123,0.00347715113312006,0.0037814926472492516,0.004885963280685246,0.005390226049348712,0.005527508468367159,0.0,0.015625,0.78125,0.203125,0.03125,0.0036285682302245894,0.03125,,3.1340160369873047,5.4982350800971926e-05,0.00010996470160194385,0.3015289306640625
7350,-2.8235268592834473,0.6703604534594805,0.20083388686180115,-2.071239389446518,0.004374380223453045,0.004293140023946762,0.0033033360261470078,0.0037596417823806405,0.004872731398791075,0.00550987827591598,0.006162176863290368,0.0,0.046875,0.734375,0.21875,0.0,0.0036362919984167254,0.0,,1.416615605354309,5.45286048362007e-05,0.0001090572096724014,0.29932212829589844
7375,-2.8837196826934814,0.697305163785822,0.1903849095106125,-2.1087500020414525,0.004278814420104027,0.004353874363005161,0.003179066861048341,0.0035881048534065485,0.004793184227310121,0.005316350655630232,0.0055702158017084,0.0,0.09375,0.703125,0.203125,0.0,0.0035658581280372872,0.0,,1.7478668689727783,5.4075667047057896e-05,0.00010815133409411579,0.2993662357330322
7400,-2.803903579711914,0.8333788137091831,0.2063179910182953,-1.8863606010423466,0.004353840835392475,0.004026055335998535,0.0032951975939795376,0.0035819392651319504,0.004584306501783431,0.0055647781584411875,0.0068931964691728315,0.0,0.0625,0.765625,0.171875,0.015625,0.003642394859081958,0.015625,0.125,1.2845007181167603,5.3623555314751876e-05,0.00010724711062950375,2.520594835281372
7425,-2.856114387512207,0.552058279352022,0.17785702645778656,-2.2315021382405034,0.004124429076910019,0.004140464588999748,0.0030508816707879305,0.0035047571291215718,0.0045925043523311615,0.0054073493462055925,0.005788483261130749,0.0,0.078125,0.78125,0.140625,0.0,0.0034043003412781788,0.0,,3.025831699371338,5.3172287487879706e-05,0.00010634457497575941,0.29972195625305176
7450,-2.8894782066345215,0.557117565977062,0.19001686573028564,-2.254846260440861,0.004283268935978413,0.004261228255927563,0.003318514535203576,0.0037003314937464893,0.004635996534489095,0.005276423273608088,0.005672725988551973,0.0,0.03125,0.78125,0.1875,0.0,0.0035293092488274673,0.0,,2.4422831535339355,5.272188138172251e-05,0.00010544376276344502,0.30229878425598145
7475,-2.8693013191223145,0.6007101117791188,0.19157949090003967,-2.1904393778024662,0.004279421642422676,0.00419864896684885,0.003217941801995039,0.0037213409086689353,0.004722815006971359,0.005223952047526836,0.005567960510961712,0.0,0.046875,0.78125,0.171875,0.0,0.0035572431239023193,0.0,,0.8026443123817444,5.227235477754204e-05,0.00010454470955508408,0.30225586891174316
7500,-2.794882297515869,1.1306380429535572,0.2024553120136261,-1.5816558054417904,0.004328922368586063,0.004277626983821392,0.003039329242892563,0.0033738535712473094,0.004818585701286793,0.005644796462729574,0.00612588149961084,0.0,0.09375,0.6875,0.21875,0.015625,0.003618291577313723,0.015625,0.078125,2.4618678092956543,5.182372542187904e-05,0.00010364745084375808,2.7514965534210205
7525,-2.892512321472168,0.5801678291017635,0.19931229948997498,-2.231038183862485,0.004345161374658346,0.004329232033342123,0.003244463284499943,0.003701921959873289,0.004721871810033917,0.005332733038812876,0.0054461999097839,0.0,0.0625,0.75,0.1875,0.015625,0.003581501517770294,0.015625,,0.9297919869422913,5.137601102585223e-05,0.00010275202205170446,0.30486345291137695
7550,-2.854114294052124,0.6228166863375233,0.18365810811519623,-2.1563771843857245,0.004197499714791775,0.004034420475363731,0.0033415863290429115,0.0035376386367715895,0.004640818107873201,0.005338997533544899,0.005632876441814005,0.0,0.03125,0.796875,0.171875,0.0,0.003462812126684929,0.0,,1.0628905296325684,5.0929229264459407e-05,0.00010185845852891881,0.30592775344848633
7575,8.469605445861816,23.226678658391062,0.17914503812789917,31.769363496566836,0.004155041184276342,0.004162870813161135,0.0031206314917653797,0.0036002719425596297,0.004657341516576707,0.005169088952243328,0.005597389023751018,0.0,0.078125,0.78125,0.140625,0.0,0.0034010385479574952,0.0,,18.137407302856445,5.048339777587943e-05,0.00010096679555175886,0.2984795570373535
7600,-2.8518760204315186,0.6957338999604685,0.1966439187526703,-2.0759243343377607,0.00429379940032959,0.004034524783492088,0.003308851784095168,0.003632392908912152,0.004786969278939068,0.005472928006201983,0.005886952136643229,0.0,0.015625,0.828125,0.15625,0.015625,0.003493421438758777,0.015625,0.078125,1.1917507648468018,5.0038534160776115e-05,0.00010007706832155223,2.228407621383667
7625,-2.8752567768096924,0.6568128545355276,0.219379261136055,-2.1289516161609217,0.004563407972455025,0.0044596269726753235,0.0034808019641786813,0.0038446904509328306,0.004894799902103841,0.005606978852301837,0.006519515044055876,0.0,0.0,0.78125,0.21875,0.015625,0.003790504458159502,0.0,,1.9564324617385864,4.959465598160328e-05,9.918931196320656e-05,0.30211544036865234
7650,-2.8864309787750244,0.5758008618232834,0.18838751316070557,-2.233780403030194,0.004274889826774597,0.004195778165012598,0.0034322405699640512,0.003693965671118349,0.00490787043236196,0.005209930473938584,0.00539462303277105,0.0,0.046875,0.734375,0.21875,0.0,0.0035442317874365367,0.0,,1.0341094732284546,4.9151780761911365e-05,9.830356152382273e-05,0.29752206802368164
7675,-2.8748061656951904,0.5832048571849023,0.1901673972606659,-2.2140255206084096,0.004245864227414131,0.004105796106159687,0.0031074950471520423,0.003459142637439072,0.004688934772275388,0.005649767816066743,0.00600523711182177,0.0,0.046875,0.734375,0.21875,0.0,0.0035607641238853205,0.0,,1.1018073558807373,4.870992598565571e-05,9.741985197131142e-05,0.29662394523620605
7700,-2.864561080932617,0.5999065528528945,0.18961673974990845,-2.1873033751828417,0.004257852211594582,0.004243709146976471,0.0030652235029265287,0.0037892701220698655,0.004861398134380579,0.0053920784499496225,0.005658146995119751,0.0,0.09375,0.734375,0.171875,0.0,0.0035214402947846882,0.0,0.03125,1.2476617097854614,4.826910909650634e-05,9.653821819301268e-05,2.4232821464538574
7725,-2.881639003753662,0.5731885778935472,0.180385559797287,-2.234864982661434,0.004169913940131664,0.004101318772882223,0.003312335186637938,0.0036175931454636157,0.004557385458610952,0.0050476965028792625,0.005266934004612266,0.0,0.046875,0.828125,0.125,0.0,0.003450268350032007,0.0,,1.2583316564559937,4.782934749715922e-05,9.565869499431844e-05,0.2943594455718994
7750,-2.6913299560546875,0.6645496948083813,0.23544861376285553,-1.930732718257052,0.004692196846008301,0.004445788450539112,0.003482537902891636,0.0039372676983475685,0.005003328202292323,0.005772529309615493,0.0068174151703715305,0.0,0.015625,0.734375,0.25,0.03125,0.003847761021877902,0.015625,,1.7370332479476929,4.7390658548649314e-05,9.478131709729863e-05,0.29618358612060547
7775,-2.8710598945617676,0.6385194573795255,0.20781412720680237,-2.1477659430110996,0.004438958130776882,0.004273697733879089,0.0033969313139095903,0.00384844490326941,0.004814556450583041,0.005539078824222088,0.005776235088706017,0.0,0.03125,0.75,0.21875,0.015625,0.0035992032097355332,0.015625,,1.3118269443511963,4.695305956966511e-05,9.390611913933022e-05,0.29892396926879883
7800,-2.674811363220215,0.6324008804362397,0.20407497882843018,-1.9591613161761186,0.004393240436911583,0.0042404793202877045,0.0032288606744259596,0.003802829305641353,0.004830706748180091,0.005239627650007605,0.005852580955252051,0.0,0.046875,0.75,0.203125,0.015625,0.0035871785483786683,0.015625,0.078125,4.437378883361816,4.651656783586504e-05,9.303313567173008e-05,2.6753573417663574
7825,-2.888463258743286,0.5955195153837456,0.18358927965164185,-2.218051393818353,0.004208296537399292,0.0041952915489673615,0.003234539250843227,0.0036484376760199666,0.004627305781468749,0.005123467789962888,0.005394703173078596,0.0,0.0625,0.8125,0.125,0.0,0.0034682345597939934,0.0,,1.4062118530273438,4.6081200579195385e-05,9.216240115839077e-05,0.3033871650695801
7850,-2.8372440338134766,1.149580496843936,0.23261883854866028,-1.592770349685071,0.004612023010849953,0.00438318494707346,0.003538851160556078,0.0037748825270682573,0.004879891988821328,0.005829182639718056,0.007173513690941033,0.0,0.046875,0.75,0.203125,0.046875,0.0038689942951908862,0.03125,,1.3758184909820557,4.564697498720995e-05,9.12939499744199e-05,0.29932689666748047
7875,-2.8620412349700928,1.1470606581233402,0.21169120073318481,-1.6286244957782368,0.004428118467330933,0.004263211973011494,0.003270514262840152,0.0037202913663350046,0.00488760182633996,0.005446233740076424,0.006448610103689128,0.0,0.0625,0.734375,0.203125,0.03125,0.003743010358749348,0.015625,,2.969285726547241,4.52139082023916e-05,9.04278164047832e-05,0.30475878715515137
7900,-2.8588979244232178,0.6676361112847995,0.1945440173149109,-2.1119006500586797,0.004258774220943451,0.004115350544452667,0.0031752492301166057,0.003473830409348011,0.004585280199535191,0.005476567521691323,0.006186023564077912,0.0,0.0625,0.765625,0.171875,0.0,0.003593060209092073,0.0,0.109375,1.5453864336013794,4.478201732147545e-05,8.95640346429509e-05,2.5113182067871094
7925,-2.8855698108673096,0.6418829206554123,0.17041727900505066,-2.1741678472431474,0.004041025415062904,0.003803208703175187,0.0030206077033653857,0.0034650919842533767,0.004632349940948188,0.005110591277480126,0.005652147624641655,0.0,0.078125,0.796875,0.125,0.0,0.003368093665937643,0.0,,1.5403069257736206,4.4351319394773985e-05,8.870263878954797e-05,0.2976686954498291
7950,-2.8492636680603027,0.6358669384076742,0.18987968564033508,-2.1359383107468934,0.004235647153109312,0.004064393229782581,0.0032987489365041258,0.0035722996690310538,0.004775419947691262,0.005437617842108011,0.005688124778680503,0.0,0.046875,0.765625,0.1875,0.015625,0.0035155089354391464,0.0,,1.233137607574463,4.3921831425503825e-05,8.784366285100765e-05,0.29607701301574707
7975,-2.8529891967773438,0.6771576081500721,0.21365436911582947,-2.088674659551554,0.004517378751188517,0.004539852030575275,0.0033555355155840518,0.0038761163013987243,0.005084975273348391,0.005627561593428254,0.0061848189681768416,0.0,0.0625,0.625,0.3125,0.0,0.0037356427100019834,0.0,,2.381136655807495,4.349357036911466e-05,8.698714073822932e-05,0.2969498634338379
8000,-2.8406171798706055,0.8428351179778353,0.1966409981250763,-1.9175654678523764,0.004250732250511646,0.003970752470195293,0.0032167254947125913,0.0036338490899652243,0.0045677198795601726,0.005319834128022194,0.006152909225784239,0.0,0.0625,0.765625,0.171875,0.03125,0.003486444003235676,0.015625,0.09375,1.5537439584732056,4.306655313261971e-05,8.613310626523942e-05,2.35121750831604
8025,-2.7830233573913574,1.0960951249035609,0.21598470211029053,-1.5988206838337171,0.0044686272740364075,0.004315464291721582,0.0032069979701191188,0.003650939033832401,0.00500650005415082,0.005899430392310024,0.00628709876909852,0.0,0.078125,0.671875,0.25,0.015625,0.0037654797191002936,0.0,,1.3967031240463257,4.26407965739282e-05,8.52815931478564e-05,0.3043074607849121
8050,-2.826826810836792,0.7346358901834638,0.20721957087516785,-2.0076589652323573,0.004476324655115604,0.004489843733608723,0.0035129494033753874,0.003862679412122816,0.005014835391193628,0.005663655651733279,0.005909264832735061,0.0,0.03125,0.71875,0.25,0.0,0.003695225974627559,0.0,,3.3193984031677246,4.22163175011802e-05,8.44326350023604e-05,0.3009836673736572
8075,-2.903942584991455,0.621955141635545,0.19694668054580688,-2.2016461563986462,0.004336531274020672,0.00419015996158123,0.003269297583028674,0.0035778777673840523,0.0050308810314163566,0.0055366639979183676,0.006081717764027416,0.0,0.046875,0.6875,0.265625,0.0,0.0036108189631193096,0.0,,0.975180447101593,4.179313267208254e-05,8.358626534416508e-05,0.31631040573120117
8100,-2.8652303218841553,0.5775999824774776,0.19262921810150146,-2.20905028774614,0.004325103014707565,0.004126079846173525,0.003566476982086897,0.003851796849630773,0.00469885126221925,0.005218906980007887,0.005826173280365764,0.0,0.0,0.828125,0.171875,0.0,0.0035126156381460128,0.0,0.078125,1.4357060194015503,4.137125879324776e-05,8.274251758649552e-05,2.3928818702697754
8125,-2.869924306869507,0.5369755187251178,0.20320922136306763,-2.2500527939579875,0.004408574663102627,0.004130728542804718,0.0033060030778869986,0.0036784386611543596,0.005033744848333299,0.005711425468325615,0.006026955717243254,0.0,0.015625,0.71875,0.265625,0.0,0.0036185270700004593,0.0,,1.296303153038025,4.0950712519534164e-05,8.190142503906833e-05,0.29894375801086426
8150,-2.8327293395996094,0.6593491973252057,0.23293060064315796,-2.078359781029725,0.004652112722396851,0.0043402318842709064,0.003392751794308424,0.003834160102996975,0.00520253786817193,0.006227726908400655,0.0070851296419277765,0.0,0.046875,0.640625,0.3125,0.015625,0.0038549977677520466,0.03125,,2.311959743499756,4.0531510453388585e-05,8.106302090677717e-05,0.295764684677124
8175,-2.825904369354248,0.6626398635082094,0.20689712464809418,-2.0788640904255065,0.004463193938136101,0.004270956851541996,0.0036044628359377384,0.0038956866483204067,0.004936241894029081,0.005643652193248272,0.006040586181916296,0.0,0.015625,0.78125,0.203125,0.0,0.0036285274512597534,0.0,,0.8763095140457153,4.0113669144190815e-05,8.022733828838163e-05,0.30471014976501465
8200,-2.8756461143493652,0.638707344184282,0.19827426970005035,-2.1560559079548094,0.004382857587188482,0.0042538330890238285,0.0034825159935280682,0.0039614730048924685,0.004783014999702573,0.005366660514846445,0.005966306338086724,0.0,0.03125,0.8125,0.15625,0.0,0.003606721470330789,0.0,0.0625,1.4594236612319946,3.969720508760026e-05,7.939441017520052e-05,2.483821153640747
8225,7.737858772277832,22.345303710072663,0.19577515125274658,30.16302586671653,0.004303000867366791,0.004088125191628933,0.003394942986778915,0.0038319272571243346,0.004526573000475764,0.0052368863020092245,0.005712656746618447,0.0,0.015625,0.828125,0.15625,0.015625,0.0036366439053437697,0.03125,,13.836304664611816,3.928213472490474e-05,7.856426944980949e-05,0.30528974533081055
8250,-2.820089340209961,0.8596421419482762,0.22363698482513428,-1.8692180202502673,0.004572075325995684,0.004450521431863308,0.0034867585869506,0.003758559236302972,0.005055586341768503,0.005967963347211481,0.00646543363109231,0.0,0.046875,0.6875,0.265625,0.015625,0.00380234649878778,0.015625,,1.7418041229248047,3.886847444237154e-05,7.773694888474308e-05,0.297166109085083
8275,-2.887808322906494,0.8667046196402846,0.2375137060880661,-1.9242137380300228,0.004682659171521664,0.004385965410619974,0.003428444196470082,0.004006571136415005,0.004969735164195299,0.006085043214261532,0.006799526372924447,0.0,0.046875,0.703125,0.25,0.03125,0.0037678601166190643,0.03125,,0.9427652359008789,3.845624057060029e-05,7.691248114120058e-05,0.30084824562072754
8300,-2.854383945465088,0.7166468782693239,0.19740571081638336,-2.0572085247963576,0.004317061975598335,0.004420531447976828,0.003053299942985177,0.003493378171697259,0.005005082464776933,0.00541255041025579,0.005716759315691888,0.0,0.09375,0.65625,0.25,0.0,0.0036413171112352548,0.0,0.09375,1.0098679065704346,3.804544938387834e-05,7.609089876775668e-05,2.534630060195923
8325,-2.87723445892334,0.6236193679740865,0.19612666964530945,-2.1736083127090495,0.00433801393955946,0.004396331496536732,0.0034190698293969034,0.0037599981878884137,0.004719296935945749,0.005081143788993359,0.005544959381222725,0.0,0.015625,0.828125,0.15625,0.015625,0.003562870236598706,0.015625,,1.2232933044433594,3.763611709953837e-05,7.527223419907674e-05,0.30170321464538574
8350,-2.852381706237793,0.7399548816428806,0.21573671698570251,-2.0244204324735975,0.004534659441560507,0.004528375342488289,0.0033873658860102294,0.0038105733110569417,0.004980864003300667,0.005650953436270356,0.006017134920693932,0.0,0.03125,0.71875,0.25,0.0,0.0037799558069273485,0.0,,1.5233407020568848,3.7228259877318094e-05,7.445651975463619e-05,0.2959883213043213
8375,-2.8390064239501953,0.8035614132440633,0.21716094017028809,-1.9468576297604496,0.004495389759540558,0.004345053806900978,0.003302579210139811,0.0035832870635204017,0.004845382529310882,0.006006170623004438,0.00683845814783126,0.0,0.046875,0.75,0.203125,0.015625,0.003721200282421248,0.0,,1.0884900093078613,3.682189381872233e-05,7.364378763744466e-05,0.2979769706726074
8400,-2.884281635284424,0.6602025054493424,0.17143762111663818,-2.1541438601812843,0.004043237306177616,0.003982899710536003,0.0028559156926348805,0.0035524010891094804,0.004578412743285298,0.004887540778145194,0.005290618329308927,0.0,0.140625,0.765625,0.09375,0.0,0.0033707701951531366,0.0,0.03125,1.7487307786941528,3.6417034966387215e-05,7.283406993277443e-05,2.1035401821136475
8425,-2.8163628578186035,0.6130411500427343,0.20385202765464783,-2.1201634904053592,0.0044046565890312195,0.0043143341317772865,0.0034113344037905334,0.0037947369855828583,0.00484382442664355,0.005551489954814316,0.005871843243949114,0.0,0.046875,0.78125,0.171875,0.0,0.00361276920727037,0.0,,1.5241916179656982,3.601369930344702e-05,7.202739860689404e-05,0.30097055435180664
8450,-2.8544535636901855,0.6372200002685674,0.1976175606250763,-2.136618601737868,0.004335072357207537,0.00408026110380888,0.0033681226894259455,0.0038251669611781836,0.004693785565905273,0.005030875653028489,0.005794432014226912,0.0,0.03125,0.84375,0.125,0.015625,0.0035673613179018006,0.0,,1.5049558877944946,3.561190275290303e-05,7.122380550580606e-05,0.3027663230895996
8475,-2.9019620418548584,0.5304624742316183,0.18098880350589752,-2.2976680391980233,0.004174805246293545,0.003996638581156731,0.0032494869083166122,0.0036293244920670986,0.004528687568381429,0.00533520095050335,0.005757922958582638,0.0,0.03125,0.78125,0.1875,0.0,0.003444807241620445,0.0,,0.9285750985145569,3.5211661176995185e-05,7.042332235399037e-05,0.30269837379455566
8500,-2.8749516010284424,0.5808798875407373,0.19975069165229797,-2.212586568693718,0.004378057084977627,0.004386408254504204,0.0032832453958690166,0.0038217735709622502,0.004791850107721984,0.005568097159266473,0.006130228517577052,0.0,0.03125,0.75,0.21875,0.0,0.003678987325046356,0.0,0.03125,1.482607364654541,3.4812990376575486e-05,6.962598075315097e-05,2.603292226791382
8525,-2.8384337425231934,1.3605224484200567,0.19623517990112305,-1.3978602519636065,0.004320899955928326,0.004176462069153786,0.00332684179302305,0.003704060160089284,0.004765853169374168,0.0051148502156138425,0.005410265014506877,0.0,0.0,0.8125,0.1875,0.015625,0.003574112324212112,0.015625,,1.2587008476257324,3.441590609048454e-05,6.883181218096908e-05,0.2996785640716553
8550,-2.878143310546875,0.5717313678764027,0.17885982990264893,-2.2334488986231165,0.004155417438596487,0.004176342859864235,0.0031552459578961137,0.003668285149615258,0.004744445439428091,0.005033492110669613,0.005407278938218951,0.0,0.09375,0.765625,0.140625,0.0,0.0034675401712545503,0.0,,0.7097570896148682,3.402042399493007e-05,6.804084798986014e-05,0.30016636848449707
8575,-2.8861165046691895,0.5692152880163025,0.1820327639579773,-2.2426438204913306,0.0041740951128304005,0.00394840445369482,0.003246373450383544,0.0034928079112432897,0.004702729405835271,0.005100748455151916,0.005494391545653342,0.0,0.015625,0.84375,0.140625,0.0,0.0034261912011099337,0.0,,1.1302334070205688,3.3626559702867976e-05,6.725311940573595e-05,0.2983429431915283
8600,-2.8814001083374023,0.577529303266767,0.19558534026145935,-2.2240848545887437,0.004332081880420446,0.004387190565466881,0.0032823343994095922,0.0036152805550955236,0.0049674017354846,0.005364263895899057,0.005728373839519917,0.0,0.0625,0.6875,0.25,0.0,0.0036084508583264035,0.0,0.09375,0.9072996377944946,3.3234328763386124e-05,6.646865752677225e-05,2.4148361682891846
8625,-2.873035430908203,0.6045571910881304,0.18586230278015137,-2.1926586431718564,0.004208081867545843,0.004094727803021669,0.0031661447836086156,0.003536453819833696,0.004730197484605014,0.005054811853915453,0.005492303031496702,0.0,0.03125,0.828125,0.140625,0.0,0.00352472131343997,0.0,,0.6378843784332275,3.284374666109045e-05,6.56874933221809e-05,0.30118417739868164
8650,-2.837244987487793,0.6617677725757971,0.19468092918395996,-2.0960602022801025,0.00431358627974987,0.004296174272894859,0.0031861284980550407,0.0036212464328855276,0.004873071215115488,0.005250210082158447,0.005567861720919608,0.0,0.046875,0.796875,0.15625,0.0,0.003576292997501435,0.0,,1.4157301187515259,3.24548288154935e-05,6.4909657630987e-05,0.3101930618286133
8675,-2.877501964569092,0.5739750354069301,0.18634217977523804,-2.227511575959342,0.004224502481520176,0.004136295057833195,0.0030959265306591986,0.003643245785497129,0.0046966938534751534,0.0055178370326757434,0.005593314813449979,0.0,0.09375,0.71875,0.1875,0.0,0.003518792040854267,0.0,,0.974869966506958,3.206759058040591e-05,6.413518116081182e-05,0.29631710052490234
8700,-2.8539395332336426,0.685486625527483,0.19180159270763397,-2.0902104716547907,0.0042838240042328835,0.004206335172057152,0.00326809270773083,0.003663581155706197,0.004652108415029943,0.005239511793479324,0.005633634887635707,0.0,0.0,0.875,0.125,0.0,0.0035727564202333484,0.0,0.0625,1.0609186887741089,3.168204724333017e-05,6.336409448666034e-05,2.5096189975738525
8725,-2.8243908882141113,0.6283159237491613,0.19277730584144592,-2.1174345034969324,0.004289477597922087,0.004198032431304455,0.0031856625573709607,0.0036352697643451393,0.004813320701941848,0.005365610495209694,0.005571126285940408,0.0,0.046875,0.765625,0.1875,0.0,0.0035102983494413797,0.015625,,1.2760339975357056,3.1298214024857025e-05,6.259642804971405e-05,0.29895687103271484
8750,-2.8540725708007812,0.6956858195621699,0.19448205828666687,-2.079050867978838,0.004301291890442371,0.004229583777487278,0.0033455972792580725,0.0037433389807119966,0.004628945258446038,0.005187611375004053,0.0055884848115965715,0.0,0.046875,0.796875,0.15625,0.015625,0.00351953706918052,0.015625,,1.2248374223709106,3.0916106078064735e-05,6.183221215612947e-05,0.29873108863830566
8775,-2.522822380065918,1.3271298031822734,0.20075589418411255,-1.1137973744853444,0.004380587488412857,0.004223601892590523,0.003389289346523583,0.0037897579604759812,0.004667869536206126,0.005489771161228419,0.00630384206306189,0.0,0.03125,0.75,0.21875,0.0,0.0036776646345188313,0.0,,3.254472494125366,3.053573848792077e-05,6.107147697584154e-05,0.2965972423553467
8800,-2.8784966468811035,0.6212592489703115,0.1862642765045166,-2.181253828884799,0.004247221164405346,0.004180477000772953,0.003230982134118676,0.0037907290970906615,0.004622773849405348,0.005412650061771274,0.005611628084443509,0.0,0.046875,0.8125,0.140625,0.0,0.0035371796530464916,0.0,0.078125,0.8211972117424011,3.0157126270686296e-05,6.031425254137259e-05,2.5056979656219482
8825,-2.859232187271118,2.211464226483808,0.2206425815820694,-0.5577602980141778,0.004573507234454155,0.004363885149359703,0.003563077631406486,0.0039913327200338244,0.004988981876522303,0.0057938093785196544,0.0064047303283587065,0.0,0.015625,0.734375,0.25,0.015625,0.0036810969509493605,0.015625,,0.6854448318481445,2.9780284373323364e-05,5.956056874664673e-05,0.2947986125946045
8850,-2.884526252746582,0.5716218834349948,0.1956588476896286,-2.233088430242793,0.004341317806392908,0.004318417049944401,0.003401182941161096,0.0036619180464185774,0.004914027871564031,0.00538392486050725,0.0057807939359918225,0.0,0.03125,0.734375,0.234375,0.0,0.003584212998725228,0.0,,1.6854978799819946,2.9405227672904825e-05,5.881045534580965e-05,0.29446935653686523
8875,-2.856302261352539,0.5535111371573997,0.202140212059021,-2.220331212491076,0.0043969834223389626,0.0042215078137815,0.0033162002917379143,0.003744875837583095,0.005201557069085538,0.005645956797525287,0.00579322325065732,0.0,0.046875,0.65625,0.296875,0.0,0.0036544713110944716,0.0,,1.299325942993164,2.9031970976026982e-05,5.8063941952053964e-05,0.2972888946533203
8900,-2.861048698425293,0.6717616880023296,0.19998027384281158,-2.1077082118308725,0.004357651807367802,0.0041388776153326035,0.00331296706572175,0.0036128644132986665,0.004835779778659344,0.005731150088831782,0.0063612856669351455,0.0,0.046875,0.71875,0.234375,0.0,0.003594764879227923,0.0,0.046875,2.153573989868164,2.8660529018225134e-05,5.732105803645027e-05,2.473677396774292
8925,-2.8658382892608643,0.597376888499146,0.1855267584323883,-2.1927786861802288,0.004234150983393192,0.004162826109677553,0.003182230331003666,0.0036728946724906564,0.004703890183009207,0.0052498391363769775,0.00550253486726433,0.0,0.0625,0.765625,0.171875,0.0,0.003471438667443338,0.0,,1.669956922531128,2.8290916463391774e-05,5.658183292678355e-05,0.3000478744506836
8950,-2.6576786041259766,0.7132288351037479,0.21229180693626404,-1.857848675610783,0.004500529263168573,0.004362733568996191,0.003360616508871317,0.0038871020660735667,0.005007116007618606,0.005750544602051377,0.005946830892935395,0.0,0.03125,0.71875,0.25,0.0,0.003665446929126265,0.015625,,2.5321269035339355,2.7923147903197668e-05,5.5846295806395336e-05,0.2997121810913086
8975,-2.852412462234497,0.8333259002967198,0.20623090863227844,-1.9349579138950985,0.004385102540254593,0.004213071893900633,0.00323066720739007,0.0035745499772019684,0.004790352308191359,0.00573431383818388,0.006022607628256083,0.0,0.03125,0.78125,0.1875,0.015625,0.003720163963233648,0.015625,,1.2193762063980103,2.7557237856515856e-05,5.511447571303171e-05,0.2994668483734131
9000,-2.8832716941833496,0.9474068458842182,0.21817409992218018,-1.8468641687465763,0.004484173841774464,0.004405737388879061,0.003205790952779353,0.0036527830525301397,0.004974063369445503,0.005587458936497569,0.006473138602450485,0.0,0.03125,0.71875,0.25,0.03125,0.0038102863898761235,0.03125,0.078125,1.0952411890029907,2.7193200768848448e-05,5.4386401537696895e-05,2.796475648880005
9025,-2.8784494400024414,0.6120001862377797,0.18468844890594482,-2.19110851338199,0.004202630370855331,0.0041265180334448814,0.003133352124132216,0.0035697899875231087,0.004818507237359881,0.005446311552077532,0.005539462529122829,0.0,0.09375,0.703125,0.203125,0.0,0.003487500440347991,0.0,,1.045056700706482,2.6831051011756323e-05,5.3662102023512647e-05,0.2958712577819824
9050,-2.897158145904541,0.5097560868358707,0.1697128415107727,-2.3181703849935436,0.004061223939061165,0.003960855305194855,0.003198873158544302,0.003597770817577839,0.004553673206828535,0.0049800002481788395,0.0052613872569054355,0.0,0.03125,0.875,0.09375,0.0,0.003354113111772666,0.0,,1.2090541124343872,2.647080288229181e-05,5.294160576458362e-05,0.29805564880371094
9075,202.92550659179688,412.46951382534286,0.18564097583293915,615.4707497202016,0.004219616763293743,0.004136286675930023,0.003229770134203136,0.0035595906665548682,0.0048374555772170424,0.0054775256197899585,0.0055249076103791595,0.0,0.078125,0.734375,0.1875,0.0,0.003515794196286362,0.0,,142.65081787109375,2.6112470602434256e-05,5.222494120486851e-05,0.3009636402130127
9100,-2.879812240600586,0.604400293454324,0.1868208646774292,-2.1992013216765773,0.004264242947101593,0.004210725426673889,0.003386542038060725,0.003715863509569317,0.004814739222638309,0.005297903576865793,0.005418489337898791,0.0,0.0,0.8125,0.1875,0.0,0.003479287518459724,0.0,0.046875,1.2749778032302856,2.575606831852839e-05,5.151213663705678e-05,2.365661382675171
9125,-2.8823204040527344,0.6184885423741596,0.18731975555419922,-2.1874177235998853,0.004223129712045193,0.004106559790670872,0.0033289252314716578,0.003611043910495937,0.004644726286642253,0.005585838621482253,0.005852859350852667,0.0,0.0625,0.75,0.1875,0.0,0.0035527731933983446,0.0,,0.9983319044113159,2.5401610100726256e-05,5.080322020145251e-05,0.2964291572570801
9150,-2.902101993560791,0.5486104850866051,0.18837720155715942,-2.276646004130676,0.004271655809134245,0.004339974839240313,0.0031866783974692225,0.003776634344831109,0.004807145451195538,0.005181910563260317,0.005427572620101273,0.0,0.046875,0.78125,0.171875,0.0,0.0035375391054612727,0.0,,0.9772787690162659,2.5049109942431275e-05,5.009821988486255e-05,0.2988605499267578
9175,-2.8750643730163574,0.6982313880506608,0.1879936158657074,-2.1001439577158836,0.0042754607275128365,0.004305207170546055,0.0033931453712284566,0.0036632383707910776,0.004759640316478908,0.005138084618374705,0.005380144575610757,0.0,0.0,0.84375,0.15625,0.0,0.0035055394957869755,0.0,,1.3960654735565186,2.4698581759746137e-05,4.939716351949227e-05,0.303149938583374
9200,-2.8969030380249023,0.6134752407972288,0.21090495586395264,-2.1973924487526943,0.00442270003259182,0.00433536060154438,0.0031737644458189607,0.003816315729636699,0.004788521560840309,0.005235162237659097,0.006375369057059287,0.0,0.09375,0.734375,0.171875,0.03125,0.0036787808019072615,0.03125,0.09375,1.5650056600570679,2.435003939092331e-05,4.870007878184662e-05,2.5741770267486572
9225,-2.8615877628326416,2.576688370568124,0.2081076204776764,-0.200005174713763,0.004442933015525341,0.0042862421832978725,0.0035336931236088277,0.0038381542544811964,0.004841954563744366,0.005336342891678214,0.005580926197580992,0.0,0.03125,0.765625,0.203125,0.015625,0.0036330654503519814,0.015625,,1.4695185422897339,2.40034965958187e-05,4.80069931916374e-05,0.30462169647216797
9250,-2.8722445964813232,0.679757110135824,0.21152649819850922,-2.106198587162226,0.004439186304807663,0.004300964996218681,0.0033300812821835278,0.0037081678165122867,0.0046712427865713835,0.005533835478127003,0.006360445753671228,0.0,0.046875,0.765625,0.1875,0.015625,0.0037126663328826584,0.046875,,0.86646568775177,2.36589670553485e-05,4.7317934110697e-05,0.30077409744262695
9275,-2.8913750648498535,0.6191253229718663,0.1935480833053589,-2.1932948589581986,0.004312936682254076,0.004248720593750477,0.003310898505151272,0.0038444927195087075,0.0046718408120796084,0.005104028014466166,0.005767324822954833,0.0,0.078125,0.75,0.171875,0.0,0.003563245816476671,0.0,,1.0347678661346436,2.3316464370949024e-05,4.663292874189805e-05,0.3005387783050537
9300,-2.8563122749328613,0.7696114585177065,0.2149226814508438,-1.9990264966710445,0.004485331475734711,0.00441366620361805,0.0030865426175296306,0.0036880956031382084,0.0048190002562478185,0.005920270970091224,0.006521641951985657,0.0,0.078125,0.6875,0.234375,0.0,0.003795335030624261,0.0,0.140625,0.9815077781677246,2.2976002064039787e-05,4.5952004128079575e-05,2.734687328338623
9325,-2.8704299926757812,1.5855375639531044,0.21195510029792786,-1.198428694215116,0.004470158834010363,0.004315908066928387,0.0034960284596309067,0.0038692487287335098,0.004939071950502694,0.005681752413511276,0.006052803923375903,0.0,0.0625,0.703125,0.234375,0.015625,0.0037392330301180433,0.015625,,0.7417302131652832,2.2637593575489664e-05,4.527518715097933e-05,0.29862260818481445
9350,-2.8933181762695312,0.5843117300378752,0.20130223035812378,-2.2268883746159602,0.00440179044380784,0.004432353191077709,0.003390947892330587,0.003798031946644187,0.004929448943585157,0.005387521767988801,0.005570641113445162,0.0,0.046875,0.765625,0.1875,0.0,0.003664998705046722,0.0,,0.9247832298278809,2.2301252265086433e-05,4.4602504530172866e-05,0.30298423767089844
9375,-2.865015983581543,0.7888618942119607,0.18724164366722107,-1.9997718174241057,0.004183382727205753,0.003999009728431702,0.0030771818244829776,0.0035973068443126976,0.004583081579767168,0.005287806037813425,0.0058275991119444365,0.0,0.078125,0.765625,0.15625,0.015625,0.003577150999816249,0.015625,,1.1685596704483032,2.1966991411009053e-05,4.3933982822018107e-05,0.3018324375152588
9400,-2.4472837448120117,1.477137678935538,0.19269415736198425,-0.891539527401914,0.004290987737476826,0.004185639321804047,0.0031858962727710606,0.003607809543609619,0.004793984815478325,0.00543928942643106,0.006095929630100725,0.0,0.046875,0.75,0.203125,0.0,0.003596081065421996,0.0,0.078125,1.5328134298324585,2.1634824209303716e-05,4.326964841860743e-05,2.5086147785186768
9425,-2.8682665824890137,1.029723080145839,0.2154332548379898,-1.7506609090690581,0.004453039728105068,0.004204704426229,0.003104633535258472,0.0036586711066775024,0.005090266233310103,0.005741750868037344,0.006520010577514765,0.0,0.078125,0.65625,0.265625,0.015625,0.0036061277085261308,0.03125,,1.4050779342651367,2.130476377336277e-05,4.260952754672554e-05,0.2977578639984131
9450,-2.8764548301696777,0.8390148019040828,0.19755834341049194,-1.95684922136414,0.004320807754993439,0.004194407723844051,0.003086051414720714,0.003682940674480051,0.004948281450197101,0.0055569192394614225,0.005850751860998571,0.0,0.09375,0.6875,0.21875,0.0,0.0035748566892962867,0.0,,1.2012990713119507,2.0976823133407084e-05,4.195364626681417e-05,0.2988104820251465
9475,-2.8676352500915527,0.7772944654850699,0.18953092396259308,-2.013024634537246,0.004218841437250376,0.004021113738417625,0.003180098463781178,0.0036807360593229532,0.004535821150057018,0.00523157105781138,0.005626017204485833,0.0,0.0625,0.78125,0.15625,0.015625,0.0034591088993541686,0.015625,,0.637077271938324,2.06510152359716e-05,4.13020304719432e-05,0.29379796981811523
9500,-2.843083620071411,0.8880584816067714,0.22481459379196167,-1.8633155693680745,0.004549790173768997,0.004351224284619093,0.0032597476849332454,0.0037085492513142526,0.005003261961974204,0.006012368435040117,0.006563315703533588,0.0,0.0625,0.6875,0.25,0.015625,0.003842420624782343,0.03125,0.140625,1.1625584363937378,2.0327352943394244e-05,4.065470588678849e-05,2.6151304244995117
9525,-2.889381170272827,0.5261117214478345,0.17557522654533386,-2.2916463022910265,0.004111718386411667,0.003936369903385639,0.003019221150316298,0.0036425957223400474,0.004674884025007486,0.005437862826511264,0.0055197715293616055,0.0,0.09375,0.71875,0.1875,0.0,0.003388428064380667,0.0,,1.0304533243179321,2.0005849033308115e-05,4.001169806661623e-05,0.30094051361083984
9550,-2.862450122833252,0.6256472754309995,0.21666213870048523,-2.1484189492632524,0.004564431495964527,0.004550536163151264,0.003418285818770528,0.003832014510408044,0.005010924185626209,0.0058173988945782185,0.005896640429273248,0.0,0.0,0.734375,0.265625,0.0,0.0036953617228726657,0.0,,0.802250325679779,1.9686516198137072e-05,3.9373032396274144e-05,0.2982218265533447
9575,-2.8961782455444336,0.553219249934624,0.18993063271045685,-2.265479789584209,0.004262495320290327,0.0041900216601789,0.0032857068115845324,0.00352961930911988,0.004728109575808048,0.005171591648831964,0.005710358172655106,0.0,0.0,0.890625,0.109375,0.0,0.003518940801664478,0.0,,1.2155380249023438,1.9369367044594666e-05,3.873873408918933e-05,0.3018827438354492
9600,-2.8549675941467285,1.0282467487184288,0.18100953102111816,-1.7528808605941055,0.004087626934051514,0.003972422797232866,0.0027943738969042897,0.003370666177943349,0.004608621820807457,0.0052937142085284,0.005415090476162732,0.0,0.171875,0.671875,0.15625,0.015625,0.0035185852384169193,0.0,0.078125,0.7402799725532532,1.9054414093186445e-05,3.810882818637289e-05,2.4927473068237305
9625,-2.8364787101745605,0.6613029556476813,0.18646058440208435,-2.09911209921005,0.004261163529008627,0.004232962150126696,0.003433110355399549,0.0037801165017299354,0.004720224649645388,0.0052163913846015935,0.005421076784841716,0.0,0.015625,0.859375,0.125,0.0,0.003538782789133384,0.0,,0.8734046220779419,1.874166977771564e-05,3.748333955543128e-05,0.3037378787994385
9650,-2.8645756244659424,0.5794389295736865,0.20158988237380981,-2.202901284082739,0.0043885111808776855,0.004319224040955305,0.0031030834652483463,0.0037958764005452394,0.005101851304061711,0.005459251441061497,0.005985446670092641,0.0,0.078125,0.625,0.296875,0.0,0.0035961058901920733,0.0,,1.237594485282898,1.843114644479231e-05,3.686229288958462e-05,0.2951815128326416
9675,-2.8934295177459717,0.647804060845497,0.18496838212013245,-2.1701705214689944,0.004220159724354744,0.004259161651134491,0.00319587723352015,0.0036545522161759436,0.004704509279690683,0.00539015419781208,0.005710850842297076,0.0,0.0625,0.75,0.1875,0.0,0.0034765394705202277,0.0,,0.9853314161300659,1.812285635334596e-05,3.624571270669192e-05,0.30089807510375977
9700,-2.901573657989502,0.491500787598944,0.16761274635791779,-2.341697893874788,0.004020749591290951,0.003935048822313547,0.003027811017818749,0.003559458418749273,0.0045252530835568905,0.004991184454411268,0.00526787145063281,0.0,0.09375,0.796875,0.109375,0.0,0.0033378341443748498,0.0,0.0625,0.9107657074928284,1.7816811674141524e-05,3.563362334828305e-05,2.4280714988708496
9725,-2.89536190032959,0.612573789492853,0.20297959446907043,-2.1999857853496,0.004386452492326498,0.004310718737542629,0.003411427163518965,0.003795226104557514,0.0047775988932698965,0.0056548560038208965,0.006017812783829867,0.0,0.03125,0.765625,0.203125,0.015625,0.0036568970640112166,0.0,,0.7911078333854675,1.751302448929886e-05,3.502604897859772e-05,0.30027127265930176
9750,-2.8616437911987305,1.3414629515434857,0.19573183357715607,-1.4403351280663852,0.004274820443242788,0.004134963732212782,0.003243323578499258,0.00377229368314147,0.004551478079520166,0.005058829067274929,0.005610278970561921,0.0,0.078125,0.796875,0.125,0.015625,0.003528927373884554,0.015625,,0.879221498966217,1.721150679181589e-05,3.442301358363178e-05,0.2960972785949707
9775,-2.83272123336792,0.6365316256123559,0.18759824335575104,-2.1196618632239326,0.004271150100976229,0.0041878717020154,0.0033148951129987835,0.003738121420610696,0.004731634398922324,0.005262868292629719,0.005420546885579824,0.0,0.03125,0.765625,0.203125,0.0,0.0035654373972097827,0.0,,1.2786966562271118,1.6912270485095056e-05,3.382454097019011e-05,0.3005070686340332
9800,-2.8727123737335205,0.5488308725250428,0.18749433755874634,-2.247396143029862,0.004256161395460367,0.004260741174221039,0.003369803773239255,0.0035451033618301153,0.004791703773662448,0.005227345274761319,0.005630076210945844,0.0,0.046875,0.765625,0.1875,0.0,0.0035118170168117924,0.0,0.125,1.164467453956604,1.6615327382473333e-05,3.323065476494667e-05,2.3108105659484863
9825,-2.8689537048339844,0.64114344447219,0.19002293050289154,-2.1502934065524375,0.0042492421343922615,0.00417728628963232,0.0031570513732731343,0.0034251786419190466,0.004871682729572058,0.005517263570800424,0.0058846163330599655,0.0,0.0625,0.703125,0.234375,0.0,0.0035670937181161025,0.0,,0.7299191951751709,1.6320689206755973e-05,3.2641378413511946e-05,0.29908227920532227
9850,-2.868699312210083,0.769788664196946,0.2139933556318283,-2.01161543616154,0.004461858421564102,0.004354836419224739,0.0030886128079146147,0.003694881103001535,0.004977868054993451,0.005797880236059427,0.006411562883295117,0.0,0.09375,0.65625,0.25,0.015625,0.0038304459630571506,0.015625,,0.6173833608627319,1.602836758975367e-05,3.205673517950734e-05,0.301224946975708
9875,-2.8903863430023193,0.5591300938331937,0.1969919353723526,-2.2508964996731424,0.0042976923286914825,0.00420914962887764,0.0030386092606931926,0.003609758277889341,0.004841977963224053,0.005313116591423751,0.00643698454368859,0.0,0.078125,0.734375,0.1875,0.0,0.003676423034529548,0.0,,0.9716684222221375,1.5738374071823275e-05,3.147674814364655e-05,0.3006136417388916
9900,-2.8839735984802246,0.6356330146548231,0.1831570863723755,-2.1736245373728793,0.004167849197983742,0.004226220306009054,0.0029353992780670525,0.003475635312497616,0.004943078383803368,0.005351381190121174,0.005597713077440857,0.0,0.109375,0.671875,0.21875,0.0,0.0034965424292778503,0.0,0.140625,1.1596338748931885,1.5450720101412408e-05,3.0901440202824815e-05,2.442808151245117
9925,-2.90122127532959,0.5425115940914701,0.20178547501564026,-2.2763944821609905,0.004371704533696175,0.004228896461427212,0.003184138354845345,0.0036616201978176832,0.004953820141963661,0.00551806460134685,0.005934800510294736,0.0,0.046875,0.703125,0.25,0.0,0.0036328886344540842,0.0,,1.013880968093872,1.5165417034607246e-05,3.033083406921449e-05,0.300947904586792
9950,-2.8686769008636475,0.6053769432195069,0.18558725714683533,-2.1875925667397143,0.004204940050840378,0.004165561869740486,0.0030905859312042594,0.003437555569689721,0.004703930811956525,0.005508551700040699,0.005727918702177703,0.0,0.0625,0.765625,0.171875,0.0,0.003531329667467478,0.0,,1.3660653829574585,1.488247613468433e-05,2.976495226936866e-05,0.3008308410644531
9975,-2.8706512451171875,0.6092095838949189,0.17978593707084656,-2.1881008280351653,0.0041552321054041386,0.003992394544184208,0.0031176083954051136,0.0037249806337058544,0.004593483521603048,0.005055042589083314,0.0055786930723115795,0.0,0.078125,0.796875,0.125,0.0,0.003473055388071354,0.0,,1.216435194015503,1.4601908571665921e-05,2.9203817143331842e-05,0.3000359535217285
10000,-2.8721137046813965,0.8504305938792727,0.20320174098014832,-1.9387901639031866,0.00438481941819191,0.004224172793328762,0.003283149236813188,0.0038630857598036528,0.004728303989395499,0.005462567508220673,0.005838804761879145,0.0,0.046875,0.75,0.203125,0.015625,0.0036930349536490586,0.0,0.09375,1.0632389783859253,1.4323725421879013e-05,2.8647450843758026e-05,2.8024051189422607
10025,-2.840090751647949,2.7448811222365457,0.21981194615364075,-0.005540811593238715,0.004457815550267696,0.004088354762643576,0.0031448516761884092,0.0035288096987642348,0.005051807500422001,0.005456037167459726,0.007397774490527802,0.0,0.0625,0.65625,0.28125,0.03125,0.003907696202496187,0.03125,,1.4123903512954712,1.4047937667518018e-05,2.8095875335036037e-05,0.30266880989074707
10050,-2.8424673080444336,0.9249706783994254,0.20926624536514282,-1.8321297696129266,0.004468271508812904,0.004406621679663658,0.0034687701612710954,0.0038393639260903,0.0048142652958631516,0.005571081303060055,0.0060316233430057755,0.0,0.015625,0.8125,0.171875,0.015625,0.0036603263397641593,0.0,,0.920098066329956,1.3774556196211267e-05,2.7549112392422534e-05,0.2993147373199463
10075,-2.8530170917510986,0.5800326998370573,0.17989224195480347,-2.1996001888972834,0.004170374013483524,0.004084156360477209,0.003219601698219776,0.003667958080768585,0.004794398555532098,0.005158834625035524,0.005410912656225263,0.0,0.046875,0.8125,0.140625,0.0,0.0034596503250950987,0.0,,0.8464652895927429,1.3503591800591147e-05,2.7007183601182293e-05,0.2976064682006836
10100,-2.89044189453125,0.6612824862544129,0.2123112678527832,-2.142550379997056,0.004475866910070181,0.004374024458229542,0.0033172064926475287,0.0037242036778479815,0.0051053325878456235,0.0053709552623331545,0.005904591782018541,0.0,0.0,0.71875,0.28125,0.015625,0.0037198955289654413,0.015625,0.09375,0.9084712862968445,1.3235055177868001e-05,2.6470110355736003e-05,2.7625443935394287
10125,-2.8904523849487305,0.6317243166288669,0.1963510364294052,-2.1786297596970265,0.004357844591140747,0.004225532524287701,0.0033248388208448887,0.0038285107002593577,0.004951491602696478,0.005386610934510827,0.005665142298676073,0.0,0.03125,0.75,0.21875,0.0,0.003604331947435508,0.0,,0.8220925331115723,1.2968956929407935e-05,2.593791385881587e-05,0.2948176860809326
10150,-2.880634307861328,0.7011786479415577,0.19230127334594727,-2.101009390884431,0.004310269840061665,0.0042619891464710236,0.003409914206713438,0.003679505083709955,0.004625621717423201,0.0055567474570125345,0.005896973400376736,0.0,0.03125,0.765625,0.203125,0.0,0.003562035042758523,0.0,,1.568598747253418,1.2705307560314112e-05,2.5410615120628223e-05,0.299208402633667
10175,-2.8235926628112793,0.6745109783084944,0.18087834119796753,-2.0752952171890184,0.004160353448241949,0.004191432148218155,0.003171886899508536,0.0034126219688914716,0.004868284915573895,0.005202961154282093,0.005423270119354128,0.0,0.078125,0.703125,0.21875,0.0,0.0034564190541092566,0.0,,1.0915594100952148,1.2444117479012214e-05,2.4888234958024428e-05,0.2971644401550293
10200,-2.866953134536743,0.6131498184813273,0.17769792675971985,-2.1813142481433143,0.004141850396990776,0.004101612139493227,0.0034149281214922666,0.003628423670306802,0.004564463393762708,0.005049429181963205,0.0055994596099480974,0.0,0.03125,0.84375,0.125,0.0,0.003413029890341783,0.0,0.046875,0.701000452041626,1.2185396996839417e-05,2.4370793993678834e-05,2.3310680389404297
10225,-2.8925418853759766,0.8127747754110105,0.19456958770751953,-2.0003955160723916,0.004295620135962963,0.0041489615105092525,0.0033729462884366512,0.0036355386837385595,0.004615207784809172,0.005233197286725044,0.006114228325895962,0.0,0.078125,0.78125,0.140625,0.0,0.0036471974628058622,0.0,,0.9906842708587646,1.192915632763736e-05,2.385831265527472e-05,0.29875969886779785
10250,-2.914207696914673,0.5303027792534641,0.17298980057239532,-2.313336460415382,0.004094345960766077,0.003955950029194355,0.003241093852557242,0.003532696340698749,0.00457222736440599,0.005137103470042348,0.005301381531171501,0.0,0.046875,0.8125,0.140625,0.0,0.0033885434194887427,0.0,,0.6454575061798096,1.1675405587348909e-05,2.3350811174697818e-05,0.2952425479888916
10275,-2.775806427001953,0.7742437824978755,0.19667932391166687,-1.9213304191455913,0.0043335421942174435,0.004197366070002317,0.003158682701177895,0.003755411133170128,0.0048937961691990495,0.005443931417539715,0.005653322394937277,0.0,0.03125,0.734375,0.234375,0.0,0.003546738869002604,0.0,,0.8654016256332397,1.142415479361881e-05,2.284830958723762e-05,0.29388976097106934
10300,-2.8648455142974854,1.553984398910202,0.21545788645744324,-1.2229684712799416,0.004460291005671024,0.004358602222055197,0.0030417042318731545,0.003476372570730746,0.005060898489318788,0.005832621594890952,0.006287072715349494,0.0,0.09375,0.609375,0.296875,0.015625,0.003760836096345628,0.03125,0.09375,0.9642622470855713,1.117541386539814e-05,2.235082773079628e-05,2.7403266429901123
10325,-2.860950469970703,0.6138434931248371,0.21707475185394287,-2.1585547551900204,0.004503197968006134,0.004316437989473343,0.003254770813509822,0.003738445579074323,0.004891242482699454,0.005822991812601687,0.00702433157712221,0.0,0.03125,0.78125,0.1875,0.015625,0.0037193319876357425,0.015625,,1.0650076866149902,1.0929192622552889e-05,2.1858385245105778e-05,0.30015110969543457
10350,-2.8736839294433594,0.6532275481297167,0.200267493724823,-2.1387604148910846,0.004368983209133148,0.004287833347916603,0.003325301082804799,0.003578852687496692,0.004880354506894946,0.005320327542722225,0.005761460680514572,0.0,0.03125,0.78125,0.1875,0.0,0.0036740922795931745,0.0,,0.8240746259689331,1.0685500785476125e-05,2.137100157095225e-05,0.30036306381225586
10375,-2.867954730987549,0.6659978329872204,0.17705455422401428,-2.129730284240334,0.004132412374019623,0.004119753837585449,0.003043988859280944,0.00370297726476565,0.004584000562317669,0.005071266181766987,0.005368401622399687,0.0,0.09375,0.78125,0.125,0.0,0.003442742057876538,0.0,,0.6169174909591675,1.0444347974704263e-05,2.0888695949408526e-05,0.29829835891723633
10400,-2.872432231903076,0.5661562261742512,0.19058653712272644,-2.228529234452828,0.004263272043317556,0.004158839117735624,0.003169512562453747,0.003505237342324108,0.005007028230465949,0.0054646257776767015,0.005830706283450126,0.0,0.078125,0.65625,0.265625,0.0,0.0035592238910254355,0.0,0.078125,1.2508233785629272,1.0205743710537383e-05,2.0411487421074766e-05,2.4092655181884766
10425,-2.8874642848968506,0.594847448339366,0.1804925501346588,-2.2189877478576667,0.004180680029094219,0.004138803109526634,0.003212159685790539,0.0036705235252156854,0.0046638596104457974,0.0051257025450468065,0.0055020621279254535,0.0,0.046875,0.828125,0.125,0.0,0.003444246816718854,0.0,,0.9415571689605713,9.969697412663272e-06,1.9939394825326543e-05,0.3037586212158203
10450,-2.8750762939453125,0.6672235355535023,0.2001814842224121,-2.126191884203864,0.004324335604906082,0.004176888149231672,0.00318426510784775,0.003616560949012637,0.004796536290086806,0.005380407720804215,0.006330902059562498,0.0,0.0625,0.796875,0.140625,0.0,0.003637945044389653,0.03125,,0.9268398880958557,9.736218399785595e-06,1.947243679957119e-05,0.2975325584411621
10475,-2.868405342102051,0.5939017409361302,0.20238810777664185,-2.191942570181996,0.004423819947987795,0.0042732032015919685,0.0035837623989209534,0.003923439362552017,0.004735009046271443,0.005397409573197365,0.005778841394931077,0.0,0.046875,0.75,0.203125,0.0,0.0036180331659104907,0.0,,0.7124287486076355,9.505315889256016e-06,1.9010631778512033e-05,0.3003673553466797
10500,-2.8829777240753174,0.6358156022294065,0.1890370398759842,-2.1700474429265957,0.004224501550197601,0.004022483713924885,0.0031522287987172603,0.0035280647571198642,0.00459030328784138,0.005316858412697911,0.006303779291920363,0.0,0.046875,0.796875,0.15625,0.0,0.003508985338420202,0.0,0.125,1.1833858489990234,9.276998996710268e-06,1.8553997993420536e-05,2.458134412765503
10525,-2.8516483306884766,0.7085997178938588,0.20348739624023438,-2.060039138815145,0.0044136326760053635,0.0044075907208025455,0.003177882870659232,0.0038273102254606783,0.004857177031226456,0.005386041570454836,0.006104162242263552,0.0,0.078125,0.6875,0.234375,0.0,0.0036568616103465185,0.0,,0.7709187269210815,9.051276735708308e-06,1.8102553471416617e-05,0.29996490478515625
10550,-2.8423094749450684,1.5472445612268417,0.20484161376953125,-1.211503008989814,0.004384374246001244,0.0041790432296693325,0.0032861324027180674,0.003765519359149039,0.004755279864184558,0.0055080506484955554,0.006173868966288862,0.0,0.0625,0.75,0.1875,0.015625,0.0036527157234309475,0.0,,0.9364666938781738,8.82815801737855e-06,1.76563160347571e-05,0.2993628978729248
10575,-2.898622989654541,0.5470952550343402,0.18131130933761597,-2.277564643842804,0.0041989535093307495,0.0041406056843698025,0.003377339243888855,0.0037249401211738586,0.004680914105847478,0.005066483933478594,0.0054115757113322605,0.0,0.046875,0.8125,0.140625,0.0,0.0034733421285887455,0.0,,0.6445927023887634,8.607651650065896e-06,1.7215303300131792e-05,0.29848384857177734
10600,-2.874269962310791,0.661635586410883,0.20673170685768127,-2.128301440387842,0.00444738520309329,0.004372274503111839,0.0034565323498100043,0.0038994228234514594,0.004871607641689479,0.005586069915443659,0.005876019899733364,0.0,0.046875,0.734375,0.21875,0.0,0.003668985293929249,0.0,0.078125,0.9153828620910645,8.389766338984174e-06,1.6779532677968347e-05,2.3545618057250977
10625,-2.8555197715759277,0.547393497969883,0.1988033652305603,-2.2270275755264586,0.0042933207005262375,0.004149658139795065,0.0031431336887180806,0.003644675947725773,0.004619676154106855,0.005257462803274394,0.006165652093477546,0.0,0.09375,0.78125,0.125,0.015625,0.003512379275037941,0.015625,,0.9970007538795471,8.174510685872442e-06,1.6349021371744884e-05,0.29819750785827637
10650,-2.8365917205810547,0.8007286998658003,0.19638775289058685,-1.9557497364254175,0.004347959998995066,0.00437602074816823,0.0033761420752853157,0.0037673303158953786,0.00482373998966068,0.005335957882925868,0.005712411948479711,0.0,0.03125,0.78125,0.1875,0.0,0.0036401704612793696,0.0,,1.4686440229415894,7.961893188655242e-06,1.5923786377310484e-05,0.296600341796875
10675,-2.8586578369140625,0.6310939381376659,0.21593475341796875,-2.1394767274602495,0.0044898721389472485,0.004341749008744955,0.0033214005408808587,0.00376241747289896,0.0051918786484748125,0.005667535495012999,0.005872471584007144,0.0,0.0625,0.65625,0.28125,0.015625,0.0036704374161107855,0.015625,,1.0240577459335327,7.751922241107349e-06,1.5503844482214697e-05,0.2984142303466797
10700,-2.902867317199707,0.5559131548881976,0.16752389073371887,-2.2786154328703434,0.004026648122817278,0.0038891066797077656,0.0032414209097623827,0.0034727685269899666,0.0045189171796664596,0.005067144380882383,0.005328331352211535,0.0,0.0625,0.8125,0.125,0.0,0.0033208894450011328,0.0,0.046875,0.5015687942504883,7.544606132522208e-06,1.5089212265044416e-05,2.4425923824310303
10725,-2.8771748542785645,0.6491533992114996,0.2101326286792755,-2.142301161843207,0.0044763218611478806,0.004445561673492193,0.003294418612495065,0.003830445872154087,0.004929357673972845,0.005490544904023409,0.0062372423242777544,0.0,0.0625,0.703125,0.234375,0.0,0.0037301134377659443,0.0,,0.8479976654052734,7.3399530473848076e-06,1.4679906094769615e-05,0.3000354766845703
10750,-2.8496508598327637,1.1156554385465065,0.20430326461791992,-1.6506531298715195,0.0043909428641200066,0.004246640484780073,0.003347869263961911,0.0037051968392916024,0.004781000199727714,0.0055898919235914946,0.005759889120236038,0.0,0.015625,0.78125,0.203125,0.015625,0.003678313359265181,0.015625,,0.7990103363990784,7.137971065048568e-06,1.4275942130097135e-05,0.3029165267944336
10775,411.3648681640625,829.2891270663338,0.1996273547410965,1240.7354300614195,0.004370429553091526,0.004260865971446037,0.0031709424452856182,0.003663215902633965,0.004953786847181618,0.005498172482475638,0.0057589243398979304,0.0,0.03125,0.734375,0.234375,0.0,0.0036115068811609203,0.015625,,168.78411865234375,6.938668159416251e-06,1.3877336318832502e-05,0.2984151840209961
10800,-2.906035900115967,0.5438883200954833,0.18309029936790466,-2.287458780341204,0.004204068798571825,0.00415890384465456,0.0033577375346794725,0.0036008263123221695,0.004720343509688973,0.005143558094277978,0.005415689083747566,0.0,0.046875,0.765625,0.1875,0.0,0.0034582059959806285,0.0,0.0625,0.9017724394798279,6.742052198625333e-06,1.3484104397250666e-05,2.281810998916626
10825,-2.866194248199463,0.6448002747180641,0.19989748299121857,-2.139848948371154,0.004394472576677799,0.004372856579720974,0.0033963262336328625,0.0038933948962949216,0.004890927346423268,0.005483148153871298,0.005935015855357049,0.0,0.03125,0.75,0.21875,0.0,0.003640801927498524,0.0,,0.5845964550971985,6.548130944737309e-06,1.3096261889474618e-05,0.29784059524536133
10850,-2.8635811805725098,0.6526249631273888,0.19757598638534546,-2.1303582132828094,0.004330688156187534,0.004268137738108635,0.0032723929965868593,0.0037451329990290105,0.004686528001911938,0.005095693422481418,0.005751566169783471,0.0,0.03125,0.84375,0.125,0.015625,0.0035933149946505982,0.015625,,0.9447828531265259,6.3569120534311996e-06,1.2713824106862399e-05,0.2979006767272949
10875,-2.90193772315979,0.5539357999603549,0.19233667850494385,-2.2695412074883183,0.004298672080039978,0.004191308747977018,0.003246279782615602,0.003746598435100168,0.004909189068712294,0.005291472468525171,0.005583638395182788,0.0,0.046875,0.75,0.203125,0.0,0.0036113951602302196,0.0,,0.6695189476013184,6.168403073701446e-06,1.2336806147402893e-05,0.29987359046936035
10900,-2.894961357116699,2.3032485239669978,0.19539892673492432,-0.512002923293382,0.004266781732439995,0.004043081775307655,0.003151600598357618,0.00350886961678043,0.004722088226117194,0.005352739477530122,0.005605419189669191,0.0,0.03125,0.796875,0.171875,0.015625,0.0035297242022484104,0.015625,0.140625,0.9640655517578125,5.982611447559736e-06,1.1965222895119472e-05,2.027153730392456
10925,-2.8737645149230957,0.6614836132529925,0.22258616983890533,-2.1214803853627493,0.004545710049569607,0.004154536873102188,0.0032281584339216352,0.003663289942778647,0.005127134500071406,0.006308507500216366,0.00689194076694548,0.0,0.015625,0.6875,0.296875,0.015625,0.00392707748583363,0.0,,0.5857550501823425,5.799544509741396e-06,1.1599089019482792e-05,0.30206966400146484
10950,-2.8748044967651367,0.7629656029291682,0.2081715166568756,-2.0269186067037053,0.004447595681995153,0.004249882884323597,0.0033012796891853215,0.003809662477578968,0.005067954771220684,0.006026569101959468,0.006233379570767283,0.0,0.0625,0.671875,0.265625,0.0,0.003690816464253847,0.0,,1.0725831985473633,5.619209487415669e-06,1.1238418974831339e-05,0.3003702163696289
10975,-2.8546700477600098,0.6678833588744061,0.20508328080177307,-2.1031261980747327,0.004375975579023361,0.00413548294454813,0.003301669587381184,0.0036256558378227055,0.004637722857296467,0.005834518000483514,0.006416157190687953,0.0,0.03125,0.78125,0.1875,0.015625,0.003655169106596938,0.015625,,0.8480265140533447,5.441613499900417e-06,1.0883226999800834e-05,0.29581594467163086
11000,-2.899250030517578,0.538928626636921,0.1919485330581665,-2.2820190279083863,0.004308458883315325,0.0041396962478756905,0.003375094849616289,0.003888585662934929,0.004963518003933132,0.005426695384085179,0.005618541222065687,0.0,0.046875,0.71875,0.234375,0.0,0.003593748153309707,0.0,0.046875,0.6021962761878967,5.266763558381161e-06,1.0533527116762322e-05,4.039277076721191
11025,-2.867588520050049,0.5977095473702565,0.17991796135902405,-2.1964842792455537,0.004142826423048973,0.0040504238568246365,0.003233062755316496,0.0034854376572184265,0.004540190799161792,0.004885107837617398,0.0055739741073921305,0.0,0.0625,0.84375,0.09375,0.0,0.0034380703386509585,0.0,,1.3337174654006958,5.094666565634189e-06,1.0189333131268378e-05,0.3037252426147461
11050,-2.8880434036254883,0.621222162112575,0.20401626825332642,-2.183596021071095,0.004365415778011084,0.004177953582257032,0.0032836787402629854,0.0036290542338974774,0.004772804561071098,0.0054901091847568756,0.00598664921708405,0.0,0.046875,0.796875,0.15625,0.015625,0.0035961379218756966,0.015625,,0.7538661360740662,4.92532931575411e-06,9.85065863150822e-06,0.29906177520751953
11075,-2.881117820739746,0.6982066387578023,0.19562840461730957,-2.103107663031005,0.00427569355815649,0.004081233404576778,0.00327974664978683,0.00363529147580266,0.004725872888229787,0.005277362512424589,0.005875975871458649,0.0,0.0625,0.796875,0.140625,0.015625,0.003562805988117495,0.015625,,0.6196947693824768,4.758758493885597e-06,9.517516987771194e-06,0.29854249954223633
11100,-2.8870017528533936,0.5729437069684129,0.18907198309898376,-2.236929114004983,0.004272522404789925,0.004156186245381832,0.0032190840924158693,0.0038077672943472862,0.004671088536269963,0.005363979004323483,0.005581254581920802,0.0,0.03125,0.8125,0.15625,0.0,0.0035315467713864027,0.0,0.03125,0.5687563419342041,4.594960675959454e-06,9.189921351918909e-06,2.6133780479431152
11125,-2.888498306274414,0.7001709863388145,0.192962184548378,-2.10961144419078,0.004287146031856537,0.004300543572753668,0.0030913252849131823,0.0036873265053145587,0.00480788922868669,0.005223694024607539,0.006372550595551724,0.0,0.0625,0.75,0.1875,0.0,0.003554034416581068,0.0,,0.6923820972442627,4.433942328433099e-06,8.867884656866198e-06,0.2955813407897949
11150,-2.8361692428588867,0.6594668096310887,0.17940513789653778,-2.10351693719556,0.004141761921346188,0.004088550806045532,0.003078485606238246,0.0034519536420702934,0.0045673351269215345,0.005246663000434637,0.005648921662941575,0.0,0.09375,0.734375,0.171875,0.0,0.003481031486320035,0.0,,0.7544143795967102,4.275709808035177e-06,8.551419616070354e-06,0.29950428009033203
11175,-2.89711332321167,0.5688680461471137,0.1849323809146881,-2.252805034178013,0.0042257546447217464,0.004052984528243542,0.0032997788162901997,0.0036105149192735553,0.0047491786535829306,0.005278351856395603,0.005507674324326217,0.0,0.03125,0.78125,0.1875,0.0,0.0034736823891144807,0.0,,0.5695547461509705,4.120269361514639e-06,8.240538723029278e-06,0.30007457733154297
11200,-2.8400769233703613,0.6774213599879143,0.19411036372184753,-2.0834713068884017,0.004328712821006775,0.004243890754878521,0.003501233458518982,0.0037763233995065093,0.0045955454697832465,0.0054064149968326095,0.005905906483530997,0.0,0.015625,0.796875,0.1875,0.0,0.0035602429486982505,0.0,0.09375,0.7365149855613708,3.9676271253941905e-06,7.935254250788381e-06,2.7730236053466797
11225,-2.889529228210449,0.7466621026099485,0.1999945491552353,-2.0612825081049637,0.004338919185101986,0.004280532710254192,0.003021698328666389,0.003562296857126057,0.00488533522002399,0.005482596345245838,0.006022221618331966,0.0,0.109375,0.671875,0.21875,0.0,0.003607598479486502,0.015625,,0.5372056365013123,3.81778912572792e-06,7.63557825145584e-06,0.3045005798339844
11250,-2.8039050102233887,0.94753273723152,0.21793577075004578,-1.7674688160655228,0.004468525294214487,0.004346495494246483,0.003026884887367487,0.0035430201678536832,0.00484858825802803,0.005802672868594527,0.006744673778302965,0.0,0.09375,0.703125,0.203125,0.03125,0.0038336483896496435,0.03125,,1.922159194946289,3.6707612778634918e-06,7.3415225557269835e-06,0.3048825263977051
11275,-2.869333267211914,0.8167950951111423,0.19852149486541748,-1.971554458831538,0.004319611005485058,0.004192096181213856,0.003258259710855782,0.003659674199298024,0.004829335608519614,0.005267701717093587,0.0056174409342929724,0.0,0.0625,0.796875,0.140625,0.015625,0.00356625913182596,0.015625,,0.7928211688995361,3.5265493862085995e-06,7.053098772417199e-06,0.29917192459106445
11300,-2.8758206367492676,1.0016549992675086,0.2055242657661438,-1.7903252598529558,0.004396318458020687,0.00412677600979805,0.003147381194867194,0.0037617249181494117,0.004943798296153545,0.005531195644289256,0.0057599986204877485,0.0,0.078125,0.671875,0.25,0.015625,0.00374768543547288,0.015625,0.015625,0.7086199522018433,3.385159144001784e-06,6.770318288003568e-06,2.909975528717041
11325,-2.8898515701293945,0.6579344384290031,0.1933223009109497,-2.153054352857942,0.004289402160793543,0.004167559091001749,0.00335777192376554,0.0038667460903525352,0.004499738337472081,0.005291758524253965,0.005580220208503306,0.0,0.015625,0.84375,0.140625,0.015625,0.0036253705870634774,0.015625,,0.7118120193481445,3.2465961330877304e-06,6.493192266175461e-06,0.30017685890197754
11350,-2.884572982788086,0.5498976757239027,0.18365409970283508,-2.2597565154124575,0.0041846176609396935,0.004014631733298302,0.00313663799315691,0.0035166190937161446,0.004715229384601116,0.005497946543619037,0.006242098985239859,0.0,0.0625,0.78125,0.15625,0.0,0.003489159388235041,0.0,,0.7627868056297302,3.1108658236968167e-06,6.221731647393633e-06,0.2978038787841797
11375,-2.883802890777588,0.5309927274435958,0.18786248564720154,-2.276174623802284,0.004261615686118603,0.004098209552466869,0.0034712522523477674,0.0037898856098763645,0.004671704373322427,0.0053225831594318155,0.005639013182371854,0.0,0.03125,0.796875,0.171875,0.0,0.003495271354447781,0.015625,,0.7007592916488647,2.977973574229273e-06,5.955947148458546e-06,0.2990226745605469
11400,-2.8819046020507812,0.6113700502619654,0.18292510509490967,-2.195913142611036,0.004175662063062191,0.004111916292458773,0.002996977651491761,0.003527688211761415,0.00479523919057101,0.00536769344471395,0.005656209471635519,0.0,0.109375,0.734375,0.15625,0.0,0.0034987689998470647,0.0,0.09375,0.6939619183540344,2.8479246310435667e-06,5.695849262087133e-06,2.437178373336792
11425,-2.8895070552825928,1.2329797408894183,0.22519616782665253,-1.5646620952173589,0.004582532215863466,0.004320723470300436,0.0033721689134836195,0.003909986815415323,0.0048109699273481965,0.0061512366402894265,0.007037697127088901,0.0,0.03125,0.734375,0.234375,0.015625,0.003824177943077968,0.015625,,0.6367131471633911,2.720724128249275e-06,5.44144825649855e-06,0.300797700881958
11450,-2.885232448577881,0.5391124822213712,0.18767987191677094,-2.2695589251801906,0.0042633600533008575,0.004225527867674828,0.0033759267767891287,0.003712615289259702,0.004684323794208467,0.005316597735509277,0.00541891970206052,0.0,0.03125,0.78125,0.1875,0.0,0.003528368814870291,0.0,,0.8267061114311218,2.5963770875044533e-06,5.1927541750089065e-06,0.2949972152709961
11475,-2.861569404602051,0.7720650122565927,0.19874878227710724,-2.0084279640512763,0.00430747726932168,0.004220106173306704,0.0030884621664881706,0.0035358622553758323,0.00480872334446758,0.005591633403673768,0.006292080390267074,0.0,0.09375,0.6875,0.21875,0.0,0.0036296950369659907,0.0,,0.9886841177940369,2.474888417817377e-06,4.949776835634754e-06,0.29250240325927734
11500,-2.8665413856506348,0.694548654544002,0.190769761800766,-2.094171215606087,0.004253157880157232,0.004170993342995644,0.003092491370625794,0.0035143468994647264,0.0050923541421070695,0.005634772963821888,0.005902648577466607,0.0,0.09375,0.625,0.28125,0.0,0.003569755052622743,0.0,0.140625,0.6765980124473572,2.3562629153526715e-06,4.712525830705343e-06,2.426455497741699
11525,7.420078754425049,21.736097005398218,0.1952495574951172,29.235824738831464,0.00426310021430254,0.004139050841331482,0.0030592142604291437,0.0034509922261349857,0.004874488338828087,0.005301417736336589,0.005746068526059387,0.0,0.078125,0.703125,0.21875,0.015625,0.0036069583782720425,0.015625,,18.19002342224121,2.2405052632420665e-06,4.481010526484133e-06,0.2968318462371826
11550,-2.8615665435791016,2.3540552529367584,0.20755508542060852,-0.4228424680558067,0.004418227821588516,0.004312061704695225,0.0032392200315371155,0.003775029967073351,0.004896335303783417,0.005557517660781742,0.006214362685568629,0.0,0.03125,0.734375,0.234375,0.015625,0.003601832993492868,0.015625,,0.8092671632766724,2.127620031399453e-06,4.255240062798906e-06,0.2981688976287842
11575,-2.860241651535034,0.6270426474641989,0.19396424293518066,-2.1540743522215653,0.00431480910629034,0.004303530789911747,0.0032415810273960233,0.003576620831154287,0.004821576061658561,0.005149349290877581,0.005454129865393042,0.0,0.046875,0.796875,0.15625,0.0,0.0035575269336862066,0.0,,0.6806232929229736,2.0176116763405047e-06,4.035223352681009e-06,0.29815149307250977
11600,-2.8752593994140625,0.6589119770787958,0.1832413375377655,-2.1415970138050313,0.004201107658445835,0.0041306717321276665,0.0033332937164232135,0.0036833075573667884,0.004566053510643542,0.005485517857596279,0.005762529722414911,0.0,0.046875,0.796875,0.15625,0.0,0.003482746993475751,0.0,0.078125,1.1233680248260498,1.9104845410067173e-06,3.820969082013435e-06,2.3751754760742188
11625,-2.8578269481658936,2.644120822089858,0.20297589898109436,-0.1309053130567599,0.004339141771197319,0.004197530448436737,0.003317271312698722,0.0037634093896485865,0.004639306454919279,0.0051468989811837675,0.00546185711864382,0.0,0.046875,0.8125,0.140625,0.03125,0.003624869415511759,0.03125,,0.7925999164581299,1.806242854593952e-06,3.612485709187904e-06,0.2982628345489502
11650,-2.8901469707489014,0.6078228327721391,0.19098633527755737,-2.2044142734914987,0.004273353144526482,0.003999686799943447,0.0032984649296849966,0.0036491936771199107,0.004733199020847678,0.005609867442399264,0.005953495902940631,0.0,0.03125,0.828125,0.140625,0.0,0.0035890012966861844,0.0,,0.6020931005477905,1.7048907323854985e-06,3.409781464770997e-06,0.2983434200286865
11675,-2.871243476867676,0.6282502079713821,0.20303553342819214,-2.1601681297313693,0.004408674314618111,0.004386162385344505,0.003343317611142993,0.003687904914841056,0.005046128528192639,0.0055703956633806236,0.0059053202392533415,0.0,0.046875,0.671875,0.28125,0.0,0.0036210974184913438,0.0,,1.0616357326507568,1.6064321755895952e-06,3.2128643511791904e-06,0.29738354682922363
11700,-2.873861312866211,0.6879074408108914,0.18727514147758484,-2.1095579357450283,0.004241684451699257,0.004326270893216133,0.003088758699595928,0.0036469516344368458,0.0049915051786229014,0.005212278151884675,0.0055391824338585135,0.0,0.09375,0.671875,0.234375,0.0,0.00349965353243285,0.0,0.0625,0.709135115146637,1.5108710711814855e-06,3.021742142362971e-06,2.4981601238250732
11725,-2.8632802963256836,0.7383560431206606,0.1901346892118454,-2.047361809292994,0.0042605334892869,0.004129543900489807,0.003269039117731154,0.003601478529162705,0.00465153600089252,0.0051882389001548295,0.005780593608506024,0.0,0.046875,0.8125,0.140625,0.0,0.0035519661167105706,0.0,,0.8849001526832581,1.4182111917499522e-06,2.8364223834999045e-06,0.2985239028930664
11750,-2.8851265907287598,3.0646499670243585,0.22194285690784454,0.2700614608025873,0.004530754871666431,0.00442160852253437,0.003218666487373412,0.0036873481003567576,0.0050371590768918395,0.00550020644441247,0.006122259330004451,0.0,0.0625,0.671875,0.265625,0.03125,0.003673062686437956,0.015625,,1.1163434982299805,1.3284561953483458e-06,2.6569123906966916e-06,0.2988247871398926
11775,-2.8655524253845215,0.6805153407290436,0.19566945731639862,-2.1052168167993566,0.00431086216121912,0.004059578292071819,0.00331282380502671,0.003610718995332718,0.004883289569988847,0.005394065286964178,0.006215431680902837,0.0,0.03125,0.734375,0.234375,0.0,0.003622275830938123,0.0,,0.6891301870346069,1.2416096253502701e-06,2.4832192507005402e-06,0.29848551750183105
11800,-2.876438856124878,0.6982964224075765,0.1999076008796692,-2.096593280985406,0.004382839426398277,0.00435689277946949,0.0032742926618084312,0.0037661610986106098,0.004840574925765395,0.00539488852955401,0.00607523687649518,0.0,0.03125,0.765625,0.203125,0.0,0.0035757694830224245,0.0,0.171875,0.6384952664375305,1.1576749103095996e-06,2.3153498206191993e-06,2.6061136722564697
11825,-2.8826584815979004,0.5085912750271692,0.17168740928173065,-2.30403003532611,0.00407708715647459,0.0040973518043756485,0.0032249164534732698,0.0035631913924589753,0.004454376641660929,0.00492507922463119,0.005431973841041325,0.0,0.046875,0.859375,0.09375,0.0,0.003355861075348873,0.0,,0.5864148139953613,1.0766553638251464e-06,2.153310727650293e-06,0.30623912811279297
11850,8.479334831237793,24.30421176906855,0.20978803932666779,32.86912632342608,0.00444182101637125,0.004319205414503813,0.003378744958899915,0.003705478913616389,0.004910159623250365,0.005253499047830701,0.005811826442368326,0.0,0.015625,0.765625,0.21875,0.015625,0.003669476429534518,0.03125,,14.65673542022705,9.985541844098975e-07,1.997108368819795e-06,0.3007230758666992
11875,-2.9069716930389404,0.6532378579429795,0.21975624561309814,-2.1640877415486166,0.004563339054584503,0.004503077827394009,0.0034085991559550167,0.003956453292630613,0.00496668613050133,0.005843170359730721,0.006242842809297143,0.0,0.046875,0.734375,0.21875,0.0,0.0037386115782028703,0.0,,0.7347719669342041,9.23374455364676e-07,1.846748910729352e-06,0.3007330894470215
11900,-2.8825793266296387,0.5796880325459703,0.1887422800064087,-2.2258968600846067,0.004279138520359993,0.004331008065491915,0.003301923233084381,0.003707355062942952,0.00473465642426163,0.00512147075496614,0.0057438594289124,0.0,0.03125,0.859375,0.109375,0.0,0.0035189749986236224,0.0,0.078125,0.7117483019828796,8.51119144656454e-07,1.702238289312908e-06,2.5621774196624756
11925,-2.889174699783325,0.6807232181759837,0.22408472001552582,-2.1170396600631713,0.0045898486860096455,0.004463288001716137,0.0031916425563395024,0.003835194918792695,0.005182214546948671,0.005996793834492565,0.006639217003248629,0.0,0.0625,0.640625,0.296875,0.0,0.003843502741804596,0.015625,,0.7047231793403625,7.817911048011807e-07,1.5635822096023614e-06,0.30226755142211914
11950,-2.857860565185547,2.545730881196172,0.23293860256671906,-0.21710605939039507,0.004583737812936306,0.004154868423938751,0.0033302777679637074,0.003598958137445152,0.005018913187086582,0.006093850545585156,0.006989053799770769,0.0,0.03125,0.703125,0.265625,0.046875,0.0039609015264920645,0.046875,,0.6689562201499939,7.153930727511614e-07,1.4307861455023229e-06,0.30077672004699707
11975,333.68023681640625,674.078227337116,0.20719006657600403,1007.842984068805,0.004432087764143944,0.004267587326467037,0.0032249121461063626,0.0036896311794407666,0.005071555380709469,0.005980968056246639,0.006186867156066,0.0,0.0625,0.65625,0.28125,0.0,0.003699297535820793,0.0,,148.22296142578125,6.519276697870144e-07,1.3038553395740287e-06,0.3091697692871094
12000,-2.8542277812957764,0.6242871985469826,0.19081896543502808,-2.15209899538412,0.004292180296033621,0.004256865940988064,0.003304499271325767,0.003743303765077144,0.00475142861250788,0.00543468613177538,0.00573961695190519,0.0,0.015625,0.8125,0.171875,0.0,0.003574054970233446,0.0,0.09375,0.6896848082542419,5.913974014141676e-07,1.1827948028283352e-06,2.708437204360962
12025,-2.890200138092041,0.5767641541484388,0.18639418482780457,-2.237399418937823,0.004228369798511267,0.0041470639407634735,0.0032455435721203685,0.003642838739324361,0.004782127100042999,0.005099195521324873,0.005485886894166468,0.0,0.0625,0.8125,0.125,0.0,0.0034833632525510245,0.0,,0.81601881980896,5.338046572639726e-07,1.0676093145279451e-06,0.29924821853637695
12050,-2.8850479125976562,0.5294972826458004,0.18437620997428894,-2.2803372646950697,0.004212547559291124,0.004188907332718372,0.003039236250333488,0.0035768868401646614,0.005037068156525493,0.005277294712141156,0.005393514130264521,0.0,0.09375,0.640625,0.265625,0.0,0.003485885439152652,0.0,,0.83778977394104,4.791517109993703e-07,9.583034219987406e-07,0.2996056079864502
12075,-2.8653640747070312,0.6606096531790372,0.1955665647983551,-2.124976130242956,0.0043121566995978355,0.004112082999199629,0.003250200254842639,0.0036118896096013486,0.0048934813821688294,0.005540931783616543,0.005691853351891041,0.0,0.046875,0.71875,0.234375,0.0,0.0035718364297515712,0.0,,0.6049902439117432,4.2744072022508073e-07,8.548814404501615e-07,0.29705166816711426
12100,-2.8686816692352295,0.6669979579473118,0.1844242364168167,-2.1264507510041613,0.0041770306415855885,0.004084447398781776,0.003151239617727697,0.0034344815649092197,0.004647996975108981,0.005116266710683703,0.00552511168643832,0.0,0.0625,0.765625,0.171875,0.0,0.0035232336663160928,0.0,0.046875,0.6146526336669922,3.7867372640248703e-07,7.573474528049741e-07,2.4947943687438965
12125,-2.895836114883423,0.577885044455565,0.1906721591949463,-2.2401693708300225,0.004257731605321169,0.004026822745800018,0.003125831950455904,0.0034539017360657454,0.004988017841242254,0.005720698367804289,0.006082241656258701,0.0,0.078125,0.671875,0.25,0.0,0.003548790967040485,0.0,,0.5699623227119446,3.328526547690003e-07,6.657053095380006e-07,0.2999718189239502
12150,-2.884648323059082,0.6098271122120392,0.19007742404937744,-2.197282124505185,0.004285133443772793,0.004170142114162445,0.0033451823750510813,0.003818442055489868,0.004646450630389154,0.005380476778373122,0.005925742932595312,0.0,0.03125,0.8125,0.15625,0.0,0.0035218608172005866,0.0,,0.7011466026306152,2.8997931426206205e-07,5.799586285241241e-07,0.29282093048095703
12175,-2.86633038520813,0.6300808260648364,0.19453118741512299,-2.1568936338217144,0.004288109485059977,0.004258175380527973,0.003334628464654088,0.003634249384049326,0.004612766206264496,0.0054561051074415445,0.006157330027781423,0.0,0.0625,0.8125,0.125,0.015625,0.0036039967359460245,0.0,,1.0403646230697632,2.500553974477597e-07,5.001107948955194e-07,0.2972874641418457
12200,-2.8646788597106934,0.6137057137754152,0.1904638111591339,-2.1732764425608924,0.004285744391381741,0.004213625565171242,0.003337269858457148,0.0037628369755111635,0.004919096711091697,0.00511119426228106,0.005523763597011566,0.0,0.0625,0.71875,0.21875,0.0,0.003517676018964595,0.0,0.09375,0.79415363073349,2.1308248045395478e-07,4.2616496090790957e-07,2.3237557411193848
12225,-2.8863916397094727,0.6091509312366348,0.18829159438610077,-2.2004301250005858,0.004255450330674648,0.004180534742772579,0.0033309350023046137,0.0036464415024966,0.004744444973766804,0.0053672744426876305,0.005783732165582476,0.0,0.046875,0.765625,0.1875,0.0,0.0035325306282245365,0.0,,0.6632797122001648,1.790620229081079e-07,3.581240458162158e-07,0.29813599586486816
12250,4.19942045211792,14.96009710038821,0.21971330046653748,19.24914612973849,0.004550696350634098,0.0044590081088244915,0.003441388695500791,0.003934556501917541,0.004935445263981819,0.005422358913347125,0.006161841144785283,0.0,0.015625,0.75,0.234375,0.015625,0.003803137311983034,0.0,,11.71617603302002,1.4799536787963295e-07,2.959907357592659e-07,0.3010528087615967
12275,-2.8652076721191406,0.6613535976094392,0.20095045864582062,-2.1218795085268827,0.0043922592885792255,0.004256497137248516,0.0033613001462072132,0.003909262944944203,0.004959515295922756,0.005296375369653106,0.005827384162694214,0.0,0.0625,0.703125,0.234375,0.0,0.003643548983162478,0.0,,0.695007860660553,1.1988374182687328e-07,2.3976748365374655e-07,0.29491090774536133
12300,-2.8893094062805176,0.5782095864335799,0.18476830422878265,-2.2357265055258964,0.0042136237025260925,0.004051528871059418,0.0032205845694988967,0.003525691165123135,0.0047924722312018275,0.005448707006871701,0.0057723782490938895,0.0,0.03125,0.8125,0.15625,0.0,0.003439064128852625,0.0,0.046875,0.8039013147354126,9.472825454868987e-08,1.8945650909737974e-07,2.3100357055664062
12325,-2.8853414058685303,0.5645961995512684,0.19282501935958862,-2.2420852844327253,0.004326164722442627,0.004226948134601116,0.0034373236121609807,0.003876538365148008,0.004656034987419844,0.00521019552834332,0.005812870129011569,0.0,0.0,0.859375,0.140625,0.0,0.003546788753328657,0.0,,0.8715329170227051,7.252989914064693e-08,1.4505979828129386e-07,0.29963040351867676
12350,-2.900566816329956,0.5293629142521054,0.18488693237304688,-2.2957821962358325,0.004205911420285702,0.004109272733330727,0.003317569172941148,0.0037153373705223203,0.0045669322134926915,0.005212308606132865,0.005479425843805074,0.0,0.078125,0.78125,0.140625,0.0,0.0034795058807796614,0.0,,0.5689584016799927,5.3289551955809575e-08,1.0657910391161915e-07,0.3020963668823242
12375,-2.8439455032348633,0.6561517343727554,0.1888865828514099,-2.11074046782575,0.004259234294295311,0.004156389273703098,0.003244169824756682,0.0038031989242881536,0.004630440380424261,0.005362999113276601,0.005703809880651532,0.0,0.078125,0.703125,0.21875,0.0,0.003557646757227355,0.0,,0.6363362073898315,3.700797257012996e-08,7.401594514025993e-08,0.29563188552856445
12400,-2.8692870140075684,0.8051753178396165,0.20609599351882935,-1.9800380855641424,0.004457257688045502,0.004402901045978069,0.003452179138548672,0.003980172798037529,0.004825524520128965,0.00533807184547186,0.005918605253100394,0.0,0.015625,0.796875,0.1875,0.0,0.0036695525892799625,0.0,0.125,0.6985566020011902,2.3685803752504475e-08,4.737160750500895e-08,2.640922784805298
12425,-2.884779691696167,0.5685215387366929,0.19487622380256653,-2.236761471269258,0.00432325154542923,0.004211099818348885,0.003281419607810676,0.0037504988140426576,0.004824080504477024,0.005353146605193615,0.0061491848668083545,0.0,0.078125,0.734375,0.1875,0.0,0.003606932920548357,0.0,,0.7048088908195496,1.332357143932759e-08,2.664714287865518e-08,0.3046610355377197
12450,-2.876585006713867,0.8631856981638195,0.21880672872066498,-1.9241405557867761,0.004513943567872047,0.004398265853524208,0.003354389709420502,0.0036203853087499738,0.004946931730955839,0.005506641184911132,0.005922811035998165,0.0,0.015625,0.75,0.234375,0.03125,0.003708931918720329,0.015625,,0.7130914330482483,5.921684713791613e-09,1.1843369427583227e-08,0.2990756034851074
12475,-2.8792953491210938,0.6158062650612899,0.18959742784500122,-2.1861458064266137,0.004222801886498928,0.003996965475380421,0.003140159440226853,0.00346938130678609,0.004626901005394757,0.005602285917848349,0.0065383957698941205,0.0,0.0625,0.734375,0.203125,0.0,0.0035482790350198803,0.0,,0.7041625380516052,1.4804357897163482e-09,2.9608715794326963e-09,0.3005073070526123
12500,-2.8735594749450684,0.6977119664251761,0.19578580558300018,-2.0959797804653686,0.004287342075258493,0.004075075499713421,0.0031654526479542255,0.003687986230943352,0.004757065209560096,0.005572091601788998,0.0057218386325985195,0.0,0.09375,0.734375,0.171875,0.015625,0.0036147561332183433,0.015625,0.078125,1.1398814916610718,0.0,0.0,2.6789629459381104
